/* GENERATED by tools/gen_data.py from external/legoland.exe -- do not edit. */
/* [port] The original program's initialized data (.rdata + .data, 0x004ab000..0x004c2000) and the code that
   puts it into the port's globals at startup. See tools/gen_data.py. */
#include <windows.h>
#include <stdio.h>
#include <string.h>
#include "../src/legoland/balloonz.h"
#include "../src/legoland/binv.h"
#include "../src/legoland/bloke.h"
#include "../src/legoland/bloke_ai.h"
#include "../src/legoland/boating_school.h"
#include "../src/legoland/bricks.h"
#include "../src/legoland/build.h"
#include "../src/legoland/carousel.h"
#include "../src/legoland/castle.h"
#include "../src/legoland/castle_level.h"
#include "../src/legoland/catapult.h"
#include "../src/legoland/cdcheck.h"
#include "../src/legoland/certificate.h"
#include "../src/legoland/challenge.h"
#include "../src/legoland/clipping.h"
#include "../src/legoland/controller.h"
#include "../src/legoland/copters.h"
#include "../src/legoland/debug.h"
#include "../src/legoland/debug_alloc.h"
#include "../src/legoland/dialog.h"
#include "../src/legoland/draw.h"
#include "../src/legoland/driving_school.h"
#include "../src/legoland/earth_slide.h"
#include "../src/legoland/eatery.h"
#include "../src/legoland/entrance.h"
#include "../src/legoland/exceptlog.h"
#include "../src/legoland/fort.h"
#include "../src/legoland/freeplay.h"
#include "../src/legoland/game_util.h"
#include "../src/legoland/gamemain.h"
#include "../src/legoland/gamemap.h"
#include "../src/legoland/garden.h"
#include "../src/legoland/gfx.h"
#include "../src/legoland/globals.h"
#include "../src/legoland/gold_rush.h"
#include "../src/legoland/help.h"
#include "../src/legoland/icon.h"
#include "../src/legoland/image_sprite.h"
#include "../src/legoland/imports.h"
#include "../src/legoland/input.h"
#include "../src/legoland/interface.h"
#include "../src/legoland/joust.h"
#include "../src/legoland/jungle_cruise.h"
#include "../src/legoland/legoland.h"
#include "../src/legoland/llidb.h"
#include "../src/legoland/log_flume.h"
#include "../src/legoland/main.h"
#include "../src/legoland/man3d.h"
#include "../src/legoland/map_object.h"
#include "../src/legoland/mapscreen.h"
#include "../src/legoland/math.h"
#include "../src/legoland/mechanics_hut.h"
#include "../src/legoland/money.h"
#include "../src/legoland/movie_pool.h"
#include "../src/legoland/nerps.h"
#include "../src/legoland/obj_instance.h"
#include "../src/legoland/objclass.h"
#include "../src/legoland/objectives.h"
#include "../src/legoland/options.h"
#include "../src/legoland/path_control.h"
#include "../src/legoland/pathfind.h"
#include "../src/legoland/plane_ride.h"
#include "../src/legoland/popupinfo.h"
#include "../src/legoland/potting_shed.h"
#include "../src/legoland/power.h"
#include "../src/legoland/print_sprite.h"
#include "../src/legoland/profile.h"
#include "../src/legoland/profile_io.h"
#include "../src/legoland/progress.h"
#include "../src/legoland/pumps.h"
#include "../src/legoland/render.h"
#include "../src/legoland/render3d.h"
#include "../src/legoland/resource.h"
#include "../src/legoland/ride_bloke.h"
#include "../src/legoland/ride_queue.h"
#include "../src/legoland/roads.h"
#include "../src/legoland/safari_ride.h"
#include "../src/legoland/savegame_ui.h"
#include "../src/legoland/saveload.h"
#include "../src/legoland/screens.h"
#include "../src/legoland/setcustomcallbacks.h"
#include "../src/legoland/shops.h"
#include "../src/legoland/sound_music.h"
#include "../src/legoland/sound_sfx.h"
#include "../src/legoland/space_tower.h"
#include "../src/legoland/spider_ride.h"
#include "../src/legoland/spinning_barrels.h"
#include "../src/legoland/stream.h"
#include "../src/legoland/string.h"
#include "../src/legoland/temple.h"
#include "../src/legoland/temple_slide.h"
#include "../src/legoland/text.h"
#include "../src/legoland/tilemap.h"
#include "../src/legoland/timer.h"
#include "../src/legoland/title.h"
#include "../src/legoland/tooltip.h"
#include "../src/legoland/water_works.h"
#include "../src/legoland/western_town.h"
#include "../src/legoland/wndenv.h"
#include "../src/legoland/worker.h"
#include "../src/legoland/worker_mouse.h"
#include "port_data.h"

/* Symbols no header declares (callbacks only reached through these tables, TU-level globals). */
void AdjustGardenerCount();
void Bloke_DoNothing();
extern char CopterPathTable0[];
extern char CopterPathTable1[];
extern char CopterPathTable2[];
extern char CopterPathTable3[];
extern char CopterPathTable4[];
extern char DAT_004b4608[];
extern char DAT_004b47b8[];
extern char DAT_004b47e8[];
extern char DAT_004b9d44[];
void FUN_00423940();
void FUN_00423970();
void FUN_00423990();
void FUN_004275b0();
void FUN_004275c0();
void FUN_00427a40();
void FUN_00427a80();
void FUN_00427c30();
void FUN_00427c70();
void FUN_00427f70();
void FUN_00427ff0();
void FUN_004286e0();
void FUN_00429e20();
void FUN_0044ebf0();
void FUN_0044ed70();
void FUN_0044f170();
void FUN_0044f610();
void FUN_0044fe10();
void FUN_0044fe80();
void FUN_00450250();
void FUN_00450330();
void FUN_00450450();
void FUN_0046a120();
void FUN_0046a170();
void FUN_0046a1f0();
void FUN_0046a230();
void FUN_0046a300();
void FUN_0046a330();
void FUN_0046a350();
void FUN_0046a390();
void FUN_0046a3b0();
void FUN_0046a420();
void FUN_0046a440();
void FUN_0046a460();
void FUN_0046a480();
void FUN_0046a4a0();
void FUN_0046a4c0();
void FUN_0046a4e0();
void FUN_0046a4f0();
void FUN_0046a540();
void FUN_0046a5b0();
void FUN_0046a690();
void FUN_0046a750();
void FUN_0046a900();
void FUN_0046a960();
void FUN_0046aa30();
void FUN_0046aa70();
void FUN_0046aae0();
void FUN_0046ab70();
void FUN_0046abc0();
void FUN_0046abd0();
void FUN_0046ac00();
void FUN_0046ac50();
void FUN_0046ad00();
void FUN_0046ad30();
void FUN_0046ad60();
void FUN_0046ad90();
void FUN_0046adc0();
void FUN_0046adf0();
void FUN_0046ae20();
void FUN_0046ae30();
void FUN_0046ae40();
void FUN_0046ae70();
void FUN_0046af10();
void FUN_0046af60();
void FUN_0046afe0();
void FUN_0046b080();
void FUN_0046b0b0();
void FUN_0046b0c0();
void FUN_0046b100();
void FUN_0046b130();
void FUN_0046b180();
void FUN_0046b1e0();
void FUN_0046b1f0();
void FUN_00478840();
void FUN_00478870();
void FUN_00478890();
void FUN_00478930();
void FUN_00478980();
void FUN_004789c0();
void FUN_00478a00();
void FUN_00478a40();
void FUN_00478a80();
void FUN_00478ac0();
void FUN_00478b70();
void FUN_00478bc0();
void FUN_00478c60();
void FUN_00478cd0();
void FUN_00478d30();
void FUN_00478e20();
void FUN_00478e90();
void FUN_00478f00();
void FUN_00478fa0();
void FUN_00479060();
void FUN_00479120();
void FUN_004791a0();
void FUN_004791f0();
void FUN_00479270();
void FUN_00479300();
void FUN_00479390();
void FUN_004793e0();
void FUN_00479450();
void FUN_004794d0();
void FUN_00479550();
void FUN_004795c0();
void FUN_00479640();
void FUN_004796d0();
void FUN_00479740();
void FUN_004797b0();
void FUN_00479800();
void FUN_00479850();
void FUN_004798c0();
void FUN_00479930();
void FUN_00479980();
void FUN_004799d0();
void FUN_00479a20();
void FUN_00479a70();
void FUN_00479ac0();
void FUN_00479b10();
void FUN_00479c40();
void FUN_00479cb0();
void FUN_00479d00();
void FUN_00479d60();
void FUN_00479db0();
void FUN_00479e00();
void FUN_00479e80();
void FUN_00479ee0();
void FUN_00479f30();
void FUN_00479fa0();
void FUN_0047a020();
void FUN_0047a0b0();
void FUN_0047a140();
void FUN_0047a1d0();
void FUN_0047a2f0();
void FUN_0047a360();
void FUN_0047a3d0();
void FUN_0047a440();
void FUN_0047a500();
void FUN_0047a550();
void FUN_0047a5a0();
void FUN_0047a650();
void FUN_0047a6a0();
void FUN_0047a6f0();
void FUN_0047a7b0();
void FUN_0047a800();
void FUN_0047a860();
void FUN_0047a8a0();
void FUN_0047a8e0();
void FUN_0047a960();
void FUN_0047aa90();
void FUN_0047ab00();
void FUN_0047ab80();
void FUN_0047ac00();
void FUN_0047ac80();
void FUN_0047ace0();
void FUN_0047ad40();
void FUN_0047ada0();
void FUN_0047ae00();
void FUN_0047aea0();
void FUN_0047af50();
void FUN_0047af80();
void FUN_0049a4a0();
void FUN_0049a4d0();
void FlipFrame();
void Gardener_Build();
void Gardener_Idle();
void Garderner_Repair();
void GenerateWorkers();
void IsStringEmpty();
void LogFlumeHoldUpRemoveObject();
void Mechanic_Build();
void Mechanic_Idle();
void Mechanics_Repair();
void NerpsSetEntranceFee();
extern char PTR_FUN_004b7e38[];

#define PORT_DATA_VA 0x004ab000u
#define PORT_DATA_SIZE 0x17000u

static unsigned char port_data[PORT_DATA_SIZE] = {
    0xf0,0xd9,0x0a,0x00,0x00,0x00,0x00,0x00,0xf4,0xe3,0x0a,0x00,0xe2,0xe3,0x0a,0x00,0xd0,0xe3,0x0a,0x00,0xba,0xe3,0x0a,0x00,
    0xa6,0xe3,0x0a,0x00,0x8e,0xe3,0x0a,0x00,0x74,0xe3,0x0a,0x00,0x66,0xe3,0x0a,0x00,0x56,0xe3,0x0a,0x00,0x46,0xe3,0x0a,0x00,
    0x32,0xe3,0x0a,0x00,0x20,0xe3,0x0a,0x00,0x0e,0xe3,0x0a,0x00,0xfa,0xe2,0x0a,0x00,0xe8,0xe2,0x0a,0x00,0xda,0xe2,0x0a,0x00,
    0x00,0x00,0x00,0x00,0xb8,0xe1,0x0a,0x00,0x00,0x00,0x00,0x00,0xe2,0xe1,0x0a,0x00,0x00,0x00,0x00,0x00,0x01,0x00,0x00,0x80,
    0x00,0x00,0x00,0x00,0xc2,0xe0,0x0a,0x00,0x42,0xe1,0x0a,0x00,0xa0,0xdf,0x0a,0x00,0x2c,0xe1,0x0a,0x00,0xbc,0xdf,0x0a,0x00,
    0xc8,0xdf,0x0a,0x00,0xac,0xdf,0x0a,0x00,0xee,0xdf,0x0a,0x00,0xfe,0xdf,0x0a,0x00,0xde,0xdf,0x0a,0x00,0x1e,0xe0,0x0a,0x00,
    0x28,0xe0,0x0a,0x00,0x08,0xe0,0x0a,0x00,0x40,0xe0,0x0a,0x00,0x50,0xe0,0x0a,0x00,0x34,0xe0,0x0a,0x00,0x72,0xe0,0x0a,0x00,
    0x7e,0xe0,0x0a,0x00,0x60,0xe0,0x0a,0x00,0x9a,0xe0,0x0a,0x00,0xaa,0xe0,0x0a,0x00,0x8a,0xe0,0x0a,0x00,0xe4,0xe0,0x0a,0x00,
    0xf6,0xe0,0x0a,0x00,0x0c,0xe1,0x0a,0x00,0x18,0xe1,0x0a,0x00,0xd6,0xe0,0x0a,0x00,0x00,0xe1,0x0a,0x00,0x00,0x00,0x00,0x00,
    0x36,0xdd,0x0a,0x00,0x58,0xdd,0x0a,0x00,0x46,0xdd,0x0a,0x00,0x08,0xdd,0x0a,0x00,0x26,0xdd,0x0a,0x00,0x16,0xdd,0x0a,0x00,
    0xd2,0xdc,0x0a,0x00,0xee,0xdc,0x0a,0x00,0xe2,0xdc,0x0a,0x00,0x9e,0xdc,0x0a,0x00,0xc2,0xdc,0x0a,0x00,0xb0,0xdc,0x0a,0x00,
    0x5c,0xdc,0x0a,0x00,0x8e,0xdc,0x0a,0x00,0x78,0xdc,0x0a,0x00,0x2a,0xdc,0x0a,0x00,0x42,0xdc,0x0a,0x00,0x32,0xdc,0x0a,0x00,
    0xf2,0xdb,0x0a,0x00,0x1a,0xdc,0x0a,0x00,0x0c,0xdc,0x0a,0x00,0xae,0xdb,0x0a,0x00,0xde,0xdb,0x0a,0x00,0xc8,0xdb,0x0a,0x00,
    0x70,0xe7,0x0a,0x00,0xd8,0xda,0x0a,0x00,0xce,0xda,0x0a,0x00,0x04,0xdb,0x0a,0x00,0xb4,0xe6,0x0a,0x00,0xf6,0xda,0x0a,0x00,
    0x92,0xe6,0x0a,0x00,0x88,0xe6,0x0a,0x00,0x9e,0xe6,0x0a,0x00,0x6a,0xe6,0x0a,0x00,0x5a,0xe6,0x0a,0x00,0x7c,0xe6,0x0a,0x00,
    0x3c,0xe6,0x0a,0x00,0x2e,0xe6,0x0a,0x00,0x4a,0xe6,0x0a,0x00,0x0e,0xe6,0x0a,0x00,0x00,0xe6,0x0a,0x00,0x20,0xe6,0x0a,0x00,
    0xdc,0xe5,0x0a,0x00,0xc8,0xe5,0x0a,0x00,0xee,0xe5,0x0a,0x00,0xa6,0xe5,0x0a,0x00,0x92,0xe5,0x0a,0x00,0xb4,0xe5,0x0a,0x00,
    0x70,0xe5,0x0a,0x00,0x64,0xe5,0x0a,0x00,0x7e,0xe5,0x0a,0x00,0x4a,0xe5,0x0a,0x00,0x78,0xdb,0x0a,0x00,0x58,0xe5,0x0a,0x00,
    0x3a,0xe5,0x0a,0x00,0x2a,0xe5,0x0a,0x00,0x10,0xe5,0x0a,0x00,0x02,0xe5,0x0a,0x00,0xee,0xe4,0x0a,0x00,0xd6,0xe4,0x0a,0x00,
    0xbc,0xe4,0x0a,0x00,0x56,0xe7,0x0a,0x00,0x96,0xdb,0x0a,0x00,0x3a,0xe7,0x0a,0x00,0x28,0xe7,0x0a,0x00,0x88,0xdb,0x0a,0x00,
    0x16,0xe7,0x0a,0x00,0x06,0xe7,0x0a,0x00,0x6c,0xdb,0x0a,0x00,0x56,0xdb,0x0a,0x00,0x40,0xdb,0x0a,0x00,0x30,0xdb,0x0a,0x00,
    0x20,0xdb,0x0a,0x00,0x12,0xdb,0x0a,0x00,0xf6,0xe6,0x0a,0x00,0xe6,0xe6,0x0a,0x00,0xd4,0xe6,0x0a,0x00,0xc4,0xe6,0x0a,0x00,
    0x80,0xda,0x0a,0x00,0x68,0xda,0x0a,0x00,0x90,0xda,0x0a,0x00,0x6a,0xe4,0x0a,0x00,0x5e,0xe4,0x0a,0x00,0x8a,0xe7,0x0a,0x00,
    0xa2,0xe7,0x0a,0x00,0x98,0xe4,0x0a,0x00,0xa4,0xe4,0x0a,0x00,0xe6,0xda,0x0a,0x00,0x88,0xe4,0x0a,0x00,0x76,0xe4,0x0a,0x00,
    0xc2,0xda,0x0a,0x00,0xb6,0xda,0x0a,0x00,0xa4,0xda,0x0a,0x00,0xd0,0xe7,0x0a,0x00,0xbc,0xe7,0x0a,0x00,0x5c,0xda,0x0a,0x00,
    0x4e,0xda,0x0a,0x00,0x40,0xda,0x0a,0x00,0x32,0xda,0x0a,0x00,0x26,0xda,0x0a,0x00,0x0e,0xda,0x0a,0x00,0xe2,0xe7,0x0a,0x00,
    0x00,0x00,0x00,0x00,0x74,0xe2,0x0a,0x00,0xb4,0xe2,0x0a,0x00,0xa0,0xe2,0x0a,0x00,0x84,0xe2,0x0a,0x00,0x52,0xe2,0x0a,0x00,
    0x64,0xe2,0x0a,0x00,0x00,0x00,0x00,0x00,0x20,0xdf,0x0a,0x00,0x44,0xdf,0x0a,0x00,0x7c,0xdd,0x0a,0x00,0x88,0xdd,0x0a,0x00,
    0x96,0xdd,0x0a,0x00,0xa6,0xdd,0x0a,0x00,0xb4,0xdd,0x0a,0x00,0xc2,0xdd,0x0a,0x00,0xce,0xdd,0x0a,0x00,0xda,0xdd,0x0a,0x00,
    0x0e,0xde,0x0a,0x00,0xf2,0xdd,0x0a,0x00,0x02,0xde,0x0a,0x00,0x40,0xde,0x0a,0x00,0x1e,0xde,0x0a,0x00,0x32,0xde,0x0a,0x00,
    0x74,0xde,0x0a,0x00,0x4e,0xde,0x0a,0x00,0x60,0xde,0x0a,0x00,0xa2,0xde,0x0a,0x00,0x88,0xde,0x0a,0x00,0x96,0xde,0x0a,0x00,
    0xd6,0xde,0x0a,0x00,0xb4,0xde,0x0a,0x00,0xc4,0xde,0x0a,0x00,0x02,0xdf,0x0a,0x00,0xe4,0xde,0x0a,0x00,0xf4,0xde,0x0a,0x00,
    0x80,0xdf,0x0a,0x00,0x0e,0xdf,0x0a,0x00,0x52,0xdf,0x0a,0x00,0x6c,0xdf,0x0a,0x00,0x60,0xdf,0x0a,0x00,0x32,0xdf,0x0a,0x00,
    0x00,0x00,0x00,0x00,0x2c,0xe2,0x0a,0x00,0x16,0xe2,0x0a,0x00,0x04,0xe2,0x0a,0x00,0x00,0x00,0x00,0x00,0x9e,0xe1,0x0a,0x00,
    0x7e,0xe1,0x0a,0x00,0x70,0xe1,0x0a,0x00,0x5e,0xe1,0x0a,0x00,0x8e,0xe1,0x0a,0x00,0x00,0x00,0x00,0x00,0x40,0xe4,0x0a,0x00,
    0x00,0x00,0x00,0x00,0x26,0xe4,0x0a,0x00,0x12,0xe4,0x0a,0x00,0x00,0x00,0x00,0x00,0x00,0x00,0x00,0x00,0x00,0x00,0x00,0x00,
    0x00,0x00,0x00,0x00,0x4d,0xf0,0xed,0x38,0x00,0x00,0x00,0x00,0x02,0x00,0x00,0x00,0x29,0x00,0x00,0x00,0x00,0x00,0x00,0x00,
    0x00,0x40,0x0c,0x00,0x00,0x00,0x80,0xc7,0x81,0x80,0x80,0x3b,0x00,0x00,0x00,0x44,0x00,0x00,0x40,0xc3,0x00,0x00,0x80,0x3f,
    0x00,0x00,0x00,0x00,0x00,0x00,0x40,0x3f,0x00,0x00,0x00,0x00,0x00,0x00,0xe0,0x3f,0x9a,0x99,0x99,0x99,0x99,0x99,0xe9,0x3f,
    0x00,0x00,0x00,0x00,0x00,0x00,0xf0,0x3f,0x00,0x00,0x00,0x00,0x00,0x00,0x25,0x40,0x00,0x00,0x10,0x41,0xcd,0xcc,0x4c,0x3d,
    0xcd,0xcc,0x4c,0x3e,0x00,0x00,0x20,0x41,0x00,0x00,0xa0,0x40,0x00,0x00,0xf0,0x42,0x00,0x00,0x00,0x3f,0x00,0x00,0x80,0x40,
    0x00,0x00,0x00,0x40,0xdb,0x0f,0xc9,0x40,0x5d,0x0b,0x36,0xbb,0x00,0x00,0x34,0x42,0x00,0x00,0xb4,0x41,0x00,0x00,0x34,0x43,
    0x00,0x00,0x20,0x44,0x35,0xfa,0x8e,0x3c,0xcd,0xcc,0x4c,0x3c,0x00,0x00,0x80,0x41,0xf4,0x1f,0x29,0x36,0xa9,0x13,0xd0,0x3a,
    0x9a,0x99,0x99,0x99,0x99,0x99,0xa9,0x3f,0x00,0x00,0x80,0x00,0x00,0x00,0x00,0x00,0xfc,0xa9,0xf1,0xd2,0x4d,0x62,0x50,0x3f,
    0x00,0x00,0x8c,0x42,0xbd,0x37,0x86,0x35,0xcd,0xcc,0x4c,0x3f,0x6f,0x12,0x83,0x3a,0xcd,0xcc,0xcc,0x3d,0x83,0xdd,0xb0,0xba,
    0xab,0xaa,0xaa,0x3e,0x00,0x00,0x40,0x40,0x08,0x21,0x04,0x3d,0x00,0x00,0xf8,0x41,0x00,0x00,0x00,0x3d,0x89,0x88,0x08,0x3d,
    0x00,0x00,0x00,0xc0,0x83,0xc0,0xca,0x3d,0x00,0x00,0xc0,0xc0,0x00,0x00,0xa0,0x41,0x00,0x00,0x00,0x00,0x00,0x00,0x00,0x40,
    0x00,0x00,0x80,0xbf,0x00,0x00,0x80,0x3c,0xa6,0x0a,0x86,0x3f,0x66,0x66,0xe6,0x3f,0x9a,0x99,0x99,0x99,0x99,0x99,0xb9,0xbf,
    0x00,0x00,0xc0,0x3f,0x00,0x00,0x00,0x00,0x9a,0x99,0x99,0x99,0x99,0x99,0xc9,0x3f,0x33,0x33,0x03,0x41,0x00,0x00,0x20,0x40,
    0x0a,0xd7,0xa3,0x3b,0x00,0x00,0x80,0x47,0x00,0x00,0x44,0x43,0x00,0x00,0x00,0x00,0x00,0x00,0x00,0x00,0x00,0x00,0x3c,0x40,
    0x00,0x00,0x00,0x00,0x00,0x00,0x4c,0xc0,0x2f,0xdd,0xe4,0x3e,0x00,0x00,0x87,0x43,0x00,0x00,0xa0,0x43,0x00,0x00,0x00,0x00,
    0x00,0x00,0x00,0x00,0x00,0x00,0x00,0x00,0x00,0x00,0x00,0x00,0x00,0x00,0xc0,0x40,0x00,0x00,0x40,0x47,0x00,0x00,0x00,0x00,
    0xff,0xff,0xff,0xff,0x6d,0x3d,0x45,0x00,0x7f,0x3d,0x45,0x00,0x00,0x00,0x00,0x00,0xff,0xff,0xff,0xff,0xd3,0x40,0x45,0x00,
    0xd9,0x40,0x45,0x00,0xff,0xff,0xff,0xff,0x41,0x42,0x45,0x00,0x47,0x42,0x45,0x00,0xff,0xff,0xff,0xff,0xdb,0x44,0x45,0x00,
    0xe1,0x44,0x45,0x00,0x00,0x00,0x00,0x37,0x0a,0xd7,0x23,0x3c,0x17,0xb7,0x51,0x38,0x00,0x00,0x00,0x00,0x00,0x00,0xd0,0x3f,
    0x00,0x00,0x7a,0x44,0x00,0x00,0x80,0x43,0x68,0x4f,0x9e,0x73,0x30,0x5f,0x44,0x40,0x00,0x00,0x00,0x00,0x00,0x00,0x70,0x40,
    0x00,0x00,0x00,0x46,0x00,0x00,0x00,0x00,0x00,0x00,0x00,0x00,0x00,0x00,0xc0,0x3f,0x00,0x00,0x80,0x3b,0x00,0x00,0x7f,0x43,
    0x00,0x00,0x00,0x00,0x00,0x00,0xf0,0x40,0x18,0x00,0x00,0x00,0x10,0x00,0x00,0x00,0x02,0x00,0x00,0x00,0x00,0x01,0x00,0x00,
    0x00,0x01,0x00,0x00,0x30,0xd3,0x49,0x00,0x18,0x00,0x00,0x00,0x10,0x00,0x00,0x00,0x02,0x00,0x00,0x00,0x10,0x00,0x00,0x00,
    0x07,0x00,0x00,0x00,0x30,0xe3,0x49,0x00,0xbc,0xf8,0x82,0x1a,0x8b,0x3f,0xd2,0x11,0xb7,0x74,0x00,0x60,0x08,0x33,0x16,0xc1,
    0x60,0x27,0x26,0x1d,0x57,0xe9,0xcf,0x11,0xa5,0xd6,0x28,0xdb,0x04,0xc1,0x00,0x00,0x85,0x46,0xf5,0x28,0xfd,0x06,0xd2,0x11,
    0xb2,0x7a,0x00,0xa0,0xc9,0x22,0x31,0x96,0xd1,0x94,0x88,0xd3,0x52,0xc0,0xd2,0x11,0x87,0x2f,0x00,0x60,0x08,0x93,0xb1,0xbd,
    0xe0,0xca,0xc2,0x6f,0x78,0xbc,0xd2,0x11,0xaf,0xa6,0x00,0xaa,0x00,0x24,0xd8,0xb6,0xc0,0x28,0xac,0xd2,0x9b,0xb3,0xd1,0x11,
    0x87,0x04,0x00,0x60,0x08,0x93,0xb1,0xbd,0xbf,0x28,0xac,0xd2,0x9b,0xb3,0xd1,0x11,0x87,0x04,0x00,0x60,0x08,0x93,0xb1,0xbd,
    0xbe,0x28,0xac,0xd2,0x9b,0xb3,0xd1,0x11,0x87,0x04,0x00,0x60,0x08,0x93,0xb1,0xbd,0xbd,0x28,0xac,0xd2,0x9b,0xb3,0xd1,0x11,
    0x87,0x04,0x00,0x60,0x08,0x93,0xb1,0xbd,0x77,0xc2,0xef,0x2b,0x97,0x54,0xd2,0x11,0xbc,0xcb,0x00,0xa0,0xc9,0x22,0xe6,0xeb,
    0xba,0x28,0xac,0xd2,0x9b,0xb3,0xd1,0x11,0x87,0x04,0x00,0x60,0x08,0x93,0xb1,0xbd,0x03,0x3d,0xd4,0x07,0x23,0x65,0xd2,0x11,
    0x87,0x1d,0x00,0x60,0x08,0x93,0xb1,0xbd,0xa1,0x29,0x60,0xf9,0x82,0x42,0xd2,0x11,0x87,0x17,0x00,0x60,0x08,0x93,0xb1,0xbd,
    0xc7,0xdc,0xaf,0xa3,0xee,0xd3,0xd1,0x11,0xbc,0x8d,0x00,0xa0,0xc9,0x22,0xe6,0xeb,0xa2,0x29,0x60,0xf9,0x82,0x42,0xd2,0x11,
    0x87,0x17,0x00,0x60,0x08,0x93,0xb1,0xbd,0xb5,0x28,0xac,0xd2,0x9b,0xb3,0xd1,0x11,0x87,0x04,0x00,0x60,0x08,0x93,0xb1,0xbd,
    0x44,0x48,0xa0,0x68,0x3d,0xd1,0xd1,0x11,0xaf,0xa6,0x00,0xaa,0x00,0x24,0xd8,0xb6,0xa2,0xac,0xfa,0x2f,0xca,0x5d,0xd2,0x11,
    0xaf,0xa6,0x00,0xaa,0x00,0x24,0xd8,0xb6,0x73,0x86,0x7e,0xf1,0xb4,0xc3,0xd1,0x11,0x87,0x0b,0x00,0x60,0x08,0x93,0xb1,0xbd,
    0x5b,0x56,0x09,0xfb,0x31,0x36,0xd2,0x11,0xbc,0xb8,0x00,0xa0,0xc9,0x22,0xe6,0xeb,0xb2,0x28,0xac,0xd2,0x9b,0xb3,0xd1,0x11,
    0x87,0x04,0x00,0x60,0x08,0x93,0xb1,0xbd,0xb1,0x28,0xac,0xd2,0x9b,0xb3,0xd1,0x11,0x87,0x04,0x00,0x60,0x08,0x93,0xb1,0xbd,
    0xb0,0x28,0xac,0xd2,0x9b,0xb3,0xd1,0x11,0x87,0x04,0x00,0x60,0x08,0x93,0xb1,0xbd,0xa5,0x6f,0xb7,0x65,0x37,0xff,0xd2,0x11,
    0x81,0x4e,0x00,0xc0,0x4f,0xa3,0x6e,0x58,0x7e,0x70,0xfc,0x45,0xb4,0x1d,0xd2,0x11,0xbc,0xac,0x00,0xa0,0xc9,0x22,0xe6,0xeb,
    0x7d,0x70,0xfc,0x45,0xb4,0x1d,0xd2,0x11,0xbc,0xac,0x00,0xa0,0xc9,0x22,0xe6,0xeb,0x7c,0x70,0xfc,0x45,0xb4,0x1d,0xd2,0x11,
    0xbc,0xac,0x00,0xa0,0xc9,0x22,0xe6,0xeb,0x7b,0x70,0xfc,0x45,0xb4,0x1d,0xd2,0x11,0xbc,0xac,0x00,0xa0,0xc9,0x22,0xe6,0xeb,
    0x75,0x10,0x62,0x06,0x2e,0xe9,0xd1,0x11,0xa8,0xc5,0x00,0xc0,0x4f,0xa3,0x72,0x6e,0xab,0x28,0xac,0xd2,0x9b,0xb3,0xd1,0x11,
    0x87,0x04,0x00,0x60,0x08,0x93,0xb1,0xbd,0xaa,0x28,0xac,0xd2,0x9b,0xb3,0xd1,0x11,0x87,0x04,0x00,0x60,0x08,0x93,0xb1,0xbd,
    0xa9,0x28,0xac,0xd2,0x9b,0xb3,0xd1,0x11,0x87,0x04,0x00,0x60,0x08,0x93,0xb1,0xbd,0x6b,0xae,0xb1,0x1d,0x2e,0xe9,0xd1,0x11,
    0xa8,0xc5,0x00,0xc0,0x4f,0xa3,0x72,0x6e,0xa8,0x28,0xac,0xd2,0x9b,0xb3,0xd1,0x11,0x87,0x04,0x00,0x60,0x08,0x93,0xb1,0xbd,
    0xa7,0x28,0xac,0xd2,0x9b,0xb3,0xd1,0x11,0x87,0x04,0x00,0x60,0x08,0x93,0xb1,0xbd,0xaf,0x28,0xac,0xd2,0x9b,0xb3,0xd1,0x11,
    0x87,0x04,0x00,0x60,0x08,0x93,0xb1,0xbd,0xad,0x28,0xac,0xd2,0x9b,0xb3,0xd1,0x11,0x87,0x04,0x00,0x60,0x08,0x93,0xb1,0xbd,
    0xac,0x28,0xac,0xd2,0x9b,0xb3,0xd1,0x11,0x87,0x04,0x00,0x60,0x08,0x93,0xb1,0xbd,0xa5,0x28,0xac,0xd2,0x9b,0xb3,0xd1,0x11,
    0x87,0x04,0x00,0x60,0x08,0x93,0xb1,0xbd,0xa4,0x28,0xac,0xd2,0x9b,0xb3,0xd1,0x11,0x87,0x04,0x00,0x60,0x08,0x93,0xb1,0xbd,
    0xa1,0x28,0xac,0xd2,0x9b,0xb3,0xd1,0x11,0x87,0x04,0x00,0x60,0x08,0x93,0xb1,0xbd,0x9f,0x28,0xac,0xd2,0x9b,0xb3,0xd1,0x11,
    0x87,0x04,0x00,0x60,0x08,0x93,0xb1,0xbd,0x9e,0x28,0xac,0xd2,0x9b,0xb3,0xd1,0x11,0x87,0x04,0x00,0x60,0x08,0x93,0xb1,0xbd,
    0xf7,0x7e,0xf9,0x28,0x38,0x95,0xd2,0x11,0x97,0xa9,0x00,0xc0,0x4f,0xa3,0x6e,0x58,0x9d,0x28,0xac,0xd2,0x9b,0xb3,0xd1,0x11,
    0x87,0x04,0x00,0x60,0x08,0x93,0xb1,0xbd,0x9c,0x28,0xac,0xd2,0x9b,0xb3,0xd1,0x11,0x87,0x04,0x00,0x60,0x08,0x93,0xb1,0xbd,
    0x9b,0x28,0xac,0xd2,0x9b,0xb3,0xd1,0x11,0x87,0x04,0x00,0x60,0x08,0x93,0xb1,0xbd,0x9a,0x28,0xac,0xd2,0x9b,0xb3,0xd1,0x11,
    0x87,0x04,0x00,0x60,0x08,0x93,0xb1,0xbd,0xc5,0x5b,0xf7,0x81,0x5d,0x4e,0xd2,0x11,0xbc,0xc7,0x00,0xa0,0xc9,0x22,0xe6,0xeb,
    0x99,0x28,0xac,0xd2,0x9b,0xb3,0xd1,0x11,0x87,0x04,0x00,0x60,0x08,0x93,0xb1,0xbd,0x93,0x28,0xac,0xd2,0x9b,0xb3,0xd1,0x11,
    0x87,0x04,0x00,0x60,0x08,0x93,0xb1,0xbd,0x98,0x28,0xac,0xd2,0x9b,0xb3,0xd1,0x11,0x87,0x04,0x00,0x60,0x08,0x93,0xb1,0xbd,
    0x96,0x28,0xac,0xd2,0x9b,0xb3,0xd1,0x11,0x87,0x04,0x00,0x60,0x08,0x93,0xb1,0xbd,0x00,0x9e,0xba,0x79,0xee,0xb6,0xd1,0x11,
    0x86,0xbe,0x00,0xc0,0x4f,0xbf,0x8f,0xef,0x94,0x28,0xac,0xd2,0x9b,0xb3,0xd1,0x11,0x87,0x04,0x00,0x60,0x08,0x93,0xb1,0xbd,
    0x92,0x28,0xac,0xd2,0x9b,0xb3,0xd1,0x11,0x87,0x04,0x00,0x60,0x08,0x93,0xb1,0xbd,0x72,0x86,0x7e,0xf1,0xb4,0xc3,0xd1,0x11,
    0x87,0x0b,0x00,0x60,0x08,0x93,0xb1,0xbd,0x90,0x28,0xac,0xd2,0x9b,0xb3,0xd1,0x11,0x87,0x04,0x00,0x60,0x08,0x93,0xb1,0xbd,
    0x8f,0x28,0xac,0xd2,0x9b,0xb3,0xd1,0x11,0x87,0x04,0x00,0x60,0x08,0x93,0xb1,0xbd,0x8e,0x28,0xac,0xd2,0x9b,0xb3,0xd1,0x11,
    0x87,0x04,0x00,0x60,0x08,0x93,0xb1,0xbd,0x8d,0x28,0xac,0xd2,0x9b,0xb3,0xd1,0x11,0x87,0x04,0x00,0x60,0x08,0x93,0xb1,0xbd,
    0x8c,0x28,0xac,0xd2,0x9b,0xb3,0xd1,0x11,0x87,0x04,0x00,0x60,0x08,0x93,0xb1,0xbd,0x8b,0x28,0xac,0xd2,0x9b,0xb3,0xd1,0x11,
    0x87,0x04,0x00,0x60,0x08,0x93,0xb1,0xbd,0x8a,0x28,0xac,0xd2,0x9b,0xb3,0xd1,0x11,0x87,0x04,0x00,0x60,0x08,0x93,0xb1,0xbd,
    0x88,0x28,0xac,0xd2,0x9b,0xb3,0xd1,0x11,0x87,0x04,0x00,0x60,0x08,0x93,0xb1,0xbd,0x87,0x28,0xac,0xd2,0x9b,0xb3,0xd1,0x11,
    0x87,0x04,0x00,0x60,0x08,0x93,0xb1,0xbd,0x86,0x28,0xac,0xd2,0x9b,0xb3,0xd1,0x11,0x87,0x04,0x00,0x60,0x08,0x93,0xb1,0xbd,
    0x85,0x28,0xac,0xd2,0x9b,0xb3,0xd1,0x11,0x87,0x04,0x00,0x60,0x08,0x93,0xb1,0xbd,0x84,0x28,0xac,0xd2,0x9b,0xb3,0xd1,0x11,
    0x87,0x04,0x00,0x60,0x08,0x93,0xb1,0xbd,0x83,0x28,0xac,0xd2,0x9b,0xb3,0xd1,0x11,0x87,0x04,0x00,0x60,0x08,0x93,0xb1,0xbd,
    0x82,0x28,0xac,0xd2,0x9b,0xb3,0xd1,0x11,0x87,0x04,0x00,0x60,0x08,0x93,0xb1,0xbd,0x81,0x28,0xac,0xd2,0x9b,0xb3,0xd1,0x11,
    0x87,0x04,0x00,0x60,0x08,0x93,0xb1,0xbd,0x25,0xae,0xdf,0xfe,0x6e,0xe4,0xd1,0x11,0xaa,0xce,0x00,0x00,0xf8,0x75,0xac,0x12,
    0xc2,0xcd,0xa7,0xcf,0xa1,0x00,0xd2,0x11,0xaa,0xd5,0x00,0x00,0xf8,0x75,0xac,0x12,0x11,0xd6,0xa8,0xcd,0x4a,0x68,0xd2,0x11,
    0x87,0x1e,0x00,0x60,0x08,0x93,0xb1,0xbd,0x22,0x56,0xcb,0x04,0xe5,0x32,0xd2,0x11,0xaf,0xa6,0x00,0xaa,0x00,0x24,0xd8,0xb6,
    0x28,0x2f,0x8f,0x17,0x64,0xc3,0xd1,0x11,0xa7,0x60,0x00,0x00,0xf8,0x75,0xac,0x12,0xa1,0x0f,0x8a,0x26,0xf2,0x60,0xd2,0x11,
    0xaf,0xa6,0x00,0xaa,0x00,0x24,0xd8,0xb6,0xa0,0x0f,0x8a,0x26,0xf2,0x60,0xd2,0x11,0xaf,0xa6,0x00,0xaa,0x00,0x24,0xd8,0xb6,
    0x13,0xf7,0x91,0x2a,0xbf,0xa4,0xd2,0x11,0xbb,0xdf,0x00,0x60,0x08,0x33,0xdb,0xd8,0x28,0x2f,0x8f,0x17,0x64,0xc3,0xd1,0x11,
    0xa7,0x60,0x00,0x00,0xf8,0x75,0xac,0x12,0x45,0x78,0xa9,0x0a,0x77,0xc8,0xd1,0x11,0x87,0x0c,0x00,0x60,0x08,0x93,0xb1,0xbd,
    0x44,0x78,0xa9,0x0a,0x77,0xc8,0xd1,0x11,0x87,0x0c,0x00,0x60,0x08,0x93,0xb1,0xbd,0x72,0xd3,0x5f,0x86,0x67,0x9f,0xd2,0x11,
    0x87,0x2a,0x00,0x60,0x08,0x93,0xb1,0xbd,0xe5,0x99,0x45,0xf1,0x89,0x46,0xd2,0x11,0xaf,0xa6,0x00,0xaa,0x00,0x24,0xd8,0xb6,
    0x27,0x2f,0x8f,0x17,0x64,0xc3,0xd1,0x11,0xa7,0x60,0x00,0x00,0xf8,0x75,0xac,0x12,0xa2,0xab,0x96,0x64,0xb0,0x61,0xd2,0x11,
    0xaf,0xa6,0x00,0xaa,0x00,0x24,0xd8,0xb6,0xa1,0xab,0x96,0x64,0xb0,0x61,0xd2,0x11,0xaf,0xa6,0x00,0xaa,0x00,0x24,0xd8,0xb6,
    0x26,0x2f,0x8f,0x17,0x64,0xc3,0xd1,0x11,0xa7,0x60,0x00,0x00,0xf8,0x75,0xac,0x12,0x25,0x2f,0x8f,0x17,0x64,0xc3,0xd1,0x11,
    0xa7,0x60,0x00,0x00,0xf8,0x75,0xac,0x12,0x24,0x2f,0x8f,0x17,0x64,0xc3,0xd1,0x11,0xa7,0x60,0x00,0x00,0xf8,0x75,0xac,0x12,
    0xe1,0xca,0xc2,0x6f,0x78,0xbc,0xd2,0x11,0xaf,0xa6,0x00,0xaa,0x00,0x24,0xd8,0xb6,0x7e,0x28,0xac,0xd2,0x9b,0xb3,0xd1,0x11,
    0x87,0x04,0x00,0x60,0x08,0x93,0xb1,0xbd,0x7d,0x28,0xac,0xd2,0x9b,0xb3,0xd1,0x11,0x87,0x04,0x00,0x60,0x08,0x93,0xb1,0xbd,
    0x7c,0x28,0xac,0xd2,0x9b,0xb3,0xd1,0x11,0x87,0x04,0x00,0x60,0x08,0x93,0xb1,0xbd,0x7b,0x28,0xac,0xd2,0x9b,0xb3,0xd1,0x11,
    0x87,0x04,0x00,0x60,0x08,0x93,0xb1,0xbd,0x7a,0x28,0xac,0xd2,0x9b,0xb3,0xd1,0x11,0x87,0x04,0x00,0x60,0x08,0x93,0xb1,0xbd,
    0xe7,0x53,0xd1,0xce,0x06,0x36,0xd2,0x11,0xb9,0xf9,0x00,0x00,0xf8,0x75,0xac,0x12,0xc9,0xd8,0xf2,0x08,0xc2,0x37,0xd2,0x11,
    0xb9,0xf9,0x00,0x00,0xf8,0x75,0xac,0x12,0x78,0x28,0xac,0xd2,0x9b,0xb3,0xd1,0x11,0x87,0x04,0x00,0x60,0x08,0x93,0xb1,0xbd,
    0x5a,0x11,0x36,0x65,0x2d,0x7b,0xd2,0x11,0xba,0x18,0x00,0x00,0xf8,0x75,0xac,0x12,0xd0,0xb4,0xc2,0x58,0xe7,0x46,0xd1,0x11,
    0x89,0xac,0x00,0xa0,0xc9,0x05,0x41,0x29,0xb0,0xf4,0x0f,0x48,0xb2,0x28,0xd1,0x11,0xbe,0xf7,0x00,0xc0,0x4f,0xbf,0x8f,0xef,
    0x10,0x9f,0x6b,0x63,0x7d,0x0c,0xd1,0x11,0x95,0xb2,0x00,0x20,0xaf,0xdc,0x74,0x21,0x97,0x68,0xa8,0x56,0xd4,0x0a,0xce,0x11,
    0xb0,0x3a,0x00,0x20,0xaf,0x0b,0xa7,0x70,0x42,0x33,0x41,0xc2,0x1b,0x1c,0xd2,0x11,0x94,0xf5,0x00,0xc0,0x4f,0xc2,0x8a,0xca,
    0x40,0x33,0x41,0xc2,0x1b,0x1c,0xd2,0x11,0x94,0xf5,0x00,0xc0,0x4f,0xc2,0x8a,0xca,0x3f,0x33,0x41,0xc2,0x1b,0x1c,0xd2,0x11,
    0x94,0xf5,0x00,0xc0,0x4f,0xc2,0x8a,0xca,0x30,0xac,0xef,0x31,0x5c,0x51,0xd0,0x11,0xa9,0xaa,0x00,0xaa,0x00,0x61,0xbe,0x93,
    0x83,0x07,0x21,0xb0,0xcd,0x89,0xd0,0x11,0xaf,0x08,0x00,0xa0,0xc9,0x25,0xcd,0x16,0x82,0x07,0x21,0xb0,0xcd,0x89,0xd0,0x11,
    0xaf,0x08,0x00,0xa0,0xc9,0x25,0xcd,0x16,0x81,0x07,0x21,0xb0,0xcd,0x89,0xd0,0x11,0xaf,0x08,0x00,0xa0,0xc9,0x25,0xcd,0x16,
    0x86,0xfa,0x9a,0x27,0x81,0x49,0xce,0x11,0xa5,0x21,0x00,0x20,0xaf,0x0b,0xe5,0x60,0x84,0xfa,0x9a,0x27,0x81,0x49,0xce,0x11,
    0xa5,0x21,0x00,0x20,0xaf,0x0b,0xe5,0x60,0x85,0xfa,0x9a,0x27,0x81,0x49,0xce,0x11,0xa5,0x21,0x00,0x20,0xaf,0x0b,0xe5,0x60,
    0x83,0xfa,0x9a,0x27,0x81,0x49,0xce,0x11,0xa5,0x21,0x00,0x20,0xaf,0x0b,0xe5,0x60,0x80,0x07,0x21,0xb0,0xcd,0x89,0xd0,0x11,
    0xaf,0x08,0x00,0xa0,0xc9,0x25,0xcd,0x16,0x46,0xd9,0xd4,0x47,0xe8,0x62,0xcf,0x11,0x93,0xbc,0x44,0x45,0x53,0x54,0x00,0x00,
    0x00,0xce,0xf0,0xf2,0xaf,0xe0,0xcf,0x11,0x9c,0x4e,0x00,0xa0,0xc9,0x05,0x42,0x5e,0x41,0x45,0x52,0xe4,0xa5,0x8e,0xd1,0x11,
    0x8a,0x96,0x00,0x60,0x97,0xb0,0x14,0x11,0xa0,0x32,0x32,0xe6,0xbf,0x9d,0xd0,0x11,0x9c,0xc1,0x00,0xa0,0xc9,0x05,0x42,0x5e,
    0xa0,0x4d,0xa5,0xc4,0xaf,0xe0,0xcf,0x11,0x9c,0x4e,0x00,0xa0,0xc9,0x05,0x42,0x5e,0xe0,0x92,0xfd,0x01,0xff,0xa2,0xd0,0x11,
    0x9c,0x4f,0x00,0xa0,0xc9,0x05,0x42,0x5e,0x00,0xc2,0xdc,0xf6,0xfe,0xa2,0xd0,0x11,0x9c,0x4f,0x00,0xa0,0xc9,0x05,0x42,0x5e,
    0x70,0x7a,0x5a,0xba,0xbf,0x9d,0xd0,0x11,0x9c,0xc1,0x00,0xa0,0xc9,0x05,0x42,0x5e,0xa0,0x89,0xec,0x78,0xaf,0xe0,0xcf,0x11,
    0x9c,0x4e,0x00,0xa0,0xc9,0x05,0x42,0x5e,0x40,0x56,0xb9,0x59,0x67,0x96,0xd0,0x11,0xa7,0x7d,0x00,0x00,0xf8,0x03,0xab,0xfc,
    0xc0,0x16,0xd9,0x07,0xaf,0xe0,0xcf,0x11,0x9c,0x4e,0x00,0xa0,0xc9,0x05,0x42,0x5e,0x60,0xf5,0x18,0x13,0x2c,0x91,0xd0,0x11,
    0x9d,0xaa,0x00,0xa0,0xc9,0x0a,0x43,0xcb,0x00,0x40,0x78,0x48,0x19,0xd2,0xd0,0x11,0xba,0x39,0x00,0xc0,0x4f,0xd7,0xed,0x67,
    0x22,0x93,0x31,0xb4,0x0d,0xd2,0xd0,0x11,0xba,0x39,0x00,0xc0,0x4f,0xd7,0xed,0x67,0xa0,0x20,0x69,0xf5,0x18,0xd2,0xd0,0x11,
    0xba,0x39,0x00,0xc0,0x4f,0xd7,0xed,0x67,0xa1,0xcd,0x2c,0x76,0x16,0xd9,0xd0,0x11,0xba,0x39,0x00,0xc0,0x4f,0xd7,0xed,0x67,
    0x10,0xf8,0xe8,0x2f,0xa5,0xb2,0xd0,0x11,0xa7,0x87,0x00,0x00,0xf8,0x03,0xab,0xfc,0x91,0x24,0xb7,0x2d,0x2c,0x65,0xd1,0x11,
    0xa7,0xa8,0x00,0x00,0xf8,0x03,0xab,0xfc,0x90,0x24,0xb7,0x2d,0x2c,0x65,0xd1,0x11,0xa7,0xa8,0x00,0x00,0xf8,0x03,0xab,0xfc,
    0x80,0xaf,0xb4,0x1b,0x03,0xa3,0xd0,0x11,0x9c,0x4f,0x00,0xa0,0xc9,0x05,0x42,0x5e,0x20,0xc2,0x94,0x01,0x03,0xa3,0xd0,0x11,
    0x9c,0x4f,0x00,0xa0,0xc9,0x05,0x42,0x5e,0x70,0x6a,0xc6,0x26,0x67,0xb3,0xcf,0x11,0xa0,0x24,0x00,0xaa,0x00,0x61,0x57,0xac,
    0x71,0x5c,0x46,0xaf,0x88,0x95,0xcf,0x11,0xa0,0x20,0x00,0xaa,0x00,0x61,0x57,0xac,0xa0,0xe9,0x54,0x54,0x65,0xdb,0xce,0x11,
    0x92,0x1c,0x00,0xaa,0x00,0x6c,0x49,0x72,0x60,0xa7,0xea,0x44,0x68,0xcb,0xcf,0x11,0x9c,0x4e,0x00,0xa0,0xc9,0x05,0x42,0x5e,
    0x60,0x68,0x1d,0x0f,0xd9,0x88,0xcf,0x11,0x9c,0x4e,0x00,0xa0,0xc9,0x05,0x42,0x5e,0xe0,0x5e,0xe9,0x36,0x77,0x85,0xcf,0x11,
    0x96,0x0c,0x00,0x80,0xc7,0x53,0x4e,0x82,0x00,0xc4,0x5b,0x68,0x2c,0x9d,0xcf,0x11,0xa9,0xcd,0x00,0xaa,0x00,0x68,0x86,0xe3,
    0x20,0x6d,0xeb,0xd1,0x23,0x89,0xd0,0x11,0x9d,0x97,0x00,0xa0,0xc9,0x0a,0x43,0xcb,0x31,0xc5,0xb1,0x0a,0x45,0x47,0xd1,0x11,
    0xa7,0xa1,0x00,0x00,0xf8,0x03,0xab,0xfc,0x30,0xc5,0xb1,0x0a,0x45,0x47,0xd1,0x11,0xa7,0xa1,0x00,0x00,0xf8,0x03,0xab,0xfc,
    0x41,0xfe,0x3e,0x13,0xdc,0x32,0xd0,0x11,0x9c,0xfb,0x00,0xa0,0xc9,0x0a,0x43,0xcb,0x40,0xfe,0x3e,0x13,0xdc,0x32,0xd0,0x11,
    0x9c,0xfb,0x00,0xa0,0xc9,0x0a,0x43,0xcb,0x80,0x05,0x46,0x9d,0x22,0xa8,0xcf,0x11,0x96,0x0c,0x00,0x80,0xc7,0x53,0x4e,0x82,
    0xc0,0xf7,0x74,0x2b,0x54,0x91,0xcf,0x11,0xa9,0xcd,0x00,0xaa,0x00,0x68,0x86,0xe3,0xa0,0x17,0x5a,0x74,0xd3,0x74,0xd0,0x11,
    0xb6,0xfe,0x00,0xa0,0xc9,0x0f,0x57,0xda,0x6f,0xe9,0x36,0x4d,0x25,0xe3,0xce,0x11,0xbf,0xc1,0x08,0x00,0x2b,0xe1,0x03,0x18,
    0x6c,0xe9,0x36,0x4d,0x25,0xe3,0xce,0x11,0xbf,0xc1,0x08,0x00,0x2b,0xe1,0x03,0x18,0x6b,0xe9,0x36,0x4d,0x25,0xe3,0xce,0x11,
    0xbf,0xc1,0x08,0x00,0x2b,0xe1,0x03,0x18,0x3a,0x99,0xc6,0xee,0xfd,0xb3,0xd2,0x11,0xa9,0x16,0x00,0xc0,0x4f,0xb9,0x86,0x38,
    0xb1,0x2a,0xe1,0x1d,0xf5,0xc9,0xcf,0x11,0xbf,0xc7,0x44,0x45,0x53,0x54,0x00,0x00,0x30,0x81,0x53,0x02,0x8f,0x89,0xd0,0x11,
    0x9a,0xd0,0x00,0xa0,0xc9,0xa0,0x6e,0x35,0x2b,0x1c,0x54,0x13,0x33,0x8e,0xd0,0x11,0x9a,0xd0,0x00,0xa0,0xc9,0xa0,0x6e,0x35,
    0x2a,0x1c,0x54,0x13,0x33,0x8e,0xd0,0x11,0x9a,0xd0,0x00,0xa0,0xc9,0xa0,0x6e,0x35,0x29,0x1c,0x54,0x13,0x33,0x8e,0xd0,0x11,
    0x9a,0xd0,0x00,0xa0,0xc9,0xa0,0x6e,0x35,0x28,0x1c,0x54,0x13,0x33,0x8e,0xd0,0x11,0x9a,0xd0,0x00,0xa0,0xc9,0xa0,0x6e,0x35,
    0x27,0x1c,0x54,0x13,0x33,0x8e,0xd0,0x11,0x9a,0xd0,0x00,0xa0,0xc9,0xa0,0x6e,0x35,0x26,0x1c,0x54,0x13,0x33,0x8e,0xd0,0x11,
    0x9a,0xd0,0x00,0xa0,0xc9,0xa0,0x6e,0x35,0x25,0x1c,0x54,0x13,0x33,0x8e,0xd0,0x11,0x9a,0xd0,0x00,0xa0,0xc9,0xa0,0x6e,0x35,
    0x24,0x1c,0x54,0x13,0x33,0x8e,0xd0,0x11,0x9a,0xd0,0x00,0xa0,0xc9,0xa0,0x6e,0x35,0x23,0x1c,0x54,0x13,0x33,0x8e,0xd0,0x11,
    0x9a,0xd0,0x00,0xa0,0xc9,0xa0,0x6e,0x35,0x22,0x1c,0x54,0x13,0x33,0x8e,0xd0,0x11,0x9a,0xd0,0x00,0xa0,0xc9,0xa0,0x6e,0x35,
    0x21,0x1c,0x54,0x13,0x33,0x8e,0xd0,0x11,0x9a,0xd0,0x00,0xa0,0xc9,0xa0,0x6e,0x35,0x20,0x1c,0x54,0x13,0x33,0x8e,0xd0,0x11,
    0x9a,0xd0,0x00,0xa0,0xc9,0xa0,0x6e,0x35,0x83,0x2b,0x1d,0x6f,0xa0,0xd5,0xcf,0x11,0xbf,0xc7,0x44,0x45,0x53,0x54,0x00,0x00,
    0x82,0x2b,0x1d,0x6f,0xa0,0xd5,0xcf,0x11,0xbf,0xc7,0x44,0x45,0x53,0x54,0x00,0x00,0x81,0x2b,0x1d,0x6f,0xa0,0xd5,0xcf,0x11,
    0xbf,0xc7,0x44,0x45,0x53,0x54,0x00,0x00,0x80,0x2b,0x1d,0x6f,0xa0,0xd5,0xcf,0x11,0xbf,0xc7,0x44,0x45,0x53,0x54,0x00,0x00,
    0x70,0x2b,0x1d,0x6f,0xa0,0xd5,0xcf,0x11,0xbf,0xc7,0x44,0x45,0x53,0x54,0x00,0x00,0x61,0x2b,0x1d,0x6f,0xa0,0xd5,0xcf,0x11,
    0xbf,0xc7,0x44,0x45,0x53,0x54,0x00,0x00,0x60,0x2b,0x1d,0x6f,0xa0,0xd5,0xcf,0x11,0xbf,0xc7,0x44,0x45,0x53,0x54,0x00,0x00,
    0xf3,0x02,0x6d,0xa3,0xf3,0xc9,0xcf,0x11,0xbf,0xc7,0x44,0x45,0x53,0x54,0x00,0x00,0xf2,0x02,0x6d,0xa3,0xf3,0xc9,0xcf,0x11,
    0xbf,0xc7,0x44,0x45,0x53,0x54,0x00,0x00,0x20,0x82,0x72,0x55,0x3c,0xd3,0xcf,0x11,0xbf,0xc7,0x44,0x45,0x53,0x54,0x00,0x00,
    0xf0,0x02,0x6d,0xa3,0xf3,0xc9,0xcf,0x11,0xbf,0xc7,0x44,0x45,0x53,0x54,0x00,0x00,0xe4,0x02,0x6d,0xa3,0xf3,0xc9,0xcf,0x11,
    0xbf,0xc7,0x44,0x45,0x53,0x54,0x00,0x00,0xe3,0x02,0x6d,0xa3,0xf3,0xc9,0xcf,0x11,0xbf,0xc7,0x44,0x45,0x53,0x54,0x00,0x00,
    0xf5,0x02,0x6d,0xa3,0xf3,0xc9,0xcf,0x11,0xbf,0xc7,0x44,0x45,0x53,0x54,0x00,0x00,0xf4,0x02,0x6d,0xa3,0xf3,0xc9,0xcf,0x11,
    0xbf,0xc7,0x44,0x45,0x53,0x54,0x00,0x00,0xe2,0x02,0x6d,0xa3,0xf3,0xc9,0xcf,0x11,0xbf,0xc7,0x44,0x45,0x53,0x54,0x00,0x00,
    0xe1,0x02,0x6d,0xa3,0xf3,0xc9,0xcf,0x11,0xbf,0xc7,0x44,0x45,0x53,0x54,0x00,0x00,0xe0,0x02,0x6d,0xa3,0xf3,0xc9,0xcf,0x11,
    0xbf,0xc7,0x44,0x45,0x53,0x54,0x00,0x00,0xbd,0xc6,0xd7,0x57,0x56,0x23,0xd3,0x11,0x8e,0x9d,0x00,0xc0,0x4f,0x68,0x44,0xae,
    0xbc,0xc6,0xd7,0x57,0x56,0x23,0xd3,0x11,0x8e,0x9d,0x00,0xc0,0x4f,0x68,0x44,0xae,0xc0,0xf7,0xe1,0xe7,0xd2,0x88,0xd0,0x11,
    0x9a,0xd0,0x00,0xa0,0xc9,0xa0,0x6e,0x35,0x83,0xe6,0x44,0x59,0x2e,0xc9,0xcf,0x11,0xbf,0xc7,0x44,0x45,0x53,0x54,0x00,0x00,
    0x82,0xe6,0x44,0x59,0x2e,0xc9,0xcf,0x11,0xbf,0xc7,0x44,0x45,0x53,0x54,0x00,0x00,0x81,0xe6,0x44,0x59,0x2e,0xc9,0xcf,0x11,
    0xbf,0xc7,0x44,0x45,0x53,0x54,0x00,0x00,0x80,0xe6,0x44,0x59,0x2e,0xc9,0xcf,0x11,0xbf,0xc7,0x44,0x45,0x53,0x54,0x00,0x00,
    0x85,0xb6,0x4c,0x9a,0x6d,0x23,0xd3,0x11,0x8e,0x9d,0x00,0xc0,0x4f,0x68,0x44,0xae,0x84,0xb6,0x4c,0x9a,0x6d,0x23,0xd3,0x11,
    0x8e,0x9d,0x00,0xc0,0x4f,0x68,0x44,0xae,0x63,0xe6,0x44,0x59,0x8a,0xaa,0xcf,0x11,0xbf,0xc7,0x44,0x45,0x53,0x54,0x00,0x00,
    0x62,0xe6,0x44,0x59,0x8a,0xaa,0xcf,0x11,0xbf,0xc7,0x44,0x45,0x53,0x54,0x00,0x00,0x61,0x13,0x52,0x89,0x8a,0xaa,0xcf,0x11,
    0xbf,0xc7,0x44,0x45,0x53,0x54,0x00,0x00,0x60,0x13,0x52,0x89,0x8a,0xaa,0xcf,0x11,0xbf,0xc7,0x44,0x45,0x53,0x54,0x00,0x00,
    0xe1,0x09,0xe6,0x25,0x59,0xb2,0xcf,0x11,0xbf,0xc7,0x44,0x45,0x53,0x54,0x00,0x00,0xe0,0x09,0xe6,0x25,0x59,0xb2,0xcf,0x11,
    0xbf,0xc7,0x44,0x45,0x53,0x54,0x00,0x00,0x43,0xab,0x82,0x3d,0xda,0x62,0xcf,0x11,0xab,0x39,0x00,0x20,0xaf,0x71,0xe4,0x33,
    0x46,0xab,0x82,0x3d,0xda,0x62,0xcf,0x11,0xab,0x39,0x00,0x20,0xaf,0x71,0xe4,0x33,0x45,0xab,0x82,0x3d,0xda,0x62,0xcf,0x11,
    0xab,0x39,0x00,0x20,0xaf,0x71,0xe4,0x33,0x44,0xab,0x82,0x3d,0xda,0x62,0xcf,0x11,0xab,0x39,0x00,0x20,0xaf,0x71,0xe4,0x33,
    0x43,0xab,0x82,0x3d,0xda,0x62,0xcf,0x11,0xab,0x39,0x00,0x20,0xaf,0x71,0xe4,0x33,0x42,0xab,0x82,0x3d,0xda,0x62,0xcf,0x11,
    0xab,0x39,0x00,0x20,0xaf,0x71,0xe4,0x33,0x41,0xab,0x82,0x3d,0xda,0x62,0xcf,0x11,0xab,0x39,0x00,0x20,0xaf,0x71,0xe4,0x33,
    0x40,0xab,0x82,0x3d,0xda,0x62,0xcf,0x11,0xab,0x39,0x00,0x20,0xaf,0x71,0xe4,0x33,0x43,0xec,0x16,0x45,0x20,0x8f,0xd0,0x11,
    0x9b,0x6d,0x00,0x00,0xc0,0x78,0x1b,0xc3,0xa0,0x5e,0x5d,0x7f,0x3a,0xd5,0xd1,0x11,0x82,0xc0,0x00,0xa0,0xc9,0x69,0x72,0x71,
    0xe1,0x21,0x0f,0x7f,0xe1,0xbf,0xd1,0x11,0x82,0xc0,0x00,0xa0,0xc9,0x69,0x72,0x71,0xe0,0x21,0x0f,0x7f,0xe1,0xbf,0xd1,0x11,
    0x82,0xc0,0x00,0xa0,0xc9,0x69,0x72,0x71,0xa0,0x6a,0x11,0x98,0xba,0xbd,0xd1,0x11,0x82,0xc0,0x00,0xa0,0xc9,0x69,0x72,0x71,
    0x60,0xc3,0x63,0x8a,0x7d,0x99,0xd0,0x11,0x94,0x1c,0x00,0x80,0xc8,0x0c,0xfa,0x7b,0xa1,0xee,0x23,0x3a,0xb1,0x94,0xd0,0x11,
    0xab,0x39,0x00,0x20,0xaf,0x71,0xe4,0x33,0xa0,0xee,0x23,0x3a,0xb1,0x94,0xd0,0x11,0xab,0x39,0x00,0x20,0xaf,0x71,0xe4,0x33,
    0xa0,0x8b,0xa9,0xa8,0xe5,0xc5,0xcf,0x11,0xb9,0x41,0x00,0x80,0xc8,0x0c,0xfa,0x7b,0x41,0x27,0xd2,0xae,0x1f,0xb3,0xcf,0x11,
    0x9d,0xd5,0x00,0xaa,0x00,0xa7,0x1a,0x2f,0x42,0x27,0xd2,0xae,0x1f,0xb3,0xcf,0x11,0x9d,0xd5,0x00,0xaa,0x00,0xa7,0x1a,0x2f,
    0x40,0x27,0xd2,0xae,0x1f,0xb3,0xcf,0x11,0x9d,0xd5,0x00,0xaa,0x00,0xa7,0x1a,0x2f,0x80,0x52,0x74,0xe5,0x4f,0xb2,0xcf,0x11,
    0x9d,0xd5,0x00,0xaa,0x00,0xa7,0x1a,0x2f,0x51,0xab,0x82,0x3d,0xda,0x62,0xcf,0x11,0xab,0x39,0x00,0x20,0xaf,0x71,0xe4,0x33,
    0x4a,0xab,0x82,0x3d,0xda,0x62,0xcf,0x11,0xab,0x39,0x00,0x20,0xaf,0x71,0xe4,0x33,0xc3,0x56,0xbf,0xe2,0x0f,0x84,0xcf,0x11,
    0x8f,0x52,0x00,0x40,0x33,0x35,0x94,0xa3,0xc2,0x56,0xbf,0xe2,0x0f,0x84,0xcf,0x11,0x8f,0x52,0x00,0x40,0x33,0x35,0x94,0xa3,
    0xc1,0x56,0xbf,0xe2,0x0f,0x84,0xcf,0x11,0x8f,0x52,0x00,0x40,0x33,0x35,0x94,0xa3,0xc0,0x56,0xbf,0xe2,0x0f,0x84,0xcf,0x11,
    0x8f,0x52,0x00,0x40,0x33,0x35,0x94,0xa3,0x80,0xb1,0x06,0xf4,0x3b,0x7b,0xcf,0x11,0x8f,0x52,0x00,0x40,0x33,0x35,0x94,0xa3,
    0x63,0xae,0x85,0x48,0xe8,0x78,0xcf,0x11,0x8f,0x52,0x00,0x40,0x33,0x35,0x94,0xa3,0xc0,0xc5,0x1e,0xed,0xa8,0xc0,0xd0,0x11,
    0x94,0x1c,0x00,0x80,0xc8,0x0c,0xfa,0x7b,0xa0,0xa6,0x7d,0x53,0x37,0xca,0xd0,0x11,0x94,0x1c,0x00,0x80,0xc8,0x0c,0xfa,0x7b,
    0x60,0xae,0x85,0x48,0xe8,0x78,0xcf,0x11,0x8f,0x52,0x00,0x40,0x33,0x35,0x94,0xa3,0x21,0xb8,0x30,0x16,0x42,0x78,0xcf,0x11,
    0x8f,0x52,0x00,0x40,0x33,0x35,0x94,0xa3,0x20,0xb8,0x30,0x16,0x42,0x78,0xcf,0x11,0x8f,0x52,0x00,0x40,0x33,0x35,0x94,0xa3,
    0xe2,0x90,0x27,0xa4,0x10,0x78,0xcf,0x11,0x8f,0x52,0x00,0x40,0x33,0x35,0x94,0xa3,0xe1,0x90,0x27,0xa4,0x10,0x78,0xcf,0x11,
    0x8f,0x52,0x00,0x40,0x33,0x35,0x94,0xa3,0xe0,0x90,0x27,0xa4,0x10,0x78,0xcf,0x11,0x8f,0x52,0x00,0x40,0x33,0x35,0x94,0xa3,
    0x81,0x6e,0xe1,0xd3,0x35,0x78,0xcf,0x11,0x8f,0x52,0x00,0x40,0x33,0x35,0x94,0xa3,0xe0,0x44,0xff,0x35,0x7c,0x6c,0xcf,0x11,
    0x8f,0x52,0x00,0x40,0x33,0x35,0x94,0xa3,0x43,0x18,0x41,0x01,0x86,0x77,0xcf,0x11,0x8f,0x52,0x00,0x40,0x33,0x35,0x94,0xa3,
    0x80,0x6e,0xe1,0xd3,0x35,0x78,0xcf,0x11,0x8f,0x52,0x00,0x40,0x33,0x35,0x94,0xa3,0x42,0x18,0x41,0x01,0x86,0x77,0xcf,0x11,
    0x8f,0x52,0x00,0x40,0x33,0x35,0x94,0xa3,0x41,0x18,0x41,0x01,0x86,0x77,0xcf,0x11,0x8f,0x52,0x00,0x40,0x33,0x35,0x94,0xa3,
    0x40,0x18,0x41,0x01,0x86,0x77,0xcf,0x11,0x8f,0x52,0x00,0x40,0x33,0x35,0x94,0xa3,0xa9,0x46,0xdd,0x10,0x5b,0x77,0xcf,0x11,
    0x8f,0x52,0x00,0x40,0x33,0x35,0x94,0xa3,0xa8,0x46,0xdd,0x10,0x5b,0x77,0xcf,0x11,0x8f,0x52,0x00,0x40,0x33,0x35,0x94,0xa3,
    0x50,0xab,0x82,0x3d,0xda,0x62,0xcf,0x11,0xab,0x39,0x00,0x20,0xaf,0x71,0xe4,0x33,0x4f,0xab,0x82,0x3d,0xda,0x62,0xcf,0x11,
    0xab,0x39,0x00,0x20,0xaf,0x71,0xe4,0x33,0x45,0x3f,0xf2,0xf6,0x86,0x76,0xcf,0x11,0x8f,0x52,0x00,0x40,0x33,0x35,0x94,0xa3,
    0x44,0x3f,0xf2,0xf6,0x86,0x76,0xcf,0x11,0x8f,0x52,0x00,0x40,0x33,0x35,0x94,0xa3,0x43,0x3f,0xf2,0xf6,0x86,0x76,0xcf,0x11,
    0x8f,0x52,0x00,0x40,0x33,0x35,0x94,0xa3,0x40,0x3f,0xf2,0xf6,0x86,0x76,0xcf,0x11,0x8f,0x52,0x00,0x40,0x33,0x35,0x94,0xa3,
    0x42,0x3f,0xf2,0xf6,0x86,0x76,0xcf,0x11,0x8f,0x52,0x00,0x40,0x33,0x35,0x94,0xa3,0x41,0x3f,0xf2,0xf6,0x86,0x76,0xcf,0x11,
    0x8f,0x52,0x00,0x40,0x33,0x35,0x94,0xa3,0x46,0xab,0x82,0x3d,0xda,0x62,0xcf,0x11,0xab,0x39,0x00,0x20,0xaf,0x71,0xe4,0x33,
    0xe1,0x44,0xff,0x35,0x7c,0x6c,0xcf,0x11,0x8f,0x52,0x00,0x40,0x33,0x35,0x94,0xa3,0x4d,0xab,0x82,0x3d,0xda,0x62,0xcf,0x11,
    0xab,0x39,0x00,0x20,0xaf,0x71,0xe4,0x33,0x5f,0xab,0x82,0x3d,0xda,0x62,0xcf,0x11,0xab,0x39,0x00,0x20,0xaf,0x71,0xe4,0x33,
    0x5e,0xab,0x82,0x3d,0xda,0x62,0xcf,0x11,0xab,0x39,0x00,0x20,0xaf,0x71,0xe4,0x33,0x44,0xab,0x82,0x3d,0xda,0x62,0xcf,0x11,
    0xab,0x39,0x00,0x20,0xaf,0x71,0xe4,0x33,0x00,0x71,0x95,0x2b,0x9a,0x9e,0xcf,0x11,0xab,0x39,0x00,0x20,0xaf,0x71,0xe4,0x33,
    0xc0,0x6c,0x01,0xc5,0x73,0xd2,0xce,0x11,0xac,0x48,0x00,0x00,0xc0,0x38,0x25,0xa1,0x41,0xec,0x16,0x45,0x20,0x8f,0xd0,0x11,
    0x9b,0x6d,0x00,0x00,0xc0,0x78,0x1b,0xc3,0x83,0xec,0x16,0x45,0x20,0x8f,0xd0,0x11,0x9b,0x6d,0x00,0x00,0xc0,0x78,0x1b,0xc3,
    0xc8,0xec,0x16,0x45,0x20,0x8f,0xd0,0x11,0x9b,0x6d,0x00,0x00,0xc0,0x78,0x1b,0xc3,0x61,0x93,0xc4,0x2b,0x27,0x83,0xcf,0x11,
    0xac,0x4a,0x00,0x00,0xc0,0x38,0x25,0xa1,0x33,0xe7,0x34,0x54,0x66,0x6d,0xd1,0x11,0xbb,0x0b,0x00,0x00,0xf8,0x75,0x86,0x5a,
    0x7b,0xec,0x16,0x45,0x20,0x8f,0xd0,0x11,0x9b,0x6d,0x00,0x00,0xc0,0x78,0x1b,0xc3,0x79,0xec,0x16,0x45,0x20,0x8f,0xd0,0x11,
    0x9b,0x6d,0x00,0x00,0xc0,0x78,0x1b,0xc3,0xc1,0x6b,0x2f,0x24,0x49,0x38,0xd0,0x11,0x9b,0x6d,0x00,0x00,0xc0,0x78,0x1b,0xc3,
    0x25,0x4e,0xb4,0x86,0x82,0x9c,0xd1,0x11,0xbb,0x0b,0x00,0xa0,0xc9,0x81,0xa0,0xa6,0x80,0x97,0x35,0xaf,0xa3,0x6b,0xcf,0x11,
    0xac,0x4a,0x00,0x00,0xc0,0x38,0x25,0xa1,0xe0,0x3d,0x16,0x59,0x43,0x6d,0xcf,0x11,0xac,0x4a,0x00,0x00,0xc0,0x38,0x25,0xa1,
    0xe0,0xca,0xf1,0xd5,0xd7,0x4b,0xd1,0x11,0xb9,0x74,0x00,0x60,0x08,0x3e,0x45,0xf3,0x17,0xcb,0x16,0xeb,0x71,0xd2,0xce,0x11,
    0xac,0x48,0x00,0x00,0xc0,0x38,0x25,0xa1,0x16,0xcb,0x16,0xeb,0x71,0xd2,0xce,0x11,0xac,0x48,0x00,0x00,0xc0,0x38,0x25,0xa1,
    0x14,0xcb,0x16,0xeb,0x71,0xd2,0xce,0x11,0xac,0x48,0x00,0x00,0xc0,0x38,0x25,0xa1,0x13,0xcb,0x16,0xeb,0x71,0xd2,0xce,0x11,
    0xac,0x48,0x00,0x00,0xc0,0x38,0x25,0xa1,0x12,0xcb,0x16,0xeb,0x71,0xd2,0xce,0x11,0xac,0x48,0x00,0x00,0xc0,0x38,0x25,0xa1,
    0x11,0xcb,0x16,0xeb,0x71,0xd2,0xce,0x11,0xac,0x48,0x00,0x00,0xc0,0x38,0x25,0xa1,0x10,0xcb,0x16,0xeb,0x71,0xd2,0xce,0x11,
    0xac,0x48,0x00,0x00,0xc0,0x38,0x25,0xa1,0xc2,0x6b,0x2f,0x24,0x49,0x38,0xd0,0x11,0x9b,0x6d,0x00,0x00,0xc0,0x78,0x1b,0xc3,
    0x79,0x7f,0x6b,0xff,0x0e,0xa4,0xd1,0x11,0x91,0xf9,0x00,0x00,0xf8,0x75,0x8e,0x66,0x0e,0xcb,0x16,0xeb,0x71,0xd2,0xce,0x11,
    0xac,0x48,0x00,0x00,0xc0,0x38,0x25,0xa1,0x77,0x7f,0x6b,0xff,0x0e,0xa4,0xd1,0x11,0x91,0xf9,0x00,0x00,0xf8,0x75,0x8e,0x66,
    0x0d,0xcb,0x16,0xeb,0x71,0xd2,0xce,0x11,0xac,0x48,0x00,0x00,0xc0,0x38,0x25,0xa1,0x75,0x7f,0x6b,0xff,0x0e,0xa4,0xd1,0x11,
    0x91,0xf9,0x00,0x00,0xf8,0x75,0x8e,0x66,0x0b,0xcb,0x16,0xeb,0x71,0xd2,0xce,0x11,0xac,0x48,0x00,0x00,0xc0,0x38,0x25,0xa1,
    0x0a,0xcb,0x16,0xeb,0x71,0xd2,0xce,0x11,0xac,0x48,0x00,0x00,0xc0,0x38,0x25,0xa1,0x73,0x7f,0x6b,0xff,0x0e,0xa4,0xd1,0x11,
    0x91,0xf9,0x00,0x00,0xf8,0x75,0x8e,0x66,0xc0,0x30,0x0f,0x12,0x29,0x16,0xd0,0x11,0x94,0x1c,0x00,0x80,0xc8,0x0c,0xfa,0x7b,
    0x09,0xcb,0x16,0xeb,0x71,0xd2,0xce,0x11,0xac,0x48,0x00,0x00,0xc0,0x38,0x25,0xa1,0x08,0xcb,0x16,0xeb,0x71,0xd2,0xce,0x11,
    0xac,0x48,0x00,0x00,0xc0,0x38,0x25,0xa1,0x81,0xec,0x16,0x45,0x20,0x8f,0xd0,0x11,0x9b,0x6d,0x00,0x00,0xc0,0x78,0x1b,0xc3,
    0x07,0xcb,0x16,0xeb,0x71,0xd2,0xce,0x11,0xac,0x48,0x00,0x00,0xc0,0x38,0x25,0xa1,0x82,0xec,0x16,0x45,0x20,0x8f,0xd0,0x11,
    0x9b,0x6d,0x00,0x00,0xc0,0x78,0x1b,0xc3,0x77,0xec,0x16,0x45,0x20,0x8f,0xd0,0x11,0x9b,0x6d,0x00,0x00,0xc0,0x78,0x1b,0xc3,
    0x02,0x0d,0xa8,0xa3,0x12,0x6e,0xcf,0x11,0xac,0x4a,0x00,0x00,0xc0,0x38,0x25,0xa1,0x01,0x0d,0xa8,0xa3,0x12,0x6e,0xcf,0x11,
    0xac,0x4a,0x00,0x00,0xc0,0x38,0x25,0xa1,0x04,0xcb,0x16,0xeb,0x71,0xd2,0xce,0x11,0xac,0x48,0x00,0x00,0xc0,0x38,0x25,0xa1,
    0x70,0x7f,0x6b,0xff,0x0e,0xa4,0xd1,0x11,0x91,0xf9,0x00,0x00,0xf8,0x75,0x8e,0x66,0x60,0xbd,0xdf,0xc3,0x88,0x39,0xd0,0x11,
    0x9e,0xc2,0x00,0x00,0xc0,0x29,0x1a,0xc3,0x03,0xcb,0x16,0xeb,0x71,0xd2,0xce,0x11,0xac,0x48,0x00,0x00,0xc0,0x38,0x25,0xa1,
    0xe6,0x1b,0x1b,0x4a,0xed,0xbf,0xd1,0x11,0x8e,0xd8,0x00,0xa0,0xc9,0x67,0xa4,0x82,0x02,0xcb,0x16,0xeb,0x71,0xd2,0xce,0x11,
    0xac,0x48,0x00,0x00,0xc0,0x38,0x25,0xa1,0x8b,0x49,0x9f,0x54,0xeb,0xbf,0xd1,0x11,0x8e,0xd8,0x00,0xa0,0xc9,0x67,0xa4,0x82,
    0x78,0xec,0x16,0x45,0x20,0x8f,0xd0,0x11,0x9b,0x6d,0x00,0x00,0xc0,0x78,0x1b,0xc3,0x80,0x92,0xe1,0xe9,0x05,0x6e,0xcf,0x11,
    0xac,0x4a,0x00,0x00,0xc0,0x38,0x25,0xa1,0x7c,0xec,0x16,0x45,0x20,0x8f,0xd0,0x11,0x9b,0x6d,0x00,0x00,0xc0,0x78,0x1b,0xc3,
    0x00,0xcb,0x16,0xeb,0x71,0xd2,0xce,0x11,0xac,0x48,0x00,0x00,0xc0,0x38,0x25,0xa1,0x2d,0xe7,0x34,0x54,0x66,0x6d,0xd1,0x11,
    0xbb,0x0b,0x00,0x00,0xf8,0x75,0x86,0x5a,0x40,0xec,0x16,0x45,0x20,0x8f,0xd0,0x11,0x9b,0x6d,0x00,0x00,0xc0,0x78,0x1b,0xc3,
    0xa8,0xea,0xe9,0x0d,0x84,0x3b,0xd0,0x11,0x9b,0x6d,0x00,0x00,0xc0,0x78,0x1b,0xc3,0xa7,0xea,0xe9,0x0d,0x84,0x3b,0xd0,0x11,
    0x9b,0x6d,0x00,0x00,0xc0,0x78,0x1b,0xc3,0xa6,0xea,0xe9,0x0d,0x84,0x3b,0xd0,0x11,0x9b,0x6d,0x00,0x00,0xc0,0x78,0x1b,0xc3,
    0xa3,0xea,0xe9,0x0d,0x84,0x3b,0xd0,0x11,0x9b,0x6d,0x00,0x00,0xc0,0x78,0x1b,0xc3,0xa2,0xea,0xe9,0x0d,0x84,0x3b,0xd0,0x11,
    0x9b,0x6d,0x00,0x00,0xc0,0x78,0x1b,0xc3,0xa1,0xea,0xe9,0x0d,0x84,0x3b,0xd0,0x11,0x9b,0x6d,0x00,0x00,0xc0,0x78,0x1b,0xc3,
    0x9b,0x56,0xa3,0x4f,0x3f,0x62,0xcf,0x11,0xac,0x4a,0x00,0x00,0xc0,0x38,0x25,0xa1,0x9a,0x56,0xa3,0x4f,0x3f,0x62,0xcf,0x11,
    0xac,0x4a,0x00,0x00,0xc0,0x38,0x25,0xa1,0x99,0x56,0xa3,0x4f,0x3f,0x62,0xcf,0x11,0xac,0x4a,0x00,0x00,0xc0,0x38,0x25,0xa1,
    0x98,0x56,0xa3,0x4f,0x3f,0x62,0xcf,0x11,0xac,0x4a,0x00,0x00,0xc0,0x38,0x25,0xa1,0x97,0x56,0xa3,0x4f,0x3f,0x62,0xcf,0x11,
    0xac,0x4a,0x00,0x00,0xc0,0x38,0x25,0xa1,0x96,0x56,0xa3,0x4f,0x3f,0x62,0xcf,0x11,0xac,0x4a,0x00,0x00,0xc0,0x38,0x25,0xa1,
    0x95,0x56,0xa3,0x4f,0x3f,0x62,0xcf,0x11,0xac,0x4a,0x00,0x00,0xc0,0x38,0x25,0xa1,0x94,0x56,0xa3,0x4f,0x3f,0x62,0xcf,0x11,
    0xac,0x4a,0x00,0x00,0xc0,0x38,0x25,0xa1,0x93,0x56,0xa3,0x4f,0x3f,0x62,0xcf,0x11,0xac,0x4a,0x00,0x00,0xc0,0x38,0x25,0xa1,
    0x92,0x56,0xa3,0x4f,0x3f,0x62,0xcf,0x11,0xac,0x4a,0x00,0x00,0xc0,0x38,0x25,0xa1,0x91,0x56,0xa3,0x4f,0x3f,0x62,0xcf,0x11,
    0xac,0x4a,0x00,0x00,0xc0,0x38,0x25,0xa1,0x90,0x56,0xa3,0x4f,0x3f,0x62,0xcf,0x11,0xac,0x4a,0x00,0x00,0xc0,0x38,0x25,0xa1,
    0x8f,0x56,0xa3,0x4f,0x3f,0x62,0xcf,0x11,0xac,0x4a,0x00,0x00,0xc0,0x38,0x25,0xa1,0x8e,0x56,0xa3,0x4f,0x3f,0x62,0xcf,0x11,
    0xac,0x4a,0x00,0x00,0xc0,0x38,0x25,0xa1,0x30,0xaf,0x0b,0x88,0x30,0xb0,0xd0,0x11,0x8e,0xa7,0x00,0x60,0x97,0x97,0xea,0x5b,
    0x00,0x2f,0x6b,0x40,0x5a,0x3e,0xd1,0x11,0xb6,0x40,0x00,0xaa,0x00,0xa1,0xf9,0x6a,0x40,0x2b,0x12,0xb1,0xa5,0x5d,0xd1,0x11,
    0x8f,0xcf,0x00,0xc0,0x4f,0xc2,0x9b,0x4e,0xa0,0xff,0x04,0x2e,0xe4,0x98,0xd1,0x11,0x8c,0xe1,0x00,0xa0,0xc9,0x06,0x29,0xa8,
    0xb6,0x61,0xf8,0x97,0xa1,0x60,0xd1,0x11,0x8c,0xd0,0x00,0xa0,0xc9,0x06,0x29,0xa8,0xe2,0xe8,0xb0,0xf0,0x97,0x5f,0xd1,0x11,
    0x8c,0xd0,0x00,0xa0,0xc9,0x06,0x29,0xa8,0x04,0x28,0x79,0x9d,0xa8,0x5f,0xd1,0x11,0x8c,0xd0,0x00,0xa0,0xc9,0x06,0x29,0xa8,
    0x72,0x84,0x5c,0xe0,0xd4,0x51,0xd1,0x11,0x8c,0xce,0x00,0xa0,0xc9,0x06,0x29,0xa8,0x9c,0x16,0x28,0xf8,0xe8,0xa8,0xd2,0x11,
    0xa1,0xf2,0x00,0xa0,0xc9,0x83,0xea,0xf6,0x66,0x04,0x8a,0x3b,0x69,0xf2,0xd1,0x11,0x88,0x0b,0x00,0xc0,0x4f,0xd9,0x30,0xc5,
    0x80,0x98,0x86,0x93,0xcf,0x36,0xd1,0x11,0x9b,0x1b,0x00,0xaa,0x00,0xbb,0xb8,0xae,0x80,0x1f,0xe4,0x7d,0x93,0x9d,0xd0,0x11,
    0x89,0xab,0x00,0xa0,0xc9,0x05,0x41,0x29,0x40,0x75,0xaa,0xff,0xa8,0x7a,0xd0,0x11,0x9b,0x06,0x00,0xa0,0xc9,0x03,0xa3,0xb8,
    0x00,0x38,0x86,0x80,0x06,0x6b,0xd0,0x11,0x9b,0x06,0x00,0xa0,0xc9,0x03,0xa3,0xb8,0x80,0xfa,0xc4,0x86,0x84,0x8d,0xd0,0x11,
    0x94,0xe8,0x00,0xc0,0x4f,0xc3,0x41,0x37,0x30,0x12,0xf4,0xdd,0x0a,0xec,0xd0,0x11,0xa9,0xb6,0x00,0xaa,0x00,0xc0,0x99,0x3e,
    0xe1,0x84,0xa5,0x0b,0xb6,0x70,0xd0,0x11,0x88,0x9d,0x00,0xaa,0x00,0xbb,0xb7,0x6a,0xc3,0x0c,0xd6,0xef,0xe7,0x49,0xd0,0x11,
    0x88,0x9d,0x00,0xaa,0x00,0xbb,0xb7,0x6a,0xc2,0x0c,0xd6,0xef,0xe7,0x49,0xd0,0x11,0x88,0x9d,0x00,0xaa,0x00,0xbb,0xb7,0x6a,
    0xc1,0x0c,0xd6,0xef,0xe7,0x49,0xd0,0x11,0x88,0x9d,0x00,0xaa,0x00,0xbb,0xb7,0x6a,0xc0,0x0c,0xd6,0xef,0xe7,0x49,0xd0,0x11,
    0x88,0x9d,0x00,0xaa,0x00,0xbb,0xb7,0x6a,0x7d,0x9e,0x04,0xf5,0x61,0x48,0xd2,0x11,0xa4,0x07,0x00,0xa0,0xc9,0x06,0x29,0xa8,
    0x55,0x35,0x50,0x7a,0x83,0x4a,0xd1,0x11,0xa5,0xdb,0x00,0xa0,0xc9,0x03,0x67,0xf8,0x61,0x3b,0xab,0xb0,0xd7,0x33,0xd1,0x11,
    0xa9,0x81,0x00,0xc0,0x4f,0xd7,0xb1,0x74,0x00,0x15,0x28,0x93,0xf8,0x8c,0xd0,0x11,0x89,0xab,0x00,0xa0,0xc9,0x05,0x41,0x29,
    0x46,0xc1,0x17,0x44,0xad,0x33,0xcf,0x11,0x81,0x6f,0x00,0x00,0xc0,0x20,0x15,0x6e,0x45,0xc1,0x17,0x44,0xad,0x33,0xcf,0x11,
    0x81,0x6f,0x00,0x00,0xc0,0x20,0x15,0x6e,0xf4,0x46,0x9c,0xca,0xc5,0xd3,0xd1,0x11,0xb7,0x5a,0x00,0x60,0x08,0x52,0xb3,0x12,
    0x03,0x15,0x28,0x93,0xf8,0x8c,0xd0,0x11,0x89,0xab,0x00,0xa0,0xc9,0x05,0x41,0x29,0x44,0xc1,0x17,0x44,0xad,0x33,0xcf,0x11,
    0x81,0x6f,0x00,0x00,0xc0,0x20,0x15,0x6e,0x42,0xc1,0x17,0x44,0xad,0x33,0xcf,0x11,0x81,0x6f,0x00,0x00,0xc0,0x20,0x15,0x6e,
    0x02,0x15,0x28,0x93,0xf8,0x8c,0xd0,0x11,0x89,0xab,0x00,0xa0,0xc9,0x05,0x41,0x29,0xe0,0xd9,0xdc,0x2c,0xa0,0x25,0xcf,0x11,
    0xa3,0x1a,0x00,0xaa,0x00,0xb9,0x33,0x56,0x79,0x9e,0x04,0xf5,0x61,0x48,0xd2,0x11,0xa4,0x07,0x00,0xa0,0xc9,0x06,0x29,0xa8,
    0x60,0x3b,0xab,0xb0,0xd7,0x33,0xd1,0x11,0xa9,0x81,0x00,0xc0,0x4f,0xd7,0xb1,0x74,0x01,0x15,0x28,0x93,0xf8,0x8c,0xd0,0x11,
    0x89,0xab,0x00,0xa0,0xc9,0x05,0x41,0x29,0x00,0x88,0x10,0x64,0x7d,0x95,0xd0,0x11,0x89,0xab,0x00,0xa0,0xc9,0x05,0x41,0x29,
    0x78,0x9e,0x04,0xf5,0x61,0x48,0xd2,0x11,0xa4,0x07,0x00,0xa0,0xc9,0x06,0x29,0xa8,0x22,0xdf,0x67,0x87,0xcc,0xba,0xd1,0x11,
    0x89,0x69,0x00,0xa0,0xc9,0x06,0x29,0xa8,0x43,0x66,0x93,0x50,0xe9,0x13,0xd1,0x11,0x89,0xaa,0x00,0xa0,0xc9,0x05,0x41,0x29,
    0xa1,0x49,0x19,0x88,0xf3,0xd6,0xd0,0x11,0x89,0xab,0x00,0xa0,0xc9,0x05,0x41,0x29,0xe0,0x3d,0xe6,0x84,0xaa,0x46,0xcf,0x11,
    0x81,0x6f,0x00,0x00,0xc0,0x20,0x15,0x6e,0x60,0x5c,0x66,0xa4,0x73,0x26,0xcf,0x11,0xa3,0x1a,0x00,0xaa,0x00,0xb9,0x33,0x56,
    0x20,0x6b,0x08,0xf2,0x9f,0x25,0xcf,0x11,0xa3,0x1a,0x00,0xaa,0x00,0xb9,0x33,0x56,0x77,0x9e,0x04,0xf5,0x61,0x48,0xd2,0x11,
    0xa4,0x07,0x00,0xa0,0xc9,0x06,0x29,0xa8,0x40,0x32,0x22,0xbb,0x2b,0xe7,0xd0,0x11,0xa9,0xb4,0x00,0xaa,0x00,0xc0,0x99,0x3e,
    0xc1,0x1e,0xae,0x6a,0x2a,0x66,0xd0,0x11,0x88,0x9d,0x00,0xaa,0x00,0xbb,0xb7,0x6a,0x80,0x00,0xba,0x3b,0x21,0x24,0xcf,0x11,
    0xa3,0x1a,0x00,0xaa,0x00,0xb9,0x33,0x56,0x40,0xd7,0xb2,0xc9,0x56,0x33,0xd1,0x11,0x8f,0xcf,0x00,0xc0,0x4f,0xc2,0x9b,0x4e,
    0x20,0x21,0xa1,0xac,0x56,0x33,0xd1,0x11,0x8f,0xcf,0x00,0xc0,0x4f,0xc2,0x9b,0x4e,0xa0,0x5d,0x75,0x60,0x40,0x6a,0xd0,0x11,
    0x9b,0x06,0x00,0xa0,0xc9,0x03,0xa3,0xb8,0x20,0xc1,0x56,0x8d,0x08,0x6a,0xd0,0x11,0x9b,0x06,0x00,0xa0,0xc9,0x03,0xa3,0xb8,
    0x60,0xf1,0x2c,0x33,0x61,0xda,0xcf,0x11,0x9b,0x06,0x00,0xa0,0xc9,0x03,0xa3,0xb8,0x60,0xa5,0x52,0x13,0x61,0xda,0xcf,0x11,
    0x9b,0x06,0x00,0xa0,0xc9,0x03,0xa3,0xb8,0xa0,0x26,0xa3,0xfc,0x60,0xda,0xcf,0x11,0x9b,0x06,0x00,0xa0,0xc9,0x03,0xa3,0xb8,
    0xe0,0x77,0x9c,0xe0,0x60,0xda,0xcf,0x11,0x9b,0x06,0x00,0xa0,0xc9,0x03,0xa3,0xb8,0xe0,0x02,0x7a,0xa0,0x60,0xda,0xcf,0x11,
    0x9b,0x06,0x00,0xa0,0xc9,0x03,0xa3,0xb8,0x20,0x32,0x78,0x92,0x60,0xda,0xcf,0x11,0x9b,0x06,0x00,0xa0,0xc9,0x03,0xa3,0xb8,
    0x80,0x99,0xf3,0x54,0x60,0xda,0xcf,0x11,0x9b,0x06,0x00,0xa0,0xc9,0x03,0xa3,0xb8,0xe0,0x93,0x6d,0xb3,0x43,0x2b,0xcf,0x11,
    0xa2,0xde,0x00,0xaa,0x00,0xb9,0x33,0x56,0x60,0x27,0x14,0x6c,0x33,0xa7,0xce,0x11,0xa5,0x21,0x00,0x20,0xaf,0x0b,0xe5,0x60,
    0x3e,0x1c,0xc1,0x69,0x6b,0xb4,0xd1,0x11,0xad,0x7a,0x00,0xc0,0x4f,0xc2,0x9b,0x4e,0xe0,0x0e,0x9f,0x4b,0x7e,0x0d,0xd0,0x11,
    0x9b,0x06,0x00,0xa0,0xc9,0x03,0xa3,0xb8,0x85,0xdb,0x14,0x6c,0x33,0xa7,0xce,0x11,0xa5,0x21,0x00,0x20,0xaf,0x0b,0xe5,0x60,
    0x84,0xdb,0x14,0x6c,0x33,0xa7,0xce,0x11,0xa5,0x21,0x00,0x20,0xaf,0x0b,0xe5,0x60,0x7e,0x47,0x3c,0xc0,0x19,0x65,0xd1,0x11,
    0x8c,0x52,0x00,0xc0,0x4f,0xd9,0x30,0xc5,0x1e,0x1f,0x19,0x51,0x2b,0x4f,0xd1,0x11,0x8c,0xc3,0x00,0xa0,0xc9,0x06,0x29,0xa8,
    0xfc,0x7f,0x0c,0x73,0x47,0x53,0xd1,0x11,0x8c,0x4d,0x00,0xc0,0x4f,0xd9,0x30,0xc5,0x46,0xbc,0x43,0xe0,0x17,0x53,0xd1,0x11,
    0x8c,0x4d,0x00,0xc0,0x4f,0xd9,0x30,0xc5,0x88,0xc4,0xb2,0x89,0xf4,0x4a,0xd1,0x11,0x8c,0x4c,0x00,0xc0,0x4f,0xd9,0x30,0xc5,
    0x90,0x47,0xdc,0xb9,0xf1,0x4a,0xd1,0x11,0x8c,0x4c,0x00,0xc0,0x4f,0xd9,0x30,0xc5,0x96,0x8e,0xab,0x1b,0xfe,0x9c,0xe3,0x4c,
    0xbc,0x72,0xd7,0xe9,0xe9,0x9a,0x21,0x75,0x80,0x5a,0x67,0x06,0x9b,0x3b,0xd2,0x11,0xb9,0x2f,0x00,0x60,0x97,0x97,0xea,0x5b,
    0x30,0x86,0x2b,0x0b,0x35,0xad,0xd0,0x11,0x8e,0xa6,0x00,0x60,0x97,0x97,0xea,0x5b,0x00,0x4e,0x04,0xda,0xb2,0x69,0xd0,0x11,
    0xa1,0xd5,0x00,0xaa,0x00,0xb8,0xdf,0xbb,0x85,0x58,0x80,0x57,0xec,0x6e,0xcf,0x11,0x94,0x41,0xa8,0x23,0x03,0xc1,0x0e,0x27,
    0x81,0xdb,0x14,0x6c,0x33,0xa7,0xce,0x11,0xa5,0x21,0x00,0x20,0xaf,0x0b,0xe5,0x60,0xc0,0x5e,0xe6,0x15,0x9c,0x3b,0xd2,0x11,
    0xb9,0x2f,0x00,0x60,0x97,0x97,0xea,0x5b,0x9a,0x50,0x59,0x9c,0xbd,0x39,0xd1,0x11,0x8c,0x4a,0x00,0xc0,0x4f,0xd9,0x30,0xc5,
    0xe0,0xf3,0xa6,0xb3,0x43,0x2b,0xcf,0x11,0xa2,0xde,0x00,0xaa,0x00,0xb9,0x33,0x56,0x80,0xdb,0x14,0x6c,0x33,0xa7,0xce,0x11,
    0xa5,0x21,0x00,0x20,0xaf,0x0b,0xe5,0x60,0xa0,0x17,0x38,0x59,0xb3,0x7d,0xcf,0x11,0xa2,0xde,0x00,0xaa,0x00,0xb9,0x33,0x56,
    0x96,0x51,0x30,0x3c,0xdb,0x50,0xd3,0x11,0x9c,0xfe,0x00,0xc0,0x4f,0xd9,0x30,0xc5,0xe0,0x0e,0xb7,0xd7,0x40,0x43,0xcf,0x11,
    0xb0,0x63,0x00,0x20,0xaf,0xc2,0xcd,0x35,0x00,0x00,0x00,0x00,0x00,0x00,0x00,0x00,0x00,0x00,0x00,0x00,0x00,0x00,0x00,0x00,
    0xff,0xff,0xff,0xff,0xa4,0x09,0x4a,0x00,0xb8,0x09,0x4a,0x00,0x00,0x00,0x00,0x00,0x00,0x00,0x00,0xc0,0x7e,0x01,0x50,0x41,
    0x00,0x00,0x00,0x80,0xff,0xff,0x47,0x41,0x49,0x73,0x50,0x72,0x6f,0x63,0x65,0x73,0x73,0x6f,0x72,0x46,0x65,0x61,0x74,0x75,
    0x72,0x65,0x50,0x72,0x65,0x73,0x65,0x6e,0x74,0x00,0x00,0x00,0x4b,0x45,0x52,0x4e,0x45,0x4c,0x33,0x32,0x00,0x00,0x00,0x00,
    0x65,0x2b,0x30,0x30,0x30,0x00,0x00,0x00,0x06,0x00,0x00,0x06,0x00,0x01,0x00,0x00,0x10,0x00,0x03,0x06,0x00,0x06,0x02,0x10,
    0x04,0x45,0x45,0x45,0x05,0x05,0x05,0x05,0x05,0x35,0x30,0x00,0x50,0x00,0x00,0x00,0x00,0x20,0x28,0x38,0x50,0x58,0x07,0x08,
    0x00,0x37,0x30,0x30,0x57,0x50,0x07,0x00,0x00,0x20,0x20,0x08,0x00,0x00,0x00,0x00,0x08,0x60,0x68,0x60,0x60,0x60,0x60,0x00,
    0x00,0x70,0x70,0x78,0x78,0x78,0x78,0x08,0x07,0x08,0x00,0x00,0x07,0x00,0x08,0x08,0x08,0x00,0x00,0x08,0x00,0x08,0x00,0x07,
    0x08,0x00,0x00,0x00,0x28,0x00,0x6e,0x00,0x75,0x00,0x6c,0x00,0x6c,0x00,0x29,0x00,0x00,0x00,0x00,0x00,0x28,0x6e,0x75,0x6c,
    0x6c,0x29,0x00,0x00,0x5f,0x79,0x6e,0x00,0x5f,0x79,0x31,0x00,0x5f,0x79,0x30,0x00,0x66,0x72,0x65,0x78,0x70,0x00,0x00,0x00,
    0x66,0x6d,0x6f,0x64,0x00,0x00,0x00,0x00,0x5f,0x68,0x79,0x70,0x6f,0x74,0x00,0x00,0x5f,0x63,0x61,0x62,0x73,0x00,0x00,0x00,
    0x6c,0x64,0x65,0x78,0x70,0x00,0x00,0x00,0x6d,0x6f,0x64,0x66,0x00,0x00,0x00,0x00,0x66,0x61,0x62,0x73,0x00,0x00,0x00,0x00,
    0x66,0x6c,0x6f,0x6f,0x72,0x00,0x00,0x00,0x63,0x65,0x69,0x6c,0x00,0x00,0x00,0x00,0x74,0x61,0x6e,0x00,0x63,0x6f,0x73,0x00,
    0x73,0x69,0x6e,0x00,0x73,0x71,0x72,0x74,0x00,0x00,0x00,0x00,0x61,0x74,0x61,0x6e,0x32,0x00,0x00,0x00,0x61,0x74,0x61,0x6e,
    0x00,0x00,0x00,0x00,0x61,0x63,0x6f,0x73,0x00,0x00,0x00,0x00,0x61,0x73,0x69,0x6e,0x00,0x00,0x00,0x00,0x74,0x61,0x6e,0x68,
    0x00,0x00,0x00,0x00,0x63,0x6f,0x73,0x68,0x00,0x00,0x00,0x00,0x73,0x69,0x6e,0x68,0x00,0x00,0x00,0x00,0x6c,0x6f,0x67,0x31,
    0x30,0x00,0x00,0x00,0x6c,0x6f,0x67,0x00,0x70,0x6f,0x77,0x00,0x65,0x78,0x70,0x00,0x00,0x00,0x00,0x00,0x00,0x00,0x00,0x00,
    0x00,0x00,0x00,0x00,0x00,0x00,0xf0,0x3f,0x7f,0x02,0x35,0xc2,0x68,0x21,0xa2,0xda,0x0f,0xc9,0x3e,0x40,0xff,0xff,0xff,0xff,
    0xff,0xff,0xef,0x7f,0x00,0x00,0x00,0x00,0x00,0x00,0x10,0x00,0x00,0x00,0x00,0x00,0x00,0x00,0x98,0xc0,0x00,0x00,0x00,0x00,
    0x00,0x00,0x98,0x40,0x00,0x00,0x00,0x00,0x00,0x00,0xf0,0x7f,0x00,0x00,0x00,0x00,0x00,0x00,0x00,0x00,0x00,0x00,0x00,0x00,
    0x00,0x00,0x00,0x00,0x00,0x00,0x00,0x00,0xff,0xff,0xff,0xff,0x6c,0x4e,0x4a,0x00,0x70,0x4e,0x4a,0x00,0xff,0xff,0xff,0xff,
    0x20,0x4f,0x4a,0x00,0x24,0x4f,0x4a,0x00,0x53,0x75,0x6e,0x4d,0x6f,0x6e,0x54,0x75,0x65,0x57,0x65,0x64,0x54,0x68,0x75,0x46,
    0x72,0x69,0x53,0x61,0x74,0x00,0x00,0x00,0x4a,0x61,0x6e,0x46,0x65,0x62,0x4d,0x61,0x72,0x41,0x70,0x72,0x4d,0x61,0x79,0x4a,
    0x75,0x6e,0x4a,0x75,0x6c,0x41,0x75,0x67,0x53,0x65,0x70,0x4f,0x63,0x74,0x4e,0x6f,0x76,0x44,0x65,0x63,0x00,0x00,0x00,0x00,
    0x54,0x5a,0x00,0x00,0x00,0x00,0x00,0x00,0xff,0xff,0xff,0xff,0x8a,0x66,0x4a,0x00,0x8e,0x66,0x4a,0x00,0x72,0x75,0x6e,0x74,
    0x69,0x6d,0x65,0x20,0x65,0x72,0x72,0x6f,0x72,0x20,0x00,0x00,0x54,0x4c,0x4f,0x53,0x53,0x20,0x65,0x72,0x72,0x6f,0x72,0x0d,
    0x0a,0x00,0x00,0x00,0x53,0x49,0x4e,0x47,0x20,0x65,0x72,0x72,0x6f,0x72,0x0d,0x0a,0x00,0x00,0x00,0x00,0x44,0x4f,0x4d,0x41,
    0x49,0x4e,0x20,0x65,0x72,0x72,0x6f,0x72,0x0d,0x0a,0x00,0x00,0x52,0x36,0x30,0x32,0x38,0x0d,0x0a,0x2d,0x20,0x75,0x6e,0x61,
    0x62,0x6c,0x65,0x20,0x74,0x6f,0x20,0x69,0x6e,0x69,0x74,0x69,0x61,0x6c,0x69,0x7a,0x65,0x20,0x68,0x65,0x61,0x70,0x0d,0x0a,
    0x00,0x00,0x00,0x00,0x52,0x36,0x30,0x32,0x37,0x0d,0x0a,0x2d,0x20,0x6e,0x6f,0x74,0x20,0x65,0x6e,0x6f,0x75,0x67,0x68,0x20,
    0x73,0x70,0x61,0x63,0x65,0x20,0x66,0x6f,0x72,0x20,0x6c,0x6f,0x77,0x69,0x6f,0x20,0x69,0x6e,0x69,0x74,0x69,0x61,0x6c,0x69,
    0x7a,0x61,0x74,0x69,0x6f,0x6e,0x0d,0x0a,0x00,0x00,0x00,0x00,0x52,0x36,0x30,0x32,0x36,0x0d,0x0a,0x2d,0x20,0x6e,0x6f,0x74,
    0x20,0x65,0x6e,0x6f,0x75,0x67,0x68,0x20,0x73,0x70,0x61,0x63,0x65,0x20,0x66,0x6f,0x72,0x20,0x73,0x74,0x64,0x69,0x6f,0x20,
    0x69,0x6e,0x69,0x74,0x69,0x61,0x6c,0x69,0x7a,0x61,0x74,0x69,0x6f,0x6e,0x0d,0x0a,0x00,0x00,0x00,0x00,0x52,0x36,0x30,0x32,
    0x35,0x0d,0x0a,0x2d,0x20,0x70,0x75,0x72,0x65,0x20,0x76,0x69,0x72,0x74,0x75,0x61,0x6c,0x20,0x66,0x75,0x6e,0x63,0x74,0x69,
    0x6f,0x6e,0x20,0x63,0x61,0x6c,0x6c,0x0d,0x0a,0x00,0x00,0x00,0x52,0x36,0x30,0x32,0x34,0x0d,0x0a,0x2d,0x20,0x6e,0x6f,0x74,
    0x20,0x65,0x6e,0x6f,0x75,0x67,0x68,0x20,0x73,0x70,0x61,0x63,0x65,0x20,0x66,0x6f,0x72,0x20,0x5f,0x6f,0x6e,0x65,0x78,0x69,
    0x74,0x2f,0x61,0x74,0x65,0x78,0x69,0x74,0x20,0x74,0x61,0x62,0x6c,0x65,0x0d,0x0a,0x00,0x00,0x00,0x00,0x52,0x36,0x30,0x31,
    0x39,0x0d,0x0a,0x2d,0x20,0x75,0x6e,0x61,0x62,0x6c,0x65,0x20,0x74,0x6f,0x20,0x6f,0x70,0x65,0x6e,0x20,0x63,0x6f,0x6e,0x73,
    0x6f,0x6c,0x65,0x20,0x64,0x65,0x76,0x69,0x63,0x65,0x0d,0x0a,0x00,0x00,0x00,0x00,0x52,0x36,0x30,0x31,0x38,0x0d,0x0a,0x2d,
    0x20,0x75,0x6e,0x65,0x78,0x70,0x65,0x63,0x74,0x65,0x64,0x20,0x68,0x65,0x61,0x70,0x20,0x65,0x72,0x72,0x6f,0x72,0x0d,0x0a,
    0x00,0x00,0x00,0x00,0x52,0x36,0x30,0x31,0x37,0x0d,0x0a,0x2d,0x20,0x75,0x6e,0x65,0x78,0x70,0x65,0x63,0x74,0x65,0x64,0x20,
    0x6d,0x75,0x6c,0x74,0x69,0x74,0x68,0x72,0x65,0x61,0x64,0x20,0x6c,0x6f,0x63,0x6b,0x20,0x65,0x72,0x72,0x6f,0x72,0x0d,0x0a,
    0x00,0x00,0x00,0x00,0x52,0x36,0x30,0x31,0x36,0x0d,0x0a,0x2d,0x20,0x6e,0x6f,0x74,0x20,0x65,0x6e,0x6f,0x75,0x67,0x68,0x20,
    0x73,0x70,0x61,0x63,0x65,0x20,0x66,0x6f,0x72,0x20,0x74,0x68,0x72,0x65,0x61,0x64,0x20,0x64,0x61,0x74,0x61,0x0d,0x0a,0x00,
    0x0d,0x0a,0x61,0x62,0x6e,0x6f,0x72,0x6d,0x61,0x6c,0x20,0x70,0x72,0x6f,0x67,0x72,0x61,0x6d,0x20,0x74,0x65,0x72,0x6d,0x69,
    0x6e,0x61,0x74,0x69,0x6f,0x6e,0x0d,0x0a,0x00,0x00,0x00,0x00,0x52,0x36,0x30,0x30,0x39,0x0d,0x0a,0x2d,0x20,0x6e,0x6f,0x74,
    0x20,0x65,0x6e,0x6f,0x75,0x67,0x68,0x20,0x73,0x70,0x61,0x63,0x65,0x20,0x66,0x6f,0x72,0x20,0x65,0x6e,0x76,0x69,0x72,0x6f,
    0x6e,0x6d,0x65,0x6e,0x74,0x0d,0x0a,0x00,0x52,0x36,0x30,0x30,0x38,0x0d,0x0a,0x2d,0x20,0x6e,0x6f,0x74,0x20,0x65,0x6e,0x6f,
    0x75,0x67,0x68,0x20,0x73,0x70,0x61,0x63,0x65,0x20,0x66,0x6f,0x72,0x20,0x61,0x72,0x67,0x75,0x6d,0x65,0x6e,0x74,0x73,0x0d,
    0x0a,0x00,0x00,0x00,0x52,0x36,0x30,0x30,0x32,0x0d,0x0a,0x2d,0x20,0x66,0x6c,0x6f,0x61,0x74,0x69,0x6e,0x67,0x20,0x70,0x6f,
    0x69,0x6e,0x74,0x20,0x6e,0x6f,0x74,0x20,0x6c,0x6f,0x61,0x64,0x65,0x64,0x0d,0x0a,0x00,0x00,0x00,0x00,0x4d,0x69,0x63,0x72,
    0x6f,0x73,0x6f,0x66,0x74,0x20,0x56,0x69,0x73,0x75,0x61,0x6c,0x20,0x43,0x2b,0x2b,0x20,0x52,0x75,0x6e,0x74,0x69,0x6d,0x65,
    0x20,0x4c,0x69,0x62,0x72,0x61,0x72,0x79,0x00,0x00,0x00,0x00,0x0a,0x0a,0x00,0x00,0x52,0x75,0x6e,0x74,0x69,0x6d,0x65,0x20,
    0x45,0x72,0x72,0x6f,0x72,0x21,0x0a,0x0a,0x50,0x72,0x6f,0x67,0x72,0x61,0x6d,0x3a,0x20,0x00,0x00,0x00,0x2e,0x2e,0x2e,0x00,
    0x3c,0x70,0x72,0x6f,0x67,0x72,0x61,0x6d,0x20,0x6e,0x61,0x6d,0x65,0x20,0x75,0x6e,0x6b,0x6e,0x6f,0x77,0x6e,0x3e,0x00,0x00,
    0x47,0x65,0x74,0x4c,0x61,0x73,0x74,0x41,0x63,0x74,0x69,0x76,0x65,0x50,0x6f,0x70,0x75,0x70,0x00,0x00,0x47,0x65,0x74,0x41,
    0x63,0x74,0x69,0x76,0x65,0x57,0x69,0x6e,0x64,0x6f,0x77,0x00,0x4d,0x65,0x73,0x73,0x61,0x67,0x65,0x42,0x6f,0x78,0x41,0x00,
    0x75,0x73,0x65,0x72,0x33,0x32,0x2e,0x64,0x6c,0x6c,0x00,0x00,0x31,0x23,0x51,0x4e,0x41,0x4e,0x00,0x00,0x31,0x23,0x49,0x4e,
    0x46,0x00,0x00,0x00,0x31,0x23,0x49,0x4e,0x44,0x00,0x00,0x00,0x31,0x23,0x53,0x4e,0x41,0x4e,0x00,0x00,0x00,0x00,0x00,0x00,
    0xff,0xff,0xff,0xff,0x6f,0xa6,0x4a,0x00,0x73,0xa6,0x4a,0x00,0xff,0xff,0xff,0xff,0xde,0xa6,0x4a,0x00,0xe2,0xa6,0x4a,0x00,
    0x98,0xd6,0x0a,0x00,0x00,0x00,0x00,0x00,0x00,0x00,0x00,0x00,0x00,0xda,0x0a,0x00,0x00,0xb0,0x0a,0x00,0x70,0xd7,0x0a,0x00,
    0x00,0x00,0x00,0x00,0x00,0x00,0x00,0x00,0x6e,0xdd,0x0a,0x00,0xd8,0xb0,0x0a,0x00,0x28,0xd9,0x0a,0x00,0x00,0x00,0x00,0x00,
    0x00,0x00,0x00,0x00,0x94,0xdf,0x0a,0x00,0x90,0xb2,0x0a,0x00,0xfc,0xd6,0x0a,0x00,0x00,0x00,0x00,0x00,0x00,0x00,0x00,0x00,
    0x54,0xe1,0x0a,0x00,0x64,0xb0,0x0a,0x00,0xc4,0xd9,0x0a,0x00,0x00,0x00,0x00,0x00,0x00,0x00,0x00,0x00,0xae,0xe1,0x0a,0x00,
    0x2c,0xb3,0x0a,0x00,0xe4,0xd6,0x0a,0x00,0x00,0x00,0x00,0x00,0x00,0x00,0x00,0x00,0xcc,0xe1,0x0a,0x00,0x4c,0xb0,0x0a,0x00,
    0xf4,0xd6,0x0a,0x00,0x00,0x00,0x00,0x00,0x00,0x00,0x00,0x00,0xd6,0xe1,0x0a,0x00,0x5c,0xb0,0x0a,0x00,0xec,0xd6,0x0a,0x00,
    0x00,0x00,0x00,0x00,0x00,0x00,0x00,0x00,0xf8,0xe1,0x0a,0x00,0x54,0xb0,0x0a,0x00,0xb4,0xd9,0x0a,0x00,0x00,0x00,0x00,0x00,
    0x00,0x00,0x00,0x00,0x46,0xe2,0x0a,0x00,0x1c,0xb3,0x0a,0x00,0x0c,0xd9,0x0a,0x00,0x00,0x00,0x00,0x00,0x00,0x00,0x00,0x00,
    0xce,0xe2,0x0a,0x00,0x74,0xb2,0x0a,0x00,0xa0,0xd6,0x0a,0x00,0x00,0x00,0x00,0x00,0x00,0x00,0x00,0x00,0x04,0xe4,0x0a,0x00,
    0x08,0xb0,0x0a,0x00,0xe4,0xd9,0x0a,0x00,0x00,0x00,0x00,0x00,0x00,0x00,0x00,0x00,0x36,0xe4,0x0a,0x00,0x4c,0xb3,0x0a,0x00,
    0xdc,0xd9,0x0a,0x00,0x00,0x00,0x00,0x00,0x00,0x00,0x00,0x00,0x50,0xe4,0x0a,0x00,0x44,0xb3,0x0a,0x00,0x00,0x00,0x00,0x00,
    0x00,0x00,0x00,0x00,0x00,0x00,0x00,0x00,0x00,0x00,0x00,0x00,0x00,0x00,0x00,0x00,0xf0,0xd9,0x0a,0x00,0x00,0x00,0x00,0x00,
    0xf4,0xe3,0x0a,0x00,0xe2,0xe3,0x0a,0x00,0xd0,0xe3,0x0a,0x00,0xba,0xe3,0x0a,0x00,0xa6,0xe3,0x0a,0x00,0x8e,0xe3,0x0a,0x00,
    0x74,0xe3,0x0a,0x00,0x66,0xe3,0x0a,0x00,0x56,0xe3,0x0a,0x00,0x46,0xe3,0x0a,0x00,0x32,0xe3,0x0a,0x00,0x20,0xe3,0x0a,0x00,
    0x0e,0xe3,0x0a,0x00,0xfa,0xe2,0x0a,0x00,0xe8,0xe2,0x0a,0x00,0xda,0xe2,0x0a,0x00,0x00,0x00,0x00,0x00,0xb8,0xe1,0x0a,0x00,
    0x00,0x00,0x00,0x00,0xe2,0xe1,0x0a,0x00,0x00,0x00,0x00,0x00,0x01,0x00,0x00,0x80,0x00,0x00,0x00,0x00,0xc2,0xe0,0x0a,0x00,
    0x42,0xe1,0x0a,0x00,0xa0,0xdf,0x0a,0x00,0x2c,0xe1,0x0a,0x00,0xbc,0xdf,0x0a,0x00,0xc8,0xdf,0x0a,0x00,0xac,0xdf,0x0a,0x00,
    0xee,0xdf,0x0a,0x00,0xfe,0xdf,0x0a,0x00,0xde,0xdf,0x0a,0x00,0x1e,0xe0,0x0a,0x00,0x28,0xe0,0x0a,0x00,0x08,0xe0,0x0a,0x00,
    0x40,0xe0,0x0a,0x00,0x50,0xe0,0x0a,0x00,0x34,0xe0,0x0a,0x00,0x72,0xe0,0x0a,0x00,0x7e,0xe0,0x0a,0x00,0x60,0xe0,0x0a,0x00,
    0x9a,0xe0,0x0a,0x00,0xaa,0xe0,0x0a,0x00,0x8a,0xe0,0x0a,0x00,0xe4,0xe0,0x0a,0x00,0xf6,0xe0,0x0a,0x00,0x0c,0xe1,0x0a,0x00,
    0x18,0xe1,0x0a,0x00,0xd6,0xe0,0x0a,0x00,0x00,0xe1,0x0a,0x00,0x00,0x00,0x00,0x00,0x36,0xdd,0x0a,0x00,0x58,0xdd,0x0a,0x00,
    0x46,0xdd,0x0a,0x00,0x08,0xdd,0x0a,0x00,0x26,0xdd,0x0a,0x00,0x16,0xdd,0x0a,0x00,0xd2,0xdc,0x0a,0x00,0xee,0xdc,0x0a,0x00,
    0xe2,0xdc,0x0a,0x00,0x9e,0xdc,0x0a,0x00,0xc2,0xdc,0x0a,0x00,0xb0,0xdc,0x0a,0x00,0x5c,0xdc,0x0a,0x00,0x8e,0xdc,0x0a,0x00,
    0x78,0xdc,0x0a,0x00,0x2a,0xdc,0x0a,0x00,0x42,0xdc,0x0a,0x00,0x32,0xdc,0x0a,0x00,0xf2,0xdb,0x0a,0x00,0x1a,0xdc,0x0a,0x00,
    0x0c,0xdc,0x0a,0x00,0xae,0xdb,0x0a,0x00,0xde,0xdb,0x0a,0x00,0xc8,0xdb,0x0a,0x00,0x70,0xe7,0x0a,0x00,0xd8,0xda,0x0a,0x00,
    0xce,0xda,0x0a,0x00,0x04,0xdb,0x0a,0x00,0xb4,0xe6,0x0a,0x00,0xf6,0xda,0x0a,0x00,0x92,0xe6,0x0a,0x00,0x88,0xe6,0x0a,0x00,
    0x9e,0xe6,0x0a,0x00,0x6a,0xe6,0x0a,0x00,0x5a,0xe6,0x0a,0x00,0x7c,0xe6,0x0a,0x00,0x3c,0xe6,0x0a,0x00,0x2e,0xe6,0x0a,0x00,
    0x4a,0xe6,0x0a,0x00,0x0e,0xe6,0x0a,0x00,0x00,0xe6,0x0a,0x00,0x20,0xe6,0x0a,0x00,0xdc,0xe5,0x0a,0x00,0xc8,0xe5,0x0a,0x00,
    0xee,0xe5,0x0a,0x00,0xa6,0xe5,0x0a,0x00,0x92,0xe5,0x0a,0x00,0xb4,0xe5,0x0a,0x00,0x70,0xe5,0x0a,0x00,0x64,0xe5,0x0a,0x00,
    0x7e,0xe5,0x0a,0x00,0x4a,0xe5,0x0a,0x00,0x78,0xdb,0x0a,0x00,0x58,0xe5,0x0a,0x00,0x3a,0xe5,0x0a,0x00,0x2a,0xe5,0x0a,0x00,
    0x10,0xe5,0x0a,0x00,0x02,0xe5,0x0a,0x00,0xee,0xe4,0x0a,0x00,0xd6,0xe4,0x0a,0x00,0xbc,0xe4,0x0a,0x00,0x56,0xe7,0x0a,0x00,
    0x96,0xdb,0x0a,0x00,0x3a,0xe7,0x0a,0x00,0x28,0xe7,0x0a,0x00,0x88,0xdb,0x0a,0x00,0x16,0xe7,0x0a,0x00,0x06,0xe7,0x0a,0x00,
    0x6c,0xdb,0x0a,0x00,0x56,0xdb,0x0a,0x00,0x40,0xdb,0x0a,0x00,0x30,0xdb,0x0a,0x00,0x20,0xdb,0x0a,0x00,0x12,0xdb,0x0a,0x00,
    0xf6,0xe6,0x0a,0x00,0xe6,0xe6,0x0a,0x00,0xd4,0xe6,0x0a,0x00,0xc4,0xe6,0x0a,0x00,0x80,0xda,0x0a,0x00,0x68,0xda,0x0a,0x00,
    0x90,0xda,0x0a,0x00,0x6a,0xe4,0x0a,0x00,0x5e,0xe4,0x0a,0x00,0x8a,0xe7,0x0a,0x00,0xa2,0xe7,0x0a,0x00,0x98,0xe4,0x0a,0x00,
    0xa4,0xe4,0x0a,0x00,0xe6,0xda,0x0a,0x00,0x88,0xe4,0x0a,0x00,0x76,0xe4,0x0a,0x00,0xc2,0xda,0x0a,0x00,0xb6,0xda,0x0a,0x00,
    0xa4,0xda,0x0a,0x00,0xd0,0xe7,0x0a,0x00,0xbc,0xe7,0x0a,0x00,0x5c,0xda,0x0a,0x00,0x4e,0xda,0x0a,0x00,0x40,0xda,0x0a,0x00,
    0x32,0xda,0x0a,0x00,0x26,0xda,0x0a,0x00,0x0e,0xda,0x0a,0x00,0xe2,0xe7,0x0a,0x00,0x00,0x00,0x00,0x00,0x74,0xe2,0x0a,0x00,
    0xb4,0xe2,0x0a,0x00,0xa0,0xe2,0x0a,0x00,0x84,0xe2,0x0a,0x00,0x52,0xe2,0x0a,0x00,0x64,0xe2,0x0a,0x00,0x00,0x00,0x00,0x00,
    0x20,0xdf,0x0a,0x00,0x44,0xdf,0x0a,0x00,0x7c,0xdd,0x0a,0x00,0x88,0xdd,0x0a,0x00,0x96,0xdd,0x0a,0x00,0xa6,0xdd,0x0a,0x00,
    0xb4,0xdd,0x0a,0x00,0xc2,0xdd,0x0a,0x00,0xce,0xdd,0x0a,0x00,0xda,0xdd,0x0a,0x00,0x0e,0xde,0x0a,0x00,0xf2,0xdd,0x0a,0x00,
    0x02,0xde,0x0a,0x00,0x40,0xde,0x0a,0x00,0x1e,0xde,0x0a,0x00,0x32,0xde,0x0a,0x00,0x74,0xde,0x0a,0x00,0x4e,0xde,0x0a,0x00,
    0x60,0xde,0x0a,0x00,0xa2,0xde,0x0a,0x00,0x88,0xde,0x0a,0x00,0x96,0xde,0x0a,0x00,0xd6,0xde,0x0a,0x00,0xb4,0xde,0x0a,0x00,
    0xc4,0xde,0x0a,0x00,0x02,0xdf,0x0a,0x00,0xe4,0xde,0x0a,0x00,0xf4,0xde,0x0a,0x00,0x80,0xdf,0x0a,0x00,0x0e,0xdf,0x0a,0x00,
    0x52,0xdf,0x0a,0x00,0x6c,0xdf,0x0a,0x00,0x60,0xdf,0x0a,0x00,0x32,0xdf,0x0a,0x00,0x00,0x00,0x00,0x00,0x2c,0xe2,0x0a,0x00,
    0x16,0xe2,0x0a,0x00,0x04,0xe2,0x0a,0x00,0x00,0x00,0x00,0x00,0x9e,0xe1,0x0a,0x00,0x7e,0xe1,0x0a,0x00,0x70,0xe1,0x0a,0x00,
    0x5e,0xe1,0x0a,0x00,0x8e,0xe1,0x0a,0x00,0x00,0x00,0x00,0x00,0x40,0xe4,0x0a,0x00,0x00,0x00,0x00,0x00,0x26,0xe4,0x0a,0x00,
    0x12,0xe4,0x0a,0x00,0x00,0x00,0x00,0x00,0xd7,0x00,0x47,0x65,0x74,0x55,0x73,0x65,0x72,0x4e,0x61,0x6d,0x65,0x41,0x00,0x00,
    0x41,0x44,0x56,0x41,0x50,0x49,0x33,0x32,0x2e,0x64,0x6c,0x6c,0x00,0x00,0x5d,0x02,0x53,0x65,0x74,0x43,0x75,0x72,0x72,0x65,
    0x6e,0x74,0x44,0x69,0x72,0x65,0x63,0x74,0x6f,0x72,0x79,0x41,0x00,0x00,0x18,0x02,0x52,0x65,0x61,0x64,0x46,0x69,0x6c,0x65,
    0x00,0x00,0x1b,0x00,0x43,0x6c,0x6f,0x73,0x65,0x48,0x61,0x6e,0x64,0x6c,0x65,0x00,0x12,0x01,0x47,0x65,0x74,0x46,0x69,0x6c,
    0x65,0x53,0x69,0x7a,0x65,0x00,0x34,0x00,0x43,0x72,0x65,0x61,0x74,0x65,0x46,0x69,0x6c,0x65,0x41,0x00,0xdf,0x02,0x57,0x72,
    0x69,0x74,0x65,0x46,0x69,0x6c,0x65,0x00,0x77,0x01,0x47,0x65,0x74,0x56,0x6f,0x6c,0x75,0x6d,0x65,0x49,0x6e,0x66,0x6f,0x72,
    0x6d,0x61,0x74,0x69,0x6f,0x6e,0x41,0x00,0x04,0x01,0x47,0x65,0x74,0x44,0x72,0x69,0x76,0x65,0x54,0x79,0x70,0x65,0x41,0x00,
    0x20,0x01,0x47,0x65,0x74,0x4c,0x6f,0x67,0x69,0x63,0x61,0x6c,0x44,0x72,0x69,0x76,0x65,0x73,0x00,0x00,0x5c,0x00,0x44,0x65,
    0x76,0x69,0x63,0x65,0x49,0x6f,0x43,0x6f,0x6e,0x74,0x72,0x6f,0x6c,0x00,0xcc,0x01,0x4c,0x6f,0x63,0x61,0x6c,0x46,0x72,0x65,
    0x65,0x00,0x02,0x03,0x6c,0x73,0x74,0x72,0x63,0x70,0x79,0x41,0x00,0x00,0xe3,0x01,0x4d,0x75,0x6c,0x44,0x69,0x76,0x00,0x00,
    0xc8,0x01,0x4c,0x6f,0x63,0x61,0x6c,0x41,0x6c,0x6c,0x6f,0x63,0x00,0x00,0x93,0x01,0x47,0x6c,0x6f,0x62,0x61,0x6c,0x55,0x6e,
    0x6c,0x6f,0x63,0x6b,0x00,0x00,0x88,0x01,0x47,0x6c,0x6f,0x62,0x61,0x6c,0x46,0x72,0x65,0x65,0x00,0x00,0x8c,0x01,0x47,0x6c,
    0x6f,0x62,0x61,0x6c,0x4c,0x6f,0x63,0x6b,0x00,0x00,0x81,0x01,0x47,0x6c,0x6f,0x62,0x61,0x6c,0x41,0x6c,0x6c,0x6f,0x63,0x00,
    0x6d,0x01,0x47,0x65,0x74,0x54,0x69,0x63,0x6b,0x43,0x6f,0x75,0x6e,0x74,0x00,0x00,0xc6,0x02,0x56,0x69,0x72,0x74,0x75,0x61,
    0x6c,0x51,0x75,0x65,0x72,0x79,0x00,0x00,0xf5,0x01,0x4f,0x75,0x74,0x70,0x75,0x74,0x44,0x65,0x62,0x75,0x67,0x53,0x74,0x72,
    0x69,0x6e,0x67,0x41,0x00,0x00,0x24,0x01,0x47,0x65,0x74,0x4d,0x6f,0x64,0x75,0x6c,0x65,0x46,0x69,0x6c,0x65,0x4e,0x61,0x6d,
    0x65,0x41,0x00,0x00,0x08,0x03,0x6c,0x73,0x74,0x72,0x6c,0x65,0x6e,0x41,0x00,0x00,0x5b,0x01,0x47,0x65,0x74,0x53,0x79,0x73,
    0x74,0x65,0x6d,0x49,0x6e,0x66,0x6f,0x00,0x14,0x01,0x47,0x65,0x74,0x46,0x69,0x6c,0x65,0x54,0x69,0x6d,0x65,0x00,0x88,0x00,
    0x46,0x69,0x6c,0x65,0x54,0x69,0x6d,0x65,0x54,0x6f,0x44,0x6f,0x73,0x44,0x61,0x74,0x65,0x54,0x69,0x6d,0x65,0x00,0x89,0x00,
    0x46,0x69,0x6c,0x65,0x54,0x69,0x6d,0x65,0x54,0x6f,0x4c,0x6f,0x63,0x61,0x6c,0x46,0x69,0x6c,0x65,0x54,0x69,0x6d,0x65,0x00,
    0x8d,0x01,0x47,0x6c,0x6f,0x62,0x61,0x6c,0x4d,0x65,0x6d,0x6f,0x72,0x79,0x53,0x74,0x61,0x74,0x75,0x73,0x00,0x00,0xce,0x00,
    0x47,0x65,0x74,0x43,0x6f,0x6d,0x70,0x75,0x74,0x65,0x72,0x4e,0x61,0x6d,0x65,0x41,0x00,0x00,0x5f,0x01,0x47,0x65,0x74,0x53,
    0x79,0x73,0x74,0x65,0x6d,0x54,0x69,0x6d,0x65,0x41,0x73,0x46,0x69,0x6c,0x65,0x54,0x69,0x6d,0x65,0x00,0xb4,0x00,0x46,0x72,
    0x65,0x65,0x4c,0x69,0x62,0x72,0x61,0x72,0x79,0x00,0xc2,0x01,0x4c,0x6f,0x61,0x64,0x4c,0x69,0x62,0x72,0x61,0x72,0x79,0x41,
    0x00,0x00,0x96,0x02,0x53,0x6c,0x65,0x65,0x70,0x00,0xb5,0x01,0x49,0x73,0x42,0x61,0x64,0x52,0x65,0x61,0x64,0x50,0x74,0x72,
    0x00,0x00,0x06,0x02,0x51,0x75,0x65,0x72,0x79,0x50,0x65,0x72,0x66,0x6f,0x72,0x6d,0x61,0x6e,0x63,0x65,0x43,0x6f,0x75,0x6e,
    0x74,0x65,0x72,0x00,0x07,0x02,0x51,0x75,0x65,0x72,0x79,0x50,0x65,0x72,0x66,0x6f,0x72,0x6d,0x61,0x6e,0x63,0x65,0x46,0x72,
    0x65,0x71,0x75,0x65,0x6e,0x63,0x79,0x00,0xce,0x02,0x57,0x61,0x69,0x74,0x46,0x6f,0x72,0x53,0x69,0x6e,0x67,0x6c,0x65,0x4f,
    0x62,0x6a,0x65,0x63,0x74,0x00,0x3f,0x00,0x43,0x72,0x65,0x61,0x74,0x65,0x4d,0x75,0x74,0x65,0x78,0x41,0x00,0x00,0xc3,0x01,
    0x4c,0x6f,0x61,0x64,0x4c,0x69,0x62,0x72,0x61,0x72,0x79,0x45,0x78,0x41,0x00,0x00,0x6a,0x02,0x53,0x65,0x74,0x46,0x69,0x6c,
    0x65,0x50,0x6f,0x69,0x6e,0x74,0x65,0x72,0x00,0x00,0x98,0x02,0x53,0x75,0x73,0x70,0x65,0x6e,0x64,0x54,0x68,0x72,0x65,0x61,
    0x64,0x00,0x2c,0x02,0x52,0x65,0x73,0x75,0x6d,0x65,0x54,0x68,0x72,0x65,0x61,0x64,0x00,0x00,0x65,0x02,0x53,0x65,0x74,0x45,
    0x76,0x65,0x6e,0x74,0x00,0x00,0xcc,0x02,0x57,0x61,0x69,0x74,0x46,0x6f,0x72,0x4d,0x75,0x6c,0x74,0x69,0x70,0x6c,0x65,0x4f,
    0x62,0x6a,0x65,0x63,0x74,0x73,0x00,0x00,0x2b,0x02,0x52,0x65,0x73,0x65,0x74,0x45,0x76,0x65,0x6e,0x74,0x00,0x00,0x1a,0x01,
    0x47,0x65,0x74,0x4c,0x61,0x73,0x74,0x45,0x72,0x72,0x6f,0x72,0x00,0x00,0x31,0x00,0x43,0x72,0x65,0x61,0x74,0x65,0x45,0x76,
    0x65,0x6e,0x74,0x41,0x00,0x00,0x4a,0x00,0x43,0x72,0x65,0x61,0x74,0x65,0x54,0x68,0x72,0x65,0x61,0x64,0x00,0x00,0x9f,0x02,
    0x54,0x65,0x72,0x6d,0x69,0x6e,0x61,0x74,0x65,0x54,0x68,0x72,0x65,0x61,0x64,0x00,0xe4,0x01,0x4d,0x75,0x6c,0x74,0x69,0x42,
    0x79,0x74,0x65,0x54,0x6f,0x57,0x69,0x64,0x65,0x43,0x68,0x61,0x72,0x00,0x4b,0x45,0x52,0x4e,0x45,0x4c,0x33,0x32,0x2e,0x64,
    0x6c,0x6c,0x00,0x00,0xac,0x02,0x77,0x73,0x70,0x72,0x69,0x6e,0x74,0x66,0x41,0x00,0xd2,0x01,0x4f,0x66,0x66,0x73,0x65,0x74,
    0x52,0x65,0x63,0x74,0x00,0x00,0x79,0x01,0x49,0x6e,0x74,0x65,0x72,0x73,0x65,0x63,0x74,0x52,0x65,0x63,0x74,0x00,0xbe,0x01,
    0x4d,0x65,0x73,0x73,0x61,0x67,0x65,0x42,0x6f,0x78,0x41,0x00,0xae,0x02,0x77,0x76,0x73,0x70,0x72,0x69,0x6e,0x74,0x66,0x41,
    0x00,0x00,0xaf,0x00,0x44,0x72,0x61,0x77,0x54,0x65,0x78,0x74,0x41,0x00,0xd4,0x00,0x46,0x69,0x6c,0x6c,0x52,0x65,0x63,0x74,
    0x00,0x00,0x71,0x02,0x53,0x79,0x73,0x74,0x65,0x6d,0x50,0x61,0x72,0x61,0x6d,0x65,0x74,0x65,0x72,0x73,0x49,0x6e,0x66,0x6f,
    0x41,0x00,0xdc,0x01,0x50,0x65,0x65,0x6b,0x4d,0x65,0x73,0x73,0x61,0x67,0x65,0x41,0x00,0x00,0xea,0x01,0x50,0x74,0x49,0x6e,
    0x52,0x65,0x63,0x74,0x00,0x00,0x8e,0x00,0x44,0x65,0x73,0x74,0x72,0x6f,0x79,0x57,0x69,0x6e,0x64,0x6f,0x77,0x00,0x01,0x00,
    0x41,0x64,0x6a,0x75,0x73,0x74,0x57,0x69,0x6e,0x64,0x6f,0x77,0x52,0x65,0x63,0x74,0x00,0x00,0x66,0x02,0x53,0x68,0x6f,0x77,
    0x43,0x75,0x72,0x73,0x6f,0x72,0x00,0x00,0x6a,0x02,0x53,0x68,0x6f,0x77,0x57,0x69,0x6e,0x64,0x6f,0x77,0x00,0x00,0x59,0x00,
    0x43,0x72,0x65,0x61,0x74,0x65,0x57,0x69,0x6e,0x64,0x6f,0x77,0x45,0x78,0x41,0x00,0xff,0x00,0x47,0x65,0x74,0x44,0x65,0x73,
    0x6b,0x74,0x6f,0x70,0x57,0x69,0x6e,0x64,0x6f,0x77,0x00,0x00,0xf3,0x01,0x52,0x65,0x67,0x69,0x73,0x74,0x65,0x72,0x43,0x6c,
    0x61,0x73,0x73,0x45,0x78,0x41,0x00,0x00,0x9a,0x01,0x4c,0x6f,0x61,0x64,0x43,0x75,0x72,0x73,0x6f,0x72,0x41,0x00,0x9e,0x01,
    0x4c,0x6f,0x61,0x64,0x49,0x63,0x6f,0x6e,0x41,0x00,0x3a,0x00,0x43,0x6c,0x69,0x65,0x6e,0x74,0x54,0x6f,0x53,0x63,0x72,0x65,
    0x65,0x6e,0x00,0x00,0xf0,0x00,0x47,0x65,0x74,0x43,0x6c,0x69,0x65,0x6e,0x74,0x52,0x65,0x63,0x74,0x00,0x56,0x01,0x47,0x65,
    0x74,0x57,0x69,0x6e,0x64,0x6f,0x77,0x4c,0x6f,0x6e,0x67,0x41,0x00,0x00,0x12,0x01,0x47,0x65,0x74,0x4b,0x65,0x79,0x53,0x74,
    0x61,0x74,0x65,0x00,0x14,0x02,0x53,0x65,0x6e,0x64,0x4d,0x65,0x73,0x73,0x61,0x67,0x65,0x41,0x00,0x00,0x02,0x01,0x47,0x65,
    0x74,0x44,0x6c,0x67,0x49,0x74,0x65,0x6d,0x00,0x00,0xb9,0x00,0x45,0x6e,0x64,0x44,0x69,0x61,0x6c,0x6f,0x67,0x00,0x93,0x00,
    0x44,0x69,0x61,0x6c,0x6f,0x67,0x42,0x6f,0x78,0x50,0x61,0x72,0x61,0x6d,0x41,0x00,0x84,0x00,0x44,0x65,0x66,0x57,0x69,0x6e,
    0x64,0x6f,0x77,0x50,0x72,0x6f,0x63,0x41,0x00,0x00,0xe0,0x01,0x50,0x6f,0x73,0x74,0x51,0x75,0x69,0x74,0x4d,0x65,0x73,0x73,
    0x61,0x67,0x65,0x00,0xa5,0x02,0x57,0x61,0x69,0x74,0x4d,0x65,0x73,0x73,0x61,0x67,0x65,0x00,0x2a,0x01,0x47,0x65,0x74,0x4d,
    0x65,0x73,0x73,0x61,0x67,0x65,0x41,0x00,0x26,0x02,0x53,0x65,0x74,0x43,0x75,0x72,0x73,0x6f,0x72,0x00,0x95,0x00,0x44,0x69,
    0x73,0x70,0x61,0x74,0x63,0x68,0x4d,0x65,0x73,0x73,0x61,0x67,0x65,0x41,0x00,0x00,0x82,0x02,0x54,0x72,0x61,0x6e,0x73,0x6c,
    0x61,0x74,0x65,0x4d,0x65,0x73,0x73,0x61,0x67,0x65,0x00,0x00,0x55,0x53,0x45,0x52,0x33,0x32,0x2e,0x64,0x6c,0x6c,0x00,0x00,
    0x05,0x02,0x54,0x65,0x78,0x74,0x4f,0x75,0x74,0x41,0x00,0x00,0xf1,0x01,0x53,0x65,0x74,0x54,0x65,0x78,0x74,0x41,0x6c,0x69,
    0x67,0x6e,0x00,0x00,0xce,0x01,0x53,0x65,0x74,0x42,0x6b,0x4d,0x6f,0x64,0x65,0x00,0x37,0x00,0x43,0x72,0x65,0x61,0x74,0x65,
    0x46,0x6f,0x6e,0x74,0x49,0x6e,0x64,0x69,0x72,0x65,0x63,0x74,0x41,0x00,0x01,0x02,0x53,0x74,0x72,0x65,0x74,0x63,0x68,0x44,
    0x49,0x42,0x69,0x74,0x73,0x00,0xc7,0x01,0x53,0x65,0x6c,0x65,0x63,0x74,0x4f,0x62,0x6a,0x65,0x63,0x74,0x00,0x00,0x5c,0x00,
    0x45,0x6e,0x64,0x50,0x61,0x67,0x65,0x00,0x2a,0x00,0x43,0x72,0x65,0x61,0x74,0x65,0x43,0x6f,0x6d,0x70,0x61,0x74,0x69,0x62,
    0x6c,0x65,0x44,0x43,0x00,0x00,0x5a,0x00,0x45,0x6e,0x64,0x44,0x6f,0x63,0x00,0x00,0xff,0x01,0x53,0x74,0x61,0x72,0x74,0x50,
    0x61,0x67,0x65,0x00,0xfc,0x01,0x53,0x74,0x61,0x72,0x74,0x44,0x6f,0x63,0x41,0x00,0x25,0x01,0x47,0x65,0x74,0x44,0x65,0x76,
    0x69,0x63,0x65,0x43,0x61,0x70,0x73,0x00,0x53,0x00,0x44,0x65,0x6c,0x65,0x74,0x65,0x4f,0x62,0x6a,0x65,0x63,0x74,0x00,0x00,
    0x30,0x00,0x43,0x72,0x65,0x61,0x74,0x65,0x44,0x49,0x42,0x69,0x74,0x6d,0x61,0x70,0x00,0x00,0x50,0x00,0x44,0x65,0x6c,0x65,
    0x74,0x65,0x44,0x43,0x00,0x00,0x2b,0x00,0x43,0x72,0x65,0x61,0x74,0x65,0x44,0x43,0x41,0x00,0x48,0x00,0x43,0x72,0x65,0x61,
    0x74,0x65,0x52,0x65,0x63,0x74,0x52,0x67,0x6e,0x00,0xf3,0x01,0x53,0x65,0x74,0x54,0x65,0x78,0x74,0x43,0x6f,0x6c,0x6f,0x72,
    0x00,0x00,0x49,0x00,0x43,0x72,0x65,0x61,0x74,0x65,0x52,0x65,0x63,0x74,0x52,0x67,0x6e,0x49,0x6e,0x64,0x69,0x72,0x65,0x63,
    0x74,0x00,0x4d,0x00,0x43,0x72,0x65,0x61,0x74,0x65,0x53,0x6f,0x6c,0x69,0x64,0x42,0x72,0x75,0x73,0x68,0x00,0x00,0xcd,0x01,
    0x53,0x65,0x74,0x42,0x6b,0x43,0x6f,0x6c,0x6f,0x72,0x00,0x00,0x4d,0x01,0x47,0x65,0x74,0x4e,0x65,0x61,0x72,0x65,0x73,0x74,
    0x43,0x6f,0x6c,0x6f,0x72,0x00,0x84,0x01,0x4c,0x69,0x6e,0x65,0x54,0x6f,0x00,0x00,0x88,0x01,0x4d,0x6f,0x76,0x65,0x54,0x6f,
    0x45,0x78,0x00,0x00,0x44,0x00,0x43,0x72,0x65,0x61,0x74,0x65,0x50,0x65,0x6e,0x00,0x03,0x00,0x41,0x64,0x64,0x46,0x6f,0x6e,
    0x74,0x52,0x65,0x73,0x6f,0x75,0x72,0x63,0x65,0x41,0x00,0x00,0xb1,0x01,0x52,0x65,0x6d,0x6f,0x76,0x65,0x46,0x6f,0x6e,0x74,
    0x52,0x65,0x73,0x6f,0x75,0x72,0x63,0x65,0x41,0x00,0x5f,0x01,0x47,0x65,0x74,0x53,0x74,0x6f,0x63,0x6b,0x4f,0x62,0x6a,0x65,
    0x63,0x74,0x00,0x00,0x47,0x44,0x49,0x33,0x32,0x2e,0x64,0x6c,0x6c,0x00,0x5b,0x00,0x6d,0x69,0x64,0x69,0x4f,0x75,0x74,0x53,
    0x68,0x6f,0x72,0x74,0x4d,0x73,0x67,0x00,0x57,0x00,0x6d,0x69,0x64,0x69,0x4f,0x75,0x74,0x4f,0x70,0x65,0x6e,0x00,0x9a,0x00,
    0x74,0x69,0x6d,0x65,0x53,0x65,0x74,0x45,0x76,0x65,0x6e,0x74,0x00,0x00,0x4d,0x00,0x6d,0x69,0x64,0x69,0x4f,0x75,0x74,0x43,
    0x6c,0x6f,0x73,0x65,0x00,0x00,0x99,0x00,0x74,0x69,0x6d,0x65,0x4b,0x69,0x6c,0x6c,0x45,0x76,0x65,0x6e,0x74,0x00,0x57,0x49,
    0x4e,0x4d,0x4d,0x2e,0x64,0x6c,0x6c,0x00,0x08,0x00,0x44,0x69,0x72,0x65,0x63,0x74,0x44,0x72,0x61,0x77,0x43,0x72,0x65,0x61,
    0x74,0x65,0x00,0x00,0x44,0x44,0x52,0x41,0x57,0x2e,0x64,0x6c,0x6c,0x00,0x44,0x53,0x4f,0x55,0x4e,0x44,0x2e,0x64,0x6c,0x6c,
    0x00,0x00,0x00,0x00,0x44,0x69,0x72,0x65,0x63,0x74,0x49,0x6e,0x70,0x75,0x74,0x43,0x72,0x65,0x61,0x74,0x65,0x41,0x00,0x00,
    0x44,0x49,0x4e,0x50,0x55,0x54,0x2e,0x64,0x6c,0x6c,0x00,0x00,0x0a,0x00,0x56,0x65,0x72,0x51,0x75,0x65,0x72,0x79,0x56,0x61,
    0x6c,0x75,0x65,0x41,0x00,0x00,0x00,0x00,0x47,0x65,0x74,0x46,0x69,0x6c,0x65,0x56,0x65,0x72,0x73,0x69,0x6f,0x6e,0x49,0x6e,
    0x66,0x6f,0x41,0x00,0x01,0x00,0x47,0x65,0x74,0x46,0x69,0x6c,0x65,0x56,0x65,0x72,0x73,0x69,0x6f,0x6e,0x49,0x6e,0x66,0x6f,
    0x53,0x69,0x7a,0x65,0x41,0x00,0x56,0x45,0x52,0x53,0x49,0x4f,0x4e,0x2e,0x64,0x6c,0x6c,0x00,0x24,0x00,0x61,0x63,0x6d,0x53,
    0x74,0x72,0x65,0x61,0x6d,0x43,0x6c,0x6f,0x73,0x65,0x00,0x00,0x2a,0x00,0x61,0x63,0x6d,0x53,0x74,0x72,0x65,0x61,0x6d,0x53,
    0x69,0x7a,0x65,0x00,0x27,0x00,0x61,0x63,0x6d,0x53,0x74,0x72,0x65,0x61,0x6d,0x4f,0x70,0x65,0x6e,0x00,0x2b,0x00,0x61,0x63,
    0x6d,0x53,0x74,0x72,0x65,0x61,0x6d,0x55,0x6e,0x70,0x72,0x65,0x70,0x61,0x72,0x65,0x48,0x65,0x61,0x64,0x65,0x72,0x00,0x00,
    0x25,0x00,0x61,0x63,0x6d,0x53,0x74,0x72,0x65,0x61,0x6d,0x43,0x6f,0x6e,0x76,0x65,0x72,0x74,0x00,0x00,0x28,0x00,0x61,0x63,
    0x6d,0x53,0x74,0x72,0x65,0x61,0x6d,0x50,0x72,0x65,0x70,0x61,0x72,0x65,0x48,0x65,0x61,0x64,0x65,0x72,0x00,0x00,0x4d,0x53,
    0x41,0x43,0x4d,0x33,0x32,0x2e,0x64,0x6c,0x6c,0x00,0x09,0x00,0x41,0x56,0x49,0x46,0x69,0x6c,0x65,0x45,0x78,0x69,0x74,0x00,
    0x13,0x00,0x41,0x56,0x49,0x46,0x69,0x6c,0x65,0x52,0x65,0x6c,0x65,0x61,0x73,0x65,0x00,0x00,0x34,0x00,0x41,0x56,0x49,0x53,
    0x74,0x72,0x65,0x61,0x6d,0x52,0x65,0x6c,0x65,0x61,0x73,0x65,0x00,0x00,0x22,0x00,0x41,0x56,0x49,0x53,0x74,0x72,0x65,0x61,
    0x6d,0x41,0x64,0x64,0x52,0x65,0x66,0x00,0x2b,0x00,0x41,0x56,0x49,0x53,0x74,0x72,0x65,0x61,0x6d,0x49,0x6e,0x66,0x6f,0x41,
    0x00,0x00,0x0a,0x00,0x41,0x56,0x49,0x46,0x69,0x6c,0x65,0x47,0x65,0x74,0x53,0x74,0x72,0x65,0x61,0x6d,0x00,0x00,0x0c,0x00,
    0x41,0x56,0x49,0x46,0x69,0x6c,0x65,0x49,0x6e,0x66,0x6f,0x41,0x00,0x00,0x10,0x00,0x41,0x56,0x49,0x46,0x69,0x6c,0x65,0x4f,
    0x70,0x65,0x6e,0x41,0x00,0x00,0x0e,0x00,0x41,0x56,0x49,0x46,0x69,0x6c,0x65,0x49,0x6e,0x69,0x74,0x00,0x28,0x00,0x41,0x56,
    0x49,0x53,0x74,0x72,0x65,0x61,0x6d,0x47,0x65,0x74,0x46,0x72,0x61,0x6d,0x65,0x43,0x6c,0x6f,0x73,0x65,0x00,0x00,0x29,0x00,
    0x41,0x56,0x49,0x53,0x74,0x72,0x65,0x61,0x6d,0x47,0x65,0x74,0x46,0x72,0x61,0x6d,0x65,0x4f,0x70,0x65,0x6e,0x00,0x27,0x00,
    0x41,0x56,0x49,0x53,0x74,0x72,0x65,0x61,0x6d,0x47,0x65,0x74,0x46,0x72,0x61,0x6d,0x65,0x00,0x33,0x00,0x41,0x56,0x49,0x53,
    0x74,0x72,0x65,0x61,0x6d,0x52,0x65,0x61,0x64,0x46,0x6f,0x72,0x6d,0x61,0x74,0x00,0x2d,0x00,0x41,0x56,0x49,0x53,0x74,0x72,
    0x65,0x61,0x6d,0x4c,0x65,0x6e,0x67,0x74,0x68,0x00,0x37,0x00,0x41,0x56,0x49,0x53,0x74,0x72,0x65,0x61,0x6d,0x53,0x74,0x61,
    0x72,0x74,0x00,0x00,0x31,0x00,0x41,0x56,0x49,0x53,0x74,0x72,0x65,0x61,0x6d,0x52,0x65,0x61,0x64,0x00,0x41,0x56,0x49,0x46,
    0x49,0x4c,0x33,0x32,0x2e,0x64,0x6c,0x6c,0x00,0x00,0x0d,0x00,0x43,0x6f,0x43,0x72,0x65,0x61,0x74,0x65,0x49,0x6e,0x73,0x74,
    0x61,0x6e,0x63,0x65,0x00,0x00,0x2d,0x00,0x43,0x6f,0x49,0x6e,0x69,0x74,0x69,0x61,0x6c,0x69,0x7a,0x65,0x00,0x00,0x6f,0x6c,
    0x65,0x33,0x32,0x2e,0x64,0x6c,0x6c,0x00,0x61,0x00,0x45,0x6e,0x75,0x6d,0x50,0x72,0x69,0x6e,0x74,0x65,0x72,0x73,0x41,0x00,
    0x57,0x49,0x4e,0x53,0x50,0x4f,0x4f,0x4c,0x2e,0x44,0x52,0x56,0x00,0x00,0x9f,0x01,0x48,0x65,0x61,0x70,0x46,0x72,0x65,0x65,
    0x00,0x00,0x99,0x01,0x48,0x65,0x61,0x70,0x41,0x6c,0x6c,0x6f,0x63,0x00,0x94,0x00,0x46,0x69,0x6e,0x64,0x46,0x69,0x72,0x73,
    0x74,0x46,0x69,0x6c,0x65,0x41,0x00,0x00,0x9d,0x00,0x46,0x69,0x6e,0x64,0x4e,0x65,0x78,0x74,0x46,0x69,0x6c,0x65,0x41,0x00,
    0x90,0x00,0x46,0x69,0x6e,0x64,0x43,0x6c,0x6f,0x73,0x65,0x00,0x8a,0x00,0x46,0x69,0x6c,0x65,0x54,0x69,0x6d,0x65,0x54,0x6f,
    0x53,0x79,0x73,0x74,0x65,0x6d,0x54,0x69,0x6d,0x65,0x00,0x00,0x62,0x02,0x53,0x65,0x74,0x45,0x6e,0x76,0x69,0x72,0x6f,0x6e,
    0x6d,0x65,0x6e,0x74,0x56,0x61,0x72,0x69,0x61,0x62,0x6c,0x65,0x41,0x00,0xf5,0x00,0x47,0x65,0x74,0x43,0x75,0x72,0x72,0x65,
    0x6e,0x74,0x44,0x69,0x72,0x65,0x63,0x74,0x6f,0x72,0x79,0x41,0x00,0x00,0x16,0x01,0x47,0x65,0x74,0x46,0x75,0x6c,0x6c,0x50,
    0x61,0x74,0x68,0x4e,0x61,0x6d,0x65,0x41,0x00,0x00,0x15,0x01,0x47,0x65,0x74,0x46,0x69,0x6c,0x65,0x54,0x79,0x70,0x65,0x00,
    0x70,0x01,0x47,0x65,0x74,0x54,0x69,0x6d,0x65,0x5a,0x6f,0x6e,0x65,0x49,0x6e,0x66,0x6f,0x72,0x6d,0x61,0x74,0x69,0x6f,0x6e,
    0x00,0x00,0x5d,0x01,0x47,0x65,0x74,0x53,0x79,0x73,0x74,0x65,0x6d,0x54,0x69,0x6d,0x65,0x00,0x1b,0x01,0x47,0x65,0x74,0x4c,
    0x6f,0x63,0x61,0x6c,0x54,0x69,0x6d,0x65,0x00,0x00,0xa2,0x01,0x48,0x65,0x61,0x70,0x52,0x65,0x41,0x6c,0x6c,0x6f,0x63,0x00,
    0xa3,0x01,0x48,0x65,0x61,0x70,0x53,0x69,0x7a,0x65,0x00,0x00,0x2f,0x02,0x52,0x74,0x6c,0x55,0x6e,0x77,0x69,0x6e,0x64,0x00,
    0x7d,0x00,0x45,0x78,0x69,0x74,0x50,0x72,0x6f,0x63,0x65,0x73,0x73,0x00,0x9e,0x02,0x54,0x65,0x72,0x6d,0x69,0x6e,0x61,0x74,
    0x65,0x50,0x72,0x6f,0x63,0x65,0x73,0x73,0x00,0x00,0xf7,0x00,0x47,0x65,0x74,0x43,0x75,0x72,0x72,0x65,0x6e,0x74,0x50,0x72,
    0x6f,0x63,0x65,0x73,0x73,0x00,0x57,0x00,0x44,0x65,0x6c,0x65,0x74,0x65,0x46,0x69,0x6c,0x65,0x41,0x00,0x2d,0x00,0x43,0x72,
    0x65,0x61,0x74,0x65,0x44,0x69,0x72,0x65,0x63,0x74,0x6f,0x72,0x79,0x41,0x00,0x00,0x26,0x01,0x47,0x65,0x74,0x4d,0x6f,0x64,
    0x75,0x6c,0x65,0x48,0x61,0x6e,0x64,0x6c,0x65,0x41,0x00,0x00,0x50,0x01,0x47,0x65,0x74,0x53,0x74,0x61,0x72,0x74,0x75,0x70,
    0x49,0x6e,0x66,0x6f,0x41,0x00,0xca,0x00,0x47,0x65,0x74,0x43,0x6f,0x6d,0x6d,0x61,0x6e,0x64,0x4c,0x69,0x6e,0x65,0x41,0x00,
    0x74,0x01,0x47,0x65,0x74,0x56,0x65,0x72,0x73,0x69,0x6f,0x6e,0x00,0x00,0x3e,0x01,0x47,0x65,0x74,0x50,0x72,0x6f,0x63,0x41,
    0x64,0x64,0x72,0x65,0x73,0x73,0x00,0x00,0x9d,0x01,0x48,0x65,0x61,0x70,0x44,0x65,0x73,0x74,0x72,0x6f,0x79,0x00,0x9b,0x01,
    0x48,0x65,0x61,0x70,0x43,0x72,0x65,0x61,0x74,0x65,0x00,0x00,0xbf,0x02,0x56,0x69,0x72,0x74,0x75,0x61,0x6c,0x46,0x72,0x65,
    0x65,0x00,0xbb,0x02,0x56,0x69,0x72,0x74,0x75,0x61,0x6c,0x41,0x6c,0x6c,0x6f,0x63,0x00,0x00,0xb8,0x01,0x49,0x73,0x42,0x61,
    0x64,0x57,0x72,0x69,0x74,0x65,0x50,0x74,0x72,0x00,0x0b,0x02,0x52,0x61,0x69,0x73,0x65,0x45,0x78,0x63,0x65,0x70,0x74,0x69,
    0x6f,0x6e,0x00,0x00,0xbf,0x00,0x47,0x65,0x74,0x43,0x50,0x49,0x6e,0x66,0x6f,0x00,0xb9,0x00,0x47,0x65,0x74,0x41,0x43,0x50,
    0x00,0x00,0x31,0x01,0x47,0x65,0x74,0x4f,0x45,0x4d,0x43,0x50,0x00,0x00,0xd2,0x02,0x57,0x69,0x64,0x65,0x43,0x68,0x61,0x72,
    0x54,0x6f,0x4d,0x75,0x6c,0x74,0x69,0x42,0x79,0x74,0x65,0x00,0xbf,0x01,0x4c,0x43,0x4d,0x61,0x70,0x53,0x74,0x72,0x69,0x6e,
    0x67,0x41,0x00,0x00,0xc0,0x01,0x4c,0x43,0x4d,0x61,0x70,0x53,0x74,0x72,0x69,0x6e,0x67,0x57,0x00,0x00,0x6d,0x02,0x53,0x65,
    0x74,0x48,0x61,0x6e,0x64,0x6c,0x65,0x43,0x6f,0x75,0x6e,0x74,0x00,0x00,0x52,0x01,0x47,0x65,0x74,0x53,0x74,0x64,0x48,0x61,
    0x6e,0x64,0x6c,0x65,0x00,0x00,0x7c,0x02,0x53,0x65,0x74,0x53,0x74,0x64,0x48,0x61,0x6e,0x64,0x6c,0x65,0x00,0x00,0x61,0x02,
    0x53,0x65,0x74,0x45,0x6e,0x64,0x4f,0x66,0x46,0x69,0x6c,0x65,0x00,0x00,0x53,0x01,0x47,0x65,0x74,0x53,0x74,0x72,0x69,0x6e,
    0x67,0x54,0x79,0x70,0x65,0x41,0x00,0x00,0x56,0x01,0x47,0x65,0x74,0x53,0x74,0x72,0x69,0x6e,0x67,0x54,0x79,0x70,0x65,0x57,
    0x00,0x00,0xad,0x02,0x55,0x6e,0x68,0x61,0x6e,0x64,0x6c,0x65,0x64,0x45,0x78,0x63,0x65,0x70,0x74,0x69,0x6f,0x6e,0x46,0x69,
    0x6c,0x74,0x65,0x72,0x00,0x00,0xb2,0x00,0x46,0x72,0x65,0x65,0x45,0x6e,0x76,0x69,0x72,0x6f,0x6e,0x6d,0x65,0x6e,0x74,0x53,
    0x74,0x72,0x69,0x6e,0x67,0x73,0x41,0x00,0xb3,0x00,0x46,0x72,0x65,0x65,0x45,0x6e,0x76,0x69,0x72,0x6f,0x6e,0x6d,0x65,0x6e,
    0x74,0x53,0x74,0x72,0x69,0x6e,0x67,0x73,0x57,0x00,0x06,0x01,0x47,0x65,0x74,0x45,0x6e,0x76,0x69,0x72,0x6f,0x6e,0x6d,0x65,
    0x6e,0x74,0x53,0x74,0x72,0x69,0x6e,0x67,0x73,0x00,0x08,0x01,0x47,0x65,0x74,0x45,0x6e,0x76,0x69,0x72,0x6f,0x6e,0x6d,0x65,
    0x6e,0x74,0x53,0x74,0x72,0x69,0x6e,0x67,0x73,0x57,0x00,0x00,0xaa,0x00,0x46,0x6c,0x75,0x73,0x68,0x46,0x69,0x6c,0x65,0x42,
    0x75,0x66,0x66,0x65,0x72,0x73,0x00,0x00,0x21,0x00,0x43,0x6f,0x6d,0x70,0x61,0x72,0x65,0x53,0x74,0x72,0x69,0x6e,0x67,0x41,
    0x00,0x00,0x22,0x00,0x43,0x6f,0x6d,0x70,0x61,0x72,0x65,0x53,0x74,0x72,0x69,0x6e,0x67,0x57,0x00,0x00,0x00,0x00,0x00,0x00,
    0x00,0x00,0x00,0x00,0x00,0x00,0x00,0x00,0x00,0x00,0x00,0x00,0x4d,0xf0,0xed,0x38,0x00,0x00,0x00,0x00,0x20,0x04,0x0b,0x00,
    0x01,0x00,0x00,0x00,0xcc,0x02,0x00,0x00,0xcc,0x02,0x00,0x00,0x28,0xe8,0x0a,0x00,0x58,0xf3,0x0a,0x00,0x88,0xfe,0x0a,0x00,
    0x10,0xb1,0x08,0x00,0x80,0x06,0x04,0x00,0xe0,0xef,0x05,0x00,0xe0,0xdb,0x05,0x00,0x20,0x2f,0x04,0x00,0xa0,0x78,0x05,0x00,
    0xa0,0xf7,0x06,0x00,0x60,0xd7,0x06,0x00,0x90,0xf6,0x06,0x00,0xc0,0xdb,0x06,0x00,0x40,0xfd,0x06,0x00,0x10,0xa0,0x08,0x00,
    0x90,0x09,0x08,0x00,0xc0,0x19,0x09,0x00,0x90,0x0b,0x05,0x00,0x80,0xdd,0x05,0x00,0x30,0xa1,0x05,0x00,0x30,0x2b,0x06,0x00,
    0x50,0x1c,0x08,0x00,0xb0,0xd3,0x05,0x00,0x50,0xd3,0x05,0x00,0x30,0xb9,0x09,0x00,0x50,0xdc,0x05,0x00,0xb0,0x6d,0x09,0x00,
    0x60,0x2d,0x04,0x00,0x30,0x2d,0x04,0x00,0xa0,0x2a,0x09,0x00,0xa0,0xd1,0x05,0x00,0x70,0xc8,0x05,0x00,0x10,0x0e,0x08,0x00,
    0xb0,0xa9,0x05,0x00,0x80,0xfc,0x06,0x00,0xf0,0xfb,0x06,0x00,0xc0,0xef,0x05,0x00,0xd0,0xef,0x05,0x00,0x50,0x49,0x08,0x00,
    0xe0,0x06,0x08,0x00,0x20,0x92,0x0b,0x00,0x00,0x50,0x08,0x00,0xf0,0x4f,0x08,0x00,0xb0,0x50,0x08,0x00,0xb0,0x0b,0x08,0x00,
    0x90,0xd7,0x07,0x00,0x20,0xc0,0x05,0x00,0xd0,0x62,0x09,0x00,0xe0,0x08,0x04,0x00,0x70,0x09,0x04,0x00,0xc0,0x06,0x04,0x00,
    0x70,0x08,0x04,0x00,0x80,0x07,0x04,0x00,0x10,0x09,0x04,0x00,0x60,0x09,0x04,0x00,0x10,0x49,0x08,0x00,0x70,0x53,0x05,0x00,
    0xf0,0xf5,0x05,0x00,0x00,0x12,0x08,0x00,0x30,0xeb,0x05,0x00,0x60,0x33,0x04,0x00,0xe0,0x39,0x05,0x00,0x00,0x3b,0x41,0x00,
    0x80,0xfa,0x05,0x00,0x40,0x07,0x08,0x00,0xc0,0x14,0x08,0x00,0xa0,0xa4,0x05,0x00,0x80,0x14,0x08,0x00,0xe0,0x15,0x08,0x00,
    0x10,0x14,0x08,0x00,0xf0,0x3a,0x00,0x00,0x20,0x3a,0x00,0x00,0xc0,0xf4,0x06,0x00,0x60,0x52,0x08,0x00,0xc0,0x37,0x06,0x00,
    0x20,0x06,0x07,0x00,0x40,0xb5,0x08,0x00,0xd0,0x63,0x07,0x00,0x50,0xb5,0x09,0x00,0x10,0xb5,0x09,0x00,0x90,0x0e,0x08,0x00,
    0x10,0x0f,0x05,0x00,0x10,0x0d,0x08,0x00,0xe0,0x2c,0x06,0x00,0x40,0x44,0x06,0x00,0x50,0x44,0x06,0x00,0xb0,0x59,0x08,0x00,
    0x60,0x44,0x06,0x00,0xc0,0xa6,0x08,0x00,0x00,0x62,0x07,0x00,0x00,0x5c,0x07,0x00,0x10,0xcc,0x08,0x00,0x70,0x43,0x06,0x00,
    0xb0,0x02,0x04,0x00,0xb0,0xfe,0x06,0x00,0x90,0x09,0x05,0x00,0x70,0xa0,0x09,0x00,0x50,0x50,0x00,0x00,0x60,0x4f,0x00,0x00,
    0x90,0x34,0x04,0x00,0x10,0x6b,0x09,0x00,0xc0,0x76,0x09,0x00,0x10,0x61,0x09,0x00,0x80,0x0d,0x08,0x00,0xa0,0x16,0x08,0x00,
    0x90,0x77,0x09,0x00,0x90,0x26,0x09,0x00,0x80,0x23,0x09,0x00,0x80,0x72,0x09,0x00,0x40,0x76,0x09,0x00,0x10,0x77,0x09,0x00,
    0xd0,0x37,0x08,0x00,0x20,0x3a,0x05,0x00,0x70,0x7d,0x26,0x00,0x94,0xa6,0x39,0x00,0x60,0x0d,0x08,0x00,0x90,0xa3,0x05,0x00,
    0xe0,0x56,0x07,0x00,0x00,0xfe,0x06,0x00,0x90,0x2b,0x09,0x00,0x50,0x1b,0x09,0x00,0x20,0x64,0x07,0x00,0xe0,0x2b,0x09,0x00,
    0x60,0xe1,0x08,0x00,0xf0,0x8f,0x09,0x00,0x10,0x30,0x08,0x00,0x10,0xc0,0x05,0x00,0x80,0x15,0x07,0x00,0x10,0x62,0x07,0x00,
    0x90,0x5e,0x07,0x00,0x60,0xce,0x06,0x00,0x90,0x0d,0x05,0x00,0xd0,0x04,0x05,0x00,0x20,0x49,0x08,0x00,0xf0,0x2e,0x06,0x00,
    0x40,0x32,0x08,0x00,0x20,0x39,0x08,0x00,0xd0,0x59,0x08,0x00,0xf0,0xdc,0x05,0x00,0xf0,0x66,0x05,0x00,0xa0,0x24,0x07,0x00,
    0xc0,0xeb,0x3f,0x00,0xb0,0x19,0x41,0x00,0xf0,0xb3,0x07,0x00,0xd0,0x5e,0x07,0x00,0x00,0xd8,0x07,0x00,0xd0,0x1b,0x09,0x00,
    0x50,0xc6,0x08,0x00,0x50,0xe5,0x08,0x00,0x30,0xb2,0x09,0x00,0xd0,0xb1,0x09,0x00,0x30,0xc8,0x05,0x00,0x90,0xf8,0x03,0x00,
    0x30,0xd6,0x06,0x00,0xa0,0x9f,0x05,0x00,0x80,0xd8,0x07,0x00,0x74,0xb5,0x26,0x00,0xd0,0x87,0x26,0x00,0xd4,0xac,0x3c,0x00,
    0x48,0xea,0x3f,0x00,0x60,0xdd,0x04,0x00,0x10,0x76,0x09,0x00,0x60,0x0e,0x08,0x00,0xa0,0xb2,0x08,0x00,0x90,0xaa,0x05,0x00,
    0x00,0x14,0x40,0x00,0x40,0x3a,0x41,0x00,0xa8,0xa8,0x39,0x00,0xe0,0xa4,0x09,0x00,0x80,0xa4,0x09,0x00,0x10,0xba,0x09,0x00,
    0xa0,0xa1,0x09,0x00,0x40,0xa3,0x09,0x00,0x40,0x88,0x08,0x00,0x90,0xa3,0x08,0x00,0x20,0x32,0x04,0x00,0x70,0xdd,0x04,0x00,
    0x80,0x94,0x09,0x00,0x90,0x07,0x04,0x00,0x00,0x08,0x04,0x00,0xe0,0x0e,0x08,0x00,0xb0,0x2f,0x08,0x00,0xe0,0x2f,0x08,0x00,
    0xe0,0x78,0x05,0x00,0xf0,0x0c,0x05,0x00,0x40,0x0c,0x05,0x00,0xa0,0x31,0x04,0x00,0x30,0xa6,0x08,0x00,0x30,0x16,0x06,0x00,
    0x50,0x31,0x04,0x00,0x10,0xa9,0x05,0x00,0x50,0xa8,0x05,0x00,0x90,0xde,0x04,0x00,0x30,0x94,0x09,0x00,0x30,0xb1,0x09,0x00,
    0x60,0xf3,0x06,0x00,0xb0,0x40,0x07,0x00,0xc0,0xa0,0x08,0x00,0x50,0xb1,0x01,0x00,0xa0,0x1e,0x04,0x00,0x80,0x1e,0x04,0x00,
    0x80,0x7e,0x09,0x00,0xf0,0x31,0x04,0x00,0xd0,0x17,0x06,0x00,0xd0,0x94,0x08,0x00,0x10,0x95,0x08,0x00,0x80,0xb1,0x09,0x00,
    0x90,0x60,0x09,0x00,0xc0,0xe6,0x04,0x00,0x40,0xa9,0x05,0x00,0xb0,0xa8,0x05,0x00,0xa0,0x0d,0x08,0x00,0xe0,0x0d,0x08,0x00,
    0xb0,0x0d,0x08,0x00,0x50,0x18,0x06,0x00,0xa0,0xdd,0x04,0x00,0xe0,0xa3,0x08,0x00,0x30,0x44,0x06,0x00,0x10,0x44,0x06,0x00,
    0x60,0x09,0x08,0x00,0xe0,0x1e,0x04,0x00,0x50,0xdb,0x08,0x00,0xc0,0x2c,0x04,0x00,0x40,0x31,0x04,0x00,0x30,0x7c,0x09,0x00,
    0xc0,0x1e,0x04,0x00,0xc0,0x15,0x00,0x00,0x50,0x8f,0x09,0x00,0xc0,0xac,0x05,0x00,0x60,0xad,0x05,0x00,0x40,0x05,0x06,0x00,
    0xa0,0x46,0x08,0x00,0x90,0xe6,0x04,0x00,0x50,0xde,0x04,0x00,0x20,0x6f,0x09,0x00,0xf0,0xdd,0x04,0x00,0x10,0x43,0x06,0x00,
    0xa0,0x2b,0x08,0x00,0x20,0xde,0x04,0x00,0x60,0x17,0x06,0x00,0x50,0xc0,0x05,0x00,0x10,0x16,0x06,0x00,0x10,0x17,0x06,0x00,
    0xf0,0x15,0x06,0x00,0x00,0x16,0x06,0x00,0xc0,0xd8,0x07,0x00,0x60,0x13,0x09,0x00,0xc0,0x57,0x05,0x00,0xf0,0xa0,0x08,0x00,
    0x10,0x3b,0x08,0x00,0xe0,0x7d,0x09,0x00,0x10,0x35,0x08,0x00,0xa0,0x34,0x08,0x00,0x10,0x00,0x04,0x00,0xc0,0x0e,0x08,0x00,
    0x40,0x0d,0x08,0x00,0xa0,0x16,0x07,0x00,0x20,0xe9,0x04,0x00,0xf0,0xf0,0x08,0x00,0x00,0xad,0x08,0x00,0xa0,0xa8,0x08,0x00,
    0xd0,0x49,0x07,0x00,0x50,0x98,0x05,0x00,0x00,0x37,0x06,0x00,0x70,0x38,0x07,0x00,0x60,0xc2,0x08,0x00,0x30,0x06,0x08,0x00,
    0x50,0x03,0x04,0x00,0x00,0x63,0x05,0x00,0x90,0x12,0x09,0x00,0x80,0xe2,0x08,0x00,0x60,0xeb,0x08,0x00,0xb0,0x0b,0x07,0x00,
    0x20,0xc7,0x08,0x00,0xe0,0xb7,0x08,0x00,0xc0,0x61,0x07,0x00,0xb0,0xd4,0x08,0x00,0x70,0x38,0x06,0x00,0x40,0x86,0x05,0x00,
    0xf0,0x64,0x09,0x00,0x40,0xfc,0x08,0x00,0xf0,0x30,0x08,0x00,0x30,0x56,0x07,0x00,0xc0,0xd6,0x06,0x00,0xf0,0x36,0x06,0x00,
    0x30,0xe8,0x04,0x00,0x70,0xe8,0x04,0x00,0x00,0x18,0x00,0x00,0x50,0xb7,0x09,0x00,0xb0,0x8d,0x00,0x00,0x60,0x63,0x09,0x00,
    0xc0,0x64,0x09,0x00,0xf0,0x63,0x09,0x00,0xd0,0x63,0x09,0x00,0xe0,0x64,0x09,0x00,0xd0,0x64,0x09,0x00,0x90,0x64,0x09,0x00,
    0x80,0x6b,0x09,0x00,0xa0,0xc9,0x08,0x00,0x70,0x98,0x05,0x00,0x00,0xd1,0x06,0x00,0xe0,0x37,0x06,0x00,0x10,0x75,0x09,0x00,
    0xe0,0x3a,0x07,0x00,0x40,0xca,0x08,0x00,0x70,0x06,0x08,0x00,0x70,0x63,0x05,0x00,0x30,0x39,0x05,0x00,0x50,0x2b,0x09,0x00,
    0xc0,0xdb,0x08,0x00,0x20,0x2c,0x09,0x00,0x20,0x65,0x09,0x00,0xd0,0x7b,0x09,0x00,0xa0,0xfa,0x08,0x00,0x30,0x6e,0x09,0x00,
    0xc0,0xb4,0x07,0x00,0x00,0xbe,0x07,0x00,0x30,0xb3,0x07,0x00,0x10,0xb4,0x07,0x00,0xf0,0xbe,0x07,0x00,0xd0,0xb2,0x07,0x00,
    0xe0,0xb2,0x07,0x00,0xa0,0xd1,0x07,0x00,0xa0,0xd3,0x07,0x00,0xf0,0xaf,0x07,0x00,0xc0,0xcf,0x07,0x00,0x70,0xbf,0x07,0x00,
    0xa0,0xcb,0x07,0x00,0x40,0xce,0x07,0x00,0x10,0xb6,0x07,0x00,0x60,0xb8,0x07,0x00,0x80,0xbc,0x07,0x00,0x20,0xbc,0x07,0x00,
    0x50,0xd4,0x07,0x00,0xa0,0xd6,0x07,0x00,0x30,0xd6,0x07,0x00,0xd0,0xd5,0x07,0x00,0x20,0xd5,0x07,0x00,0x80,0xd5,0x07,0x00,
    0xf0,0xd5,0x07,0x00,0xa0,0xd5,0x07,0x00,0xc0,0xd4,0x07,0x00,0xfc,0x81,0x26,0x00,0x90,0xfe,0x07,0x00,0x50,0xcd,0x08,0x00,
    0xb0,0x5b,0x07,0x00,0x50,0x1a,0x06,0x00,0x90,0xdc,0x04,0x00,0x10,0x49,0x05,0x00,0x80,0xe5,0x04,0x00,0xf0,0xd8,0x08,0x00,
    0x80,0xe9,0x07,0x00,0x70,0x78,0x00,0x00,0xf0,0x87,0x03,0x00,0x00,0x8d,0x00,0x00,0x00,0x02,0x08,0x00,0xd0,0xaa,0x05,0x00,
    0x00,0x39,0x05,0x00,0x90,0x5c,0x09,0x00,0x60,0x5d,0x09,0x00,0x30,0x5e,0x09,0x00,0xc0,0x5b,0x09,0x00,0x40,0x0b,0x08,0x00,
    0x00,0x0f,0x08,0x00,0x20,0x1f,0x04,0x00,0x60,0xf6,0x03,0x00,0x70,0x14,0x09,0x00,0xa0,0x1b,0x04,0x00,0x90,0xc6,0x03,0x00,
    0x20,0x58,0x01,0x00,0x90,0xe1,0x08,0x00,0x00,0x73,0x09,0x00,0xf0,0x68,0x01,0x00,0xb0,0x7a,0x09,0x00,0xb0,0xd7,0x06,0x00,
    0x30,0x79,0x01,0x00,0x30,0x95,0x09,0x00,0x10,0xe1,0x03,0x00,0x00,0x8c,0x01,0x00,0xd0,0x6d,0x09,0x00,0xf0,0x41,0x07,0x00,
    0xc0,0x45,0x07,0x00,0x10,0x8b,0x01,0x00,0xc0,0x30,0x08,0x00,0x70,0x7b,0x09,0x00,0x60,0x59,0x07,0x00,0xb0,0x65,0x05,0x00,
    0x00,0x28,0x43,0x00,0xc0,0x17,0x00,0x00,0x10,0x71,0x09,0x00,0x50,0x71,0x09,0x00,0x70,0x32,0x04,0x00,0xac,0xa8,0x39,0x00,
    0xf0,0xa7,0x09,0x00,0xb0,0xa4,0x09,0x00,0x20,0xbd,0x09,0x00,0xf0,0x14,0x06,0x00,0xd0,0xdc,0x06,0x00,0x70,0x28,0x09,0x00,
    0x74,0xff,0x40,0x00,0xa8,0x19,0x41,0x00,0xa0,0x19,0x41,0x00,0x4c,0x01,0x41,0x00,0x78,0xff,0x40,0x00,0xac,0x19,0x41,0x00,
    0xf0,0x07,0x08,0x00,0x20,0x4c,0x08,0x00,0xf0,0x2e,0x08,0x00,0x70,0x2f,0x08,0x00,0xd0,0x33,0x08,0x00,0x60,0xe7,0x04,0x00,
    0x20,0xd6,0x3f,0x00,0x60,0x1d,0x09,0x00,0x50,0x34,0x04,0x00,0x30,0x0d,0x08,0x00,0x40,0x92,0x26,0x00,0x50,0xef,0x05,0x00,
    0x30,0xed,0x05,0x00,0x20,0x57,0x07,0x00,0x00,0x04,0x40,0x00,0x24,0x1b,0x40,0x00,0x50,0x36,0x08,0x00,0xac,0x7c,0x26,0x00,
    0xa8,0x7c,0x26,0x00,0xd0,0x24,0x08,0x00,0xc0,0x0f,0x43,0x00,0xf0,0x2b,0x43,0x00,0x00,0x28,0x09,0x00,0x10,0x2d,0x06,0x00,
    0xa0,0x08,0x04,0x00,0x20,0x6d,0x09,0x00,0xd0,0x05,0x08,0x00,0x50,0x39,0x05,0x00,0x90,0x62,0x09,0x00,0x10,0x27,0x09,0x00,
    0xd0,0x61,0x09,0x00,0x50,0x61,0x09,0x00,0x70,0xa9,0x05,0x00,0xd0,0xbc,0x05,0x00,0x50,0x15,0x07,0x00,0xd0,0xeb,0x04,0x00,
    0xf0,0x41,0x06,0x00,0x00,0x66,0x06,0x00,0x50,0x19,0x07,0x00,0xa0,0x4b,0x05,0x00,0x60,0x43,0x06,0x00,0x60,0x4e,0x05,0x00,
    0x60,0x50,0x05,0x00,0x60,0x4f,0x05,0x00,0xd0,0xf2,0x08,0x00,0x70,0x4c,0x05,0x00,0x10,0xcf,0x08,0x00,0x00,0xdd,0x08,0x00,
    0x40,0x59,0x08,0x00,0xa0,0x53,0x08,0x00,0xa0,0x56,0x08,0x00,0xe0,0x58,0x08,0x00,0x80,0x0c,0x05,0x00,0x80,0x35,0x06,0x00,
    0x80,0xd0,0x06,0x00,0x60,0xcf,0x06,0x00,0xa0,0x14,0x06,0x00,0x50,0x00,0x08,0x00,0xb0,0xeb,0x04,0x00,0xc0,0x3f,0x06,0x00,
    0x80,0x40,0x06,0x00,0x60,0x65,0x06,0x00,0x60,0x1a,0x04,0x00,0xd0,0x1a,0x04,0x00,0x30,0xf4,0x04,0x00,0xd0,0x9a,0x05,0x00,
    0xd0,0xa0,0x09,0x00,0x58,0x7c,0x26,0x00,0x60,0x01,0x41,0x00,0x54,0x7c,0x26,0x00,0xd0,0x5c,0x07,0x00,0xe0,0x9d,0x08,0x00,
    0xc0,0x9d,0x08,0x00,0x30,0x9e,0x08,0x00,0xb0,0x9d,0x08,0x00,0xe0,0x9c,0x08,0x00,0x40,0x97,0x08,0x00,0x60,0x9b,0x08,0x00,
    0x00,0x9a,0x08,0x00,0x10,0x9e,0x08,0x00,0x50,0x97,0x08,0x00,0xf0,0x9c,0x08,0x00,0x70,0x9d,0x08,0x00,0xa0,0x06,0x08,0x00,
    0xc0,0x06,0x08,0x00,0x00,0x34,0x08,0x00,0xf0,0x33,0x06,0x00,0x60,0x24,0x05,0x00,0x10,0x78,0x09,0x00,0x40,0x66,0x06,0x00,
    0xe0,0x58,0x07,0x00,0x00,0x75,0x09,0x00,0xb0,0x7b,0x09,0x00,0x50,0xa1,0x09,0x00,0x90,0xa1,0x09,0x00,0xc0,0x7d,0x09,0x00,
    0x70,0x70,0x09,0x00,0xb0,0x70,0x09,0x00,0x40,0x73,0x09,0x00,0x80,0x73,0x09,0x00,0x90,0x9c,0x05,0x00,0x60,0x71,0x09,0x00,
    0xd0,0xa2,0x09,0x00,0x30,0xa4,0x09,0x00,0xe0,0xa2,0x08,0x00,0x90,0xdc,0x05,0x00,0x70,0xf4,0x04,0x00,0x00,0xa1,0x08,0x00,
    0xf0,0xb5,0x09,0x00,0x20,0xd5,0x06,0x00,0xa0,0xfd,0x06,0x00,0x80,0xa0,0x08,0x00,0x40,0xb6,0x09,0x00,0x20,0xb7,0x09,0x00,
    0x00,0xf1,0x05,0x00,0x30,0xa2,0x05,0x00,0x90,0x1c,0x08,0x00,0xa0,0xda,0x05,0x00,0xb0,0x1a,0x09,0x00,0x80,0xb5,0x09,0x00,
    0xd0,0xdc,0x05,0x00,0x10,0xea,0x08,0x00,0x30,0x2a,0x05,0x00,0x50,0xfe,0x03,0x00,0xc0,0x90,0x08,0x00,0xb0,0xff,0x03,0x00,
    0x70,0x2f,0x04,0x00,0x60,0x1b,0x04,0x00,0x10,0x94,0x08,0x00,0x70,0xdf,0x06,0x00,0xa0,0xe0,0x06,0x00,0x00,0xff,0x05,0x00,
    0xd0,0xe4,0x06,0x00,0xa0,0xe8,0x06,0x00,0xb0,0xe7,0x06,0x00,0x00,0xe3,0x06,0x00,0x40,0x87,0x05,0x00,0xa0,0x67,0x05,0x00,
    0xd0,0xe9,0x06,0x00,0x50,0xe8,0x06,0x00,0x00,0xf2,0x06,0x00,0xe0,0xee,0x06,0x00,0x10,0xf0,0x06,0x00,0xf0,0x30,0x04,0x00,
    0x80,0x30,0x04,0x00,0xb0,0x2e,0x04,0x00,0x60,0x30,0x04,0x00,0x90,0x2e,0x04,0x00,0x70,0xe6,0x06,0x00,0x60,0x64,0x05,0x00,
    0x30,0x31,0x08,0x00,0xf0,0x61,0x07,0x00,0x80,0x90,0x08,0x00,0xf0,0xfa,0x08,0x00,0x00,0xe4,0x06,0x00,0x10,0x8a,0x08,0x00,
    0x90,0x8b,0x08,0x00,0x90,0x93,0x08,0x00,0x50,0x8c,0x08,0x00,0x90,0x91,0x08,0x00,0x60,0x1d,0x04,0x00,0x80,0xb1,0x05,0x00,
    0xb0,0xb0,0x09,0x00,0xc0,0x08,0x07,0x00,0x80,0xa0,0x09,0x00,0x00,0x18,0x04,0x00,0x00,0x65,0x06,0x00,0x70,0xe6,0x04,0x00,
    0x90,0x16,0x08,0x00,0xf0,0x5e,0x08,0x00,0x10,0x15,0x07,0x00,0xd0,0x2d,0x06,0x00,0x30,0x09,0x07,0x00,0xe0,0x12,0x09,0x00,
    0xd0,0x08,0x07,0x00,0x60,0xda,0x05,0x00,0x90,0xa6,0x08,0x00,0x10,0x29,0x09,0x00,0xe0,0x13,0x09,0x00,0x00,0x30,0x04,0x00,
    0xa0,0x2f,0x04,0x00,0x90,0x18,0x00,0x00,0x20,0x18,0x00,0x00,0x00,0x19,0x00,0x00,0xa0,0xde,0x0b,0x00,0xe0,0xd8,0x07,0x00,
    0x30,0xd7,0x07,0x00,0x60,0xd7,0x07,0x00,0x00,0x78,0x00,0x00,0x80,0x87,0x03,0x00,0x90,0x8c,0x00,0x00,0x10,0x19,0x09,0x00,
    0x20,0xc6,0x03,0x00,0xb0,0x57,0x01,0x00,0x80,0x68,0x01,0x00,0xc0,0x78,0x01,0x00,0xa0,0xe0,0x03,0x00,0x90,0x8b,0x01,0x00,
    0xa0,0x8a,0x01,0x00,0xf0,0x13,0x09,0x00,0x30,0x39,0x07,0x00,0x80,0x3a,0x07,0x00,0x90,0xbe,0x05,0x00,0x00,0xbe,0x05,0x00,
    0xbc,0x7c,0x26,0x00,0xc0,0x7c,0x26,0x00,0xb4,0x7c,0x26,0x00,0xb8,0x7c,0x26,0x00,0x40,0x4b,0x05,0x00,0x50,0x62,0x09,0x00,
    0x70,0x4a,0x08,0x00,0x00,0xfd,0x06,0x00,0x20,0xfd,0x06,0x00,0xc0,0xa5,0x08,0x00,0x20,0x2c,0x05,0x00,0x40,0xf4,0x05,0x00,
    0xe0,0x16,0x08,0x00,0xc0,0xb2,0x09,0x00,0xd0,0x7e,0x09,0x00,0x10,0x18,0x06,0x00,0x80,0x17,0x06,0x00,0x30,0xb4,0x09,0x00,
    0x90,0x5b,0x09,0x00,0x40,0xd7,0x06,0x00,0xe0,0xde,0x05,0x00,0x20,0x44,0x06,0x00,0x00,0x44,0x06,0x00,0xd0,0x31,0x08,0x00,
    0xb0,0x00,0x04,0x00,0x90,0x01,0x04,0x00,0x20,0x00,0x04,0x00,0x50,0x38,0x06,0x00,0xf0,0x2a,0x09,0x00,0x20,0x2a,0x09,0x00,
    0xe0,0x29,0x09,0x00,0xa0,0x29,0x09,0x00,0xd0,0x0c,0x08,0x00,0x90,0x7d,0x09,0x00,0xf0,0x01,0x07,0x00,0xe0,0x16,0x06,0x00,
    0x30,0x17,0x06,0x00,0x70,0x1e,0x05,0x00,0xf0,0xea,0x06,0x00,0x10,0x7e,0x09,0x00,0x10,0x16,0x08,0x00,0xd0,0x51,0x06,0x00,
    0x40,0x5a,0x06,0x00,0xd0,0xff,0x03,0x00,0x40,0x5e,0x08,0x00,0x00,0x5e,0x08,0x00,0x70,0x5d,0x08,0x00,0xd0,0x5c,0x08,0x00,
    0x30,0x6a,0x09,0x00,0xc0,0x6a,0x09,0x00,0x70,0x6a,0x09,0x00,0xa0,0xb6,0x03,0x00,0xd0,0xb5,0x03,0x00,0x20,0xf2,0x05,0x00,
    0x70,0x15,0x07,0x00,0x00,0x1f,0x04,0x00,0xa0,0x39,0x05,0x00,0x60,0xa6,0x08,0x00,0x70,0xe8,0x08,0x00,0x50,0x20,0x08,0x00,
    0x00,0x2e,0x04,0x00,0xe0,0x7e,0x09,0x00,0x20,0x7f,0x09,0x00,0x00,0x7a,0x01,0x00,0x10,0x57,0x07,0x00,0x60,0x5f,0x40,0x00,
    0x40,0x1f,0x40,0x00,0xb0,0x33,0x04,0x00,0x80,0x2d,0x04,0x00,0xa0,0x05,0x04,0x00,0xf0,0x10,0x08,0x00,0xf0,0x1c,0x04,0x00,
    0xb0,0x43,0x07,0x00,0x00,0x48,0x07,0x00,0x70,0x46,0x07,0x00,0x50,0x14,0x07,0x00,0x50,0x29,0x09,0x00,0x80,0x6c,0x09,0x00,
    0x20,0x6c,0x09,0x00,0xf0,0x69,0x09,0x00,0xd0,0xf7,0x03,0x00,0x60,0xf7,0x07,0x00,0xd0,0x61,0x07,0x00,0x80,0x16,0x09,0x00,
    0x50,0x15,0x09,0x00,0xd0,0x4c,0x08,0x00,0xd0,0xa2,0x08,0x00,0x10,0x3c,0x07,0x00,0x00,0x3b,0x07,0x00,0xa0,0x00,0x07,0x00,
    0xc0,0x58,0x07,0x00,0x90,0x02,0x04,0x00,0x20,0xce,0x08,0x00,0x90,0x5a,0x09,0x00,0xc0,0x78,0x05,0x00,0x10,0xf8,0x05,0x00,
    0x40,0xfe,0x07,0x00,0x60,0xfe,0x07,0x00,0x50,0xfe,0x07,0x00,0x30,0xab,0x09,0x00,0x90,0x4a,0x06,0x00,0x10,0xe0,0x04,0x00,
    0xb0,0x3b,0x05,0x00,0xf0,0x3b,0x05,0x00,0x80,0x3a,0x05,0x00,0x70,0x3b,0x05,0x00,0x00,0x3b,0x05,0x00,0x30,0x3a,0x05,0x00,
    0xf4,0xcb,0x0b,0x00,0x20,0xfc,0x07,0x00,0x2d,0x04,0x0b,0x00,0x44,0x04,0x0b,0x00,0x55,0x04,0x0b,0x00,0x64,0x04,0x0b,0x00,
    0x71,0x04,0x0b,0x00,0x86,0x04,0x0b,0x00,0x90,0x04,0x0b,0x00,0xa0,0x04,0x0b,0x00,0xb2,0x04,0x0b,0x00,0xc3,0x04,0x0b,0x00,
    0xd0,0x04,0x0b,0x00,0xdd,0x04,0x0b,0x00,0xef,0x04,0x0b,0x00,0x01,0x05,0x0b,0x00,0x16,0x05,0x0b,0x00,0x2b,0x05,0x0b,0x00,
    0x3a,0x05,0x0b,0x00,0x4f,0x05,0x0b,0x00,0x58,0x05,0x0b,0x00,0x66,0x05,0x0b,0x00,0x72,0x05,0x0b,0x00,0x81,0x05,0x0b,0x00,
    0x99,0x05,0x0b,0x00,0xae,0x05,0x0b,0x00,0xbe,0x05,0x0b,0x00,0xd2,0x05,0x0b,0x00,0xea,0x05,0x0b,0x00,0xfc,0x05,0x0b,0x00,
    0x0b,0x06,0x0b,0x00,0x1d,0x06,0x0b,0x00,0x30,0x06,0x0b,0x00,0x3f,0x06,0x0b,0x00,0x5a,0x06,0x0b,0x00,0x71,0x06,0x0b,0x00,
    0x82,0x06,0x0b,0x00,0x94,0x06,0x0b,0x00,0xb3,0x06,0x0b,0x00,0xbd,0x06,0x0b,0x00,0xca,0x06,0x0b,0x00,0xe6,0x06,0x0b,0x00,
    0xf8,0x06,0x0b,0x00,0x0a,0x07,0x0b,0x00,0x21,0x07,0x0b,0x00,0x34,0x07,0x0b,0x00,0x3f,0x07,0x0b,0x00,0x4a,0x07,0x0b,0x00,
    0x5d,0x07,0x0b,0x00,0x6d,0x07,0x0b,0x00,0x7a,0x07,0x0b,0x00,0x88,0x07,0x0b,0x00,0x95,0x07,0x0b,0x00,0xa3,0x07,0x0b,0x00,
    0xb4,0x07,0x0b,0x00,0xc4,0x07,0x0b,0x00,0xcf,0x07,0x0b,0x00,0xde,0x07,0x0b,0x00,0xef,0x07,0x0b,0x00,0xfb,0x07,0x0b,0x00,
    0x10,0x08,0x0b,0x00,0x18,0x08,0x0b,0x00,0x29,0x08,0x0b,0x00,0x3f,0x08,0x0b,0x00,0x4c,0x08,0x0b,0x00,0x65,0x08,0x0b,0x00,
    0x7d,0x08,0x0b,0x00,0x8f,0x08,0x0b,0x00,0xa2,0x08,0x0b,0x00,0xb8,0x08,0x0b,0x00,0xc6,0x08,0x0b,0x00,0xd4,0x08,0x0b,0x00,
    0xe6,0x08,0x0b,0x00,0xf5,0x08,0x0b,0x00,0x08,0x09,0x0b,0x00,0x21,0x09,0x0b,0x00,0x31,0x09,0x0b,0x00,0x44,0x09,0x0b,0x00,
    0x5c,0x09,0x0b,0x00,0x74,0x09,0x0b,0x00,0x87,0x09,0x0b,0x00,0x99,0x09,0x0b,0x00,0xad,0x09,0x0b,0x00,0xbb,0x09,0x0b,0x00,
    0xce,0x09,0x0b,0x00,0xe3,0x09,0x0b,0x00,0xf2,0x09,0x0b,0x00,0x07,0x0a,0x0b,0x00,0x14,0x0a,0x0b,0x00,0x27,0x0a,0x0b,0x00,
    0x38,0x0a,0x0b,0x00,0x4d,0x0a,0x0b,0x00,0x66,0x0a,0x0b,0x00,0x76,0x0a,0x0b,0x00,0x88,0x0a,0x0b,0x00,0x96,0x0a,0x0b,0x00,
    0xa5,0x0a,0x0b,0x00,0xb2,0x0a,0x0b,0x00,0xbf,0x0a,0x0b,0x00,0xca,0x0a,0x0b,0x00,0xe1,0x0a,0x0b,0x00,0xfb,0x0a,0x0b,0x00,
    0x12,0x0b,0x0b,0x00,0x26,0x0b,0x0b,0x00,0x3b,0x0b,0x0b,0x00,0x4f,0x0b,0x0b,0x00,0x64,0x0b,0x0b,0x00,0x78,0x0b,0x0b,0x00,
    0x8a,0x0b,0x0b,0x00,0x97,0x0b,0x0b,0x00,0xaa,0x0b,0x0b,0x00,0xba,0x0b,0x0b,0x00,0xc3,0x0b,0x0b,0x00,0xcc,0x0b,0x0b,0x00,
    0xde,0x0b,0x0b,0x00,0xf3,0x0b,0x0b,0x00,0x01,0x0c,0x0b,0x00,0x0f,0x0c,0x0b,0x00,0x1f,0x0c,0x0b,0x00,0x35,0x0c,0x0b,0x00,
    0x47,0x0c,0x0b,0x00,0x59,0x0c,0x0b,0x00,0x69,0x0c,0x0b,0x00,0x7d,0x0c,0x0b,0x00,0x8b,0x0c,0x0b,0x00,0x98,0x0c,0x0b,0x00,
    0xa3,0x0c,0x0b,0x00,0xb9,0x0c,0x0b,0x00,0xcb,0x0c,0x0b,0x00,0xe1,0x0c,0x0b,0x00,0xf4,0x0c,0x0b,0x00,0x03,0x0d,0x0b,0x00,
    0x11,0x0d,0x0b,0x00,0x1e,0x0d,0x0b,0x00,0x26,0x0d,0x0b,0x00,0x36,0x0d,0x0b,0x00,0x4e,0x0d,0x0b,0x00,0x64,0x0d,0x0b,0x00,
    0x72,0x0d,0x0b,0x00,0x80,0x0d,0x0b,0x00,0x8e,0x0d,0x0b,0x00,0x99,0x0d,0x0b,0x00,0xa2,0x0d,0x0b,0x00,0xa9,0x0d,0x0b,0x00,
    0xbe,0x0d,0x0b,0x00,0xcf,0x0d,0x0b,0x00,0xdf,0x0d,0x0b,0x00,0xfc,0x0d,0x0b,0x00,0x11,0x0e,0x0b,0x00,0x24,0x0e,0x0b,0x00,
    0x37,0x0e,0x0b,0x00,0x4c,0x0e,0x0b,0x00,0x62,0x0e,0x0b,0x00,0x6b,0x0e,0x0b,0x00,0x7c,0x0e,0x0b,0x00,0x89,0x0e,0x0b,0x00,
    0x94,0x0e,0x0b,0x00,0xa4,0x0e,0x0b,0x00,0xb0,0x0e,0x0b,0x00,0xc0,0x0e,0x0b,0x00,0xc9,0x0e,0x0b,0x00,0xdd,0x0e,0x0b,0x00,
    0xef,0x0e,0x0b,0x00,0x02,0x0f,0x0b,0x00,0x10,0x0f,0x0b,0x00,0x18,0x0f,0x0b,0x00,0x20,0x0f,0x0b,0x00,0x2d,0x0f,0x0b,0x00,
    0x3c,0x0f,0x0b,0x00,0x4a,0x0f,0x0b,0x00,0x5b,0x0f,0x0b,0x00,0x6c,0x0f,0x0b,0x00,0x7d,0x0f,0x0b,0x00,0x99,0x0f,0x0b,0x00,
    0xad,0x0f,0x0b,0x00,0xc1,0x0f,0x0b,0x00,0xce,0x0f,0x0b,0x00,0xd7,0x0f,0x0b,0x00,0xe6,0x0f,0x0b,0x00,0xff,0x0f,0x0b,0x00,
    0x0f,0x10,0x0b,0x00,0x1b,0x10,0x0b,0x00,0x27,0x10,0x0b,0x00,0x35,0x10,0x0b,0x00,0x47,0x10,0x0b,0x00,0x54,0x10,0x0b,0x00,
    0x6f,0x10,0x0b,0x00,0x7b,0x10,0x0b,0x00,0x8d,0x10,0x0b,0x00,0xa7,0x10,0x0b,0x00,0xbe,0x10,0x0b,0x00,0xd3,0x10,0x0b,0x00,
    0xdf,0x10,0x0b,0x00,0xec,0x10,0x0b,0x00,0x03,0x11,0x0b,0x00,0x10,0x11,0x0b,0x00,0x1d,0x11,0x0b,0x00,0x30,0x11,0x0b,0x00,
    0x3d,0x11,0x0b,0x00,0x4c,0x11,0x0b,0x00,0x5c,0x11,0x0b,0x00,0x65,0x11,0x0b,0x00,0x79,0x11,0x0b,0x00,0x85,0x11,0x0b,0x00,
    0x95,0x11,0x0b,0x00,0xa5,0x11,0x0b,0x00,0xbc,0x11,0x0b,0x00,0xc9,0x11,0x0b,0x00,0xda,0x11,0x0b,0x00,0xf0,0x11,0x0b,0x00,
    0x04,0x12,0x0b,0x00,0x0f,0x12,0x0b,0x00,0x20,0x12,0x0b,0x00,0x33,0x12,0x0b,0x00,0x4d,0x12,0x0b,0x00,0x5f,0x12,0x0b,0x00,
    0x6c,0x12,0x0b,0x00,0x7d,0x12,0x0b,0x00,0x90,0x12,0x0b,0x00,0x9c,0x12,0x0b,0x00,0xb4,0x12,0x0b,0x00,0xc3,0x12,0x0b,0x00,
    0xdc,0x12,0x0b,0x00,0xea,0x12,0x0b,0x00,0xf4,0x12,0x0b,0x00,0x06,0x13,0x0b,0x00,0x14,0x13,0x0b,0x00,0x1e,0x13,0x0b,0x00,
    0x2c,0x13,0x0b,0x00,0x3a,0x13,0x0b,0x00,0x4c,0x13,0x0b,0x00,0x59,0x13,0x0b,0x00,0x6e,0x13,0x0b,0x00,0x7b,0x13,0x0b,0x00,
    0x8a,0x13,0x0b,0x00,0x94,0x13,0x0b,0x00,0xa4,0x13,0x0b,0x00,0xb3,0x13,0x0b,0x00,0xbc,0x13,0x0b,0x00,0xc9,0x13,0x0b,0x00,
    0xdd,0x13,0x0b,0x00,0xe9,0x13,0x0b,0x00,0xf7,0x13,0x0b,0x00,0x03,0x14,0x0b,0x00,0x0f,0x14,0x0b,0x00,0x1b,0x14,0x0b,0x00,
    0x2b,0x14,0x0b,0x00,0x38,0x14,0x0b,0x00,0x45,0x14,0x0b,0x00,0x62,0x14,0x0b,0x00,0x6c,0x14,0x0b,0x00,0x78,0x14,0x0b,0x00,
    0x84,0x14,0x0b,0x00,0x9a,0x14,0x0b,0x00,0xb0,0x14,0x0b,0x00,0xc5,0x14,0x0b,0x00,0xd3,0x14,0x0b,0x00,0xdf,0x14,0x0b,0x00,
    0xf0,0x14,0x0b,0x00,0x02,0x15,0x0b,0x00,0x15,0x15,0x0b,0x00,0x27,0x15,0x0b,0x00,0x33,0x15,0x0b,0x00,0x45,0x15,0x0b,0x00,
    0x55,0x15,0x0b,0x00,0x66,0x15,0x0b,0x00,0x76,0x15,0x0b,0x00,0x7e,0x15,0x0b,0x00,0x8c,0x15,0x0b,0x00,0xa0,0x15,0x0b,0x00,
    0xb5,0x15,0x0b,0x00,0xc6,0x15,0x0b,0x00,0xd4,0x15,0x0b,0x00,0xed,0x15,0x0b,0x00,0x00,0x16,0x0b,0x00,0x12,0x16,0x0b,0x00,
    0x26,0x16,0x0b,0x00,0x31,0x16,0x0b,0x00,0x3d,0x16,0x0b,0x00,0x4d,0x16,0x0b,0x00,0x5d,0x16,0x0b,0x00,0x6e,0x16,0x0b,0x00,
    0x82,0x16,0x0b,0x00,0x8d,0x16,0x0b,0x00,0x9f,0x16,0x0b,0x00,0xb5,0x16,0x0b,0x00,0xc5,0x16,0x0b,0x00,0xd5,0x16,0x0b,0x00,
    0xf4,0x16,0x0b,0x00,0x08,0x17,0x0b,0x00,0x27,0x17,0x0b,0x00,0x47,0x17,0x0b,0x00,0x64,0x17,0x0b,0x00,0x81,0x17,0x0b,0x00,
    0x98,0x17,0x0b,0x00,0xb5,0x17,0x0b,0x00,0xd4,0x17,0x0b,0x00,0xed,0x17,0x0b,0x00,0x08,0x18,0x0b,0x00,0x14,0x18,0x0b,0x00,
    0x1d,0x18,0x0b,0x00,0x2f,0x18,0x0b,0x00,0x39,0x18,0x0b,0x00,0x49,0x18,0x0b,0x00,0x5f,0x18,0x0b,0x00,0x6f,0x18,0x0b,0x00,
    0x7d,0x18,0x0b,0x00,0x8a,0x18,0x0b,0x00,0x9d,0x18,0x0b,0x00,0xb3,0x18,0x0b,0x00,0xc9,0x18,0x0b,0x00,0xd9,0x18,0x0b,0x00,
    0xe4,0x18,0x0b,0x00,0xfb,0x18,0x0b,0x00,0x07,0x19,0x0b,0x00,0x1a,0x19,0x0b,0x00,0x29,0x19,0x0b,0x00,0x3b,0x19,0x0b,0x00,
    0x58,0x19,0x0b,0x00,0x6b,0x19,0x0b,0x00,0x7a,0x19,0x0b,0x00,0x8b,0x19,0x0b,0x00,0x9d,0x19,0x0b,0x00,0xac,0x19,0x0b,0x00,
    0xba,0x19,0x0b,0x00,0xcc,0x19,0x0b,0x00,0xde,0x19,0x0b,0x00,0xf0,0x19,0x0b,0x00,0x02,0x1a,0x0b,0x00,0x1b,0x1a,0x0b,0x00,
    0x35,0x1a,0x0b,0x00,0x43,0x1a,0x0b,0x00,0x57,0x1a,0x0b,0x00,0x68,0x1a,0x0b,0x00,0x74,0x1a,0x0b,0x00,0x7c,0x1a,0x0b,0x00,
    0x89,0x1a,0x0b,0x00,0x91,0x1a,0x0b,0x00,0x9d,0x1a,0x0b,0x00,0xa9,0x1a,0x0b,0x00,0xb5,0x1a,0x0b,0x00,0xbd,0x1a,0x0b,0x00,
    0xe0,0x1a,0x0b,0x00,0xf6,0x1a,0x0b,0x00,0x06,0x1b,0x0b,0x00,0x12,0x1b,0x0b,0x00,0x1b,0x1b,0x0b,0x00,0x2d,0x1b,0x0b,0x00,
    0x3d,0x1b,0x0b,0x00,0x55,0x1b,0x0b,0x00,0x5e,0x1b,0x0b,0x00,0x6b,0x1b,0x0b,0x00,0x79,0x1b,0x0b,0x00,0x83,0x1b,0x0b,0x00,
    0x90,0x1b,0x0b,0x00,0x9d,0x1b,0x0b,0x00,0xaa,0x1b,0x0b,0x00,0xb8,0x1b,0x0b,0x00,0xca,0x1b,0x0b,0x00,0xdb,0x1b,0x0b,0x00,
    0xea,0x1b,0x0b,0x00,0xfa,0x1b,0x0b,0x00,0x0c,0x1c,0x0b,0x00,0x18,0x1c,0x0b,0x00,0x20,0x1c,0x0b,0x00,0x35,0x1c,0x0b,0x00,
    0x3d,0x1c,0x0b,0x00,0x49,0x1c,0x0b,0x00,0x58,0x1c,0x0b,0x00,0x6b,0x1c,0x0b,0x00,0x7b,0x1c,0x0b,0x00,0x86,0x1c,0x0b,0x00,
    0x91,0x1c,0x0b,0x00,0xa0,0x1c,0x0b,0x00,0xb0,0x1c,0x0b,0x00,0xc7,0x1c,0x0b,0x00,0xd2,0x1c,0x0b,0x00,0xe1,0x1c,0x0b,0x00,
    0xed,0x1c,0x0b,0x00,0x09,0x1d,0x0b,0x00,0x23,0x1d,0x0b,0x00,0x33,0x1d,0x0b,0x00,0x3d,0x1d,0x0b,0x00,0x48,0x1d,0x0b,0x00,
    0x59,0x1d,0x0b,0x00,0x6f,0x1d,0x0b,0x00,0x78,0x1d,0x0b,0x00,0x87,0x1d,0x0b,0x00,0xa1,0x1d,0x0b,0x00,0xb3,0x1d,0x0b,0x00,
    0xc2,0x1d,0x0b,0x00,0xcf,0x1d,0x0b,0x00,0xde,0x1d,0x0b,0x00,0xec,0x1d,0x0b,0x00,0xfd,0x1d,0x0b,0x00,0x0c,0x1e,0x0b,0x00,
    0x16,0x1e,0x0b,0x00,0x1f,0x1e,0x0b,0x00,0x2f,0x1e,0x0b,0x00,0x3f,0x1e,0x0b,0x00,0x55,0x1e,0x0b,0x00,0x5f,0x1e,0x0b,0x00,
    0x70,0x1e,0x0b,0x00,0x7e,0x1e,0x0b,0x00,0x8c,0x1e,0x0b,0x00,0x97,0x1e,0x0b,0x00,0xa0,0x1e,0x0b,0x00,0xaf,0x1e,0x0b,0x00,
    0xbf,0x1e,0x0b,0x00,0xd1,0x1e,0x0b,0x00,0xde,0x1e,0x0b,0x00,0xeb,0x1e,0x0b,0x00,0xfb,0x1e,0x0b,0x00,0x04,0x1f,0x0b,0x00,
    0x14,0x1f,0x0b,0x00,0x25,0x1f,0x0b,0x00,0x33,0x1f,0x0b,0x00,0x44,0x1f,0x0b,0x00,0x54,0x1f,0x0b,0x00,0x64,0x1f,0x0b,0x00,
    0x70,0x1f,0x0b,0x00,0x7b,0x1f,0x0b,0x00,0x87,0x1f,0x0b,0x00,0x9a,0x1f,0x0b,0x00,0xa5,0x1f,0x0b,0x00,0xb0,0x1f,0x0b,0x00,
    0xc2,0x1f,0x0b,0x00,0xdd,0x1f,0x0b,0x00,0xeb,0x1f,0x0b,0x00,0x00,0x20,0x0b,0x00,0x09,0x20,0x0b,0x00,0x16,0x20,0x0b,0x00,
    0x20,0x20,0x0b,0x00,0x2b,0x20,0x0b,0x00,0x37,0x20,0x0b,0x00,0x4f,0x20,0x0b,0x00,0x5e,0x20,0x0b,0x00,0x6e,0x20,0x0b,0x00,
    0x83,0x20,0x0b,0x00,0x95,0x20,0x0b,0x00,0xa8,0x20,0x0b,0x00,0xb2,0x20,0x0b,0x00,0xc1,0x20,0x0b,0x00,0xc7,0x20,0x0b,0x00,
    0xd7,0x20,0x0b,0x00,0xe1,0x20,0x0b,0x00,0xf1,0x20,0x0b,0x00,0x01,0x21,0x0b,0x00,0x13,0x21,0x0b,0x00,0x24,0x21,0x0b,0x00,
    0x38,0x21,0x0b,0x00,0x4e,0x21,0x0b,0x00,0x60,0x21,0x0b,0x00,0x6c,0x21,0x0b,0x00,0x7a,0x21,0x0b,0x00,0x8b,0x21,0x0b,0x00,
    0xa0,0x21,0x0b,0x00,0xae,0x21,0x0b,0x00,0xc2,0x21,0x0b,0x00,0xd4,0x21,0x0b,0x00,0xe5,0x21,0x0b,0x00,0xf9,0x21,0x0b,0x00,
    0x0c,0x22,0x0b,0x00,0x33,0x22,0x0b,0x00,0x5c,0x22,0x0b,0x00,0x6a,0x22,0x0b,0x00,0x7c,0x22,0x0b,0x00,0x8f,0x22,0x0b,0x00,
    0x9e,0x22,0x0b,0x00,0xaa,0x22,0x0b,0x00,0xba,0x22,0x0b,0x00,0xc5,0x22,0x0b,0x00,0xd1,0x22,0x0b,0x00,0xda,0x22,0x0b,0x00,
    0xea,0x22,0x0b,0x00,0xf8,0x22,0x0b,0x00,0x08,0x23,0x0b,0x00,0x17,0x23,0x0b,0x00,0x2a,0x23,0x0b,0x00,0x3a,0x23,0x0b,0x00,
    0x4e,0x23,0x0b,0x00,0x5b,0x23,0x0b,0x00,0x72,0x23,0x0b,0x00,0x8c,0x23,0x0b,0x00,0x9b,0x23,0x0b,0x00,0xa8,0x23,0x0b,0x00,
    0xbb,0x23,0x0b,0x00,0xc4,0x23,0x0b,0x00,0xcf,0x23,0x0b,0x00,0xe4,0x23,0x0b,0x00,0xf7,0x23,0x0b,0x00,0x07,0x24,0x0b,0x00,
    0x1d,0x24,0x0b,0x00,0x2c,0x24,0x0b,0x00,0x3d,0x24,0x0b,0x00,0x4c,0x24,0x0b,0x00,0x5c,0x24,0x0b,0x00,0x6b,0x24,0x0b,0x00,
    0x7a,0x24,0x0b,0x00,0x88,0x24,0x0b,0x00,0xa7,0x24,0x0b,0x00,0xd5,0x24,0x0b,0x00,0xe7,0x24,0x0b,0x00,0x08,0x25,0x0b,0x00,
    0x16,0x25,0x0b,0x00,0x36,0x25,0x0b,0x00,0x46,0x25,0x0b,0x00,0x56,0x25,0x0b,0x00,0x6e,0x25,0x0b,0x00,0x7e,0x25,0x0b,0x00,
    0x92,0x25,0x0b,0x00,0xa6,0x25,0x0b,0x00,0xc1,0x25,0x0b,0x00,0xd1,0x25,0x0b,0x00,0xe1,0x25,0x0b,0x00,0xf8,0x25,0x0b,0x00,
    0x13,0x26,0x0b,0x00,0x32,0x26,0x0b,0x00,0x46,0x26,0x0b,0x00,0x5e,0x26,0x0b,0x00,0x6f,0x26,0x0b,0x00,0x7e,0x26,0x0b,0x00,
    0x8c,0x26,0x0b,0x00,0xa0,0x26,0x0b,0x00,0xb8,0x26,0x0b,0x00,0xc7,0x26,0x0b,0x00,0xd9,0x26,0x0b,0x00,0xe8,0x26,0x0b,0x00,
    0xf4,0x26,0x0b,0x00,0x04,0x27,0x0b,0x00,0x14,0x27,0x0b,0x00,0x2b,0x27,0x0b,0x00,0x35,0x27,0x0b,0x00,0x43,0x27,0x0b,0x00,
    0x59,0x27,0x0b,0x00,0x66,0x27,0x0b,0x00,0x76,0x27,0x0b,0x00,0x8f,0x27,0x0b,0x00,0xa1,0x27,0x0b,0x00,0xb5,0x27,0x0b,0x00,
    0xca,0x27,0x0b,0x00,0xd8,0x27,0x0b,0x00,0xe9,0x27,0x0b,0x00,0xfe,0x27,0x0b,0x00,0x0e,0x28,0x0b,0x00,0x1a,0x28,0x0b,0x00,
    0x27,0x28,0x0b,0x00,0x3b,0x28,0x0b,0x00,0x4c,0x28,0x0b,0x00,0x5c,0x28,0x0b,0x00,0x6d,0x28,0x0b,0x00,0x7d,0x28,0x0b,0x00,
    0x8c,0x28,0x0b,0x00,0x9e,0x28,0x0b,0x00,0xab,0x28,0x0b,0x00,0xbf,0x28,0x0b,0x00,0xd2,0x28,0x0b,0x00,0xdf,0x28,0x0b,0x00,
    0xf2,0x28,0x0b,0x00,0xff,0x28,0x0b,0x00,0x0d,0x29,0x0b,0x00,0x1c,0x29,0x0b,0x00,0x2e,0x29,0x0b,0x00,0x40,0x29,0x0b,0x00,
    0x4f,0x29,0x0b,0x00,0x5a,0x29,0x0b,0x00,0x73,0x29,0x0b,0x00,0x87,0x29,0x0b,0x00,0x95,0x29,0x0b,0x00,0xa8,0x29,0x0b,0x00,
    0xba,0x29,0x0b,0x00,0xc8,0x29,0x0b,0x00,0xd5,0x29,0x0b,0x00,0xe2,0x29,0x0b,0x00,0xf2,0x29,0x0b,0x00,0xfd,0x29,0x0b,0x00,
    0x14,0x2a,0x0b,0x00,0x25,0x2a,0x0b,0x00,0x3b,0x2a,0x0b,0x00,0x4a,0x2a,0x0b,0x00,0x5a,0x2a,0x0b,0x00,0x73,0x2a,0x0b,0x00,
    0x89,0x2a,0x0b,0x00,0xa8,0x2a,0x0b,0x00,0xc5,0x2a,0x0b,0x00,0xcd,0x2a,0x0b,0x00,0xda,0x2a,0x0b,0x00,0xe2,0x2a,0x0b,0x00,
    0xf2,0x2a,0x0b,0x00,0xfb,0x2a,0x0b,0x00,0x08,0x2b,0x0b,0x00,0x16,0x2b,0x0b,0x00,0x23,0x2b,0x0b,0x00,0x31,0x2b,0x0b,0x00,
    0x3b,0x2b,0x0b,0x00,0x4d,0x2b,0x0b,0x00,0x59,0x2b,0x0b,0x00,0x68,0x2b,0x0b,0x00,0x73,0x2b,0x0b,0x00,0x83,0x2b,0x0b,0x00,
    0x8e,0x2b,0x0b,0x00,0x9d,0x2b,0x0b,0x00,0xad,0x2b,0x0b,0x00,0xbd,0x2b,0x0b,0x00,0xca,0x2b,0x0b,0x00,0xd4,0x2b,0x0b,0x00,
    0xe3,0x2b,0x0b,0x00,0xf3,0x2b,0x0b,0x00,0x00,0x2c,0x0b,0x00,0x0d,0x2c,0x0b,0x00,0x15,0x2c,0x0b,0x00,0x1d,0x2c,0x0b,0x00,
    0x28,0x2c,0x0b,0x00,0x30,0x2c,0x0b,0x00,0x48,0x2c,0x0b,0x00,0x55,0x2c,0x0b,0x00,0x62,0x2c,0x0b,0x00,0x6e,0x2c,0x0b,0x00,
    0x81,0x2c,0x0b,0x00,0x98,0x2c,0x0b,0x00,0xa6,0x2c,0x0b,0x00,0xc4,0x2c,0x0b,0x00,0xdb,0x2c,0x0b,0x00,0xe7,0x2c,0x0b,0x00,
    0xf2,0x2c,0x0b,0x00,0x0d,0x2d,0x0b,0x00,0x21,0x2d,0x0b,0x00,0x37,0x2d,0x0b,0x00,0x47,0x2d,0x0b,0x00,0x58,0x2d,0x0b,0x00,
    0x6b,0x2d,0x0b,0x00,0x77,0x2d,0x0b,0x00,0x8a,0x2d,0x0b,0x00,0x9c,0x2d,0x0b,0x00,0xae,0x2d,0x0b,0x00,0xb9,0x2d,0x0b,0x00,
    0xc7,0x2d,0x0b,0x00,0xda,0x2d,0x0b,0x00,0xe7,0x2d,0x0b,0x00,0xf7,0x2d,0x0b,0x00,0x0c,0x2e,0x0b,0x00,0x1f,0x2e,0x0b,0x00,
    0x39,0x2e,0x0b,0x00,0x45,0x2e,0x0b,0x00,0x53,0x2e,0x0b,0x00,0x64,0x2e,0x0b,0x00,0x7d,0x2e,0x0b,0x00,0x87,0x2e,0x0b,0x00,
    0x96,0x2e,0x0b,0x00,0xa6,0x2e,0x0b,0x00,0xb9,0x2e,0x0b,0x00,0xc7,0x2e,0x0b,0x00,0xd9,0x2e,0x0b,0x00,0xe4,0x2e,0x0b,0x00,
    0xef,0x2e,0x0b,0x00,0x06,0x2f,0x0b,0x00,0x22,0x2f,0x0b,0x00,0x40,0x2f,0x0b,0x00,0x5d,0x2f,0x0b,0x00,0x6d,0x2f,0x0b,0x00,
    0x7d,0x2f,0x0b,0x00,0x92,0x2f,0x0b,0x00,0xa5,0x2f,0x0b,0x00,0xb6,0x2f,0x0b,0x00,0xc3,0x2f,0x0b,0x00,0xd1,0x2f,0x0b,0x00,
    0xe8,0x2f,0x0b,0x00,0xf8,0x2f,0x0b,0x00,0x04,0x30,0x0b,0x00,0x1b,0x30,0x0b,0x00,0x38,0x30,0x0b,0x00,0x52,0x30,0x0b,0x00,
    0x5b,0x30,0x0b,0x00,0x6b,0x30,0x0b,0x00,0x7a,0x30,0x0b,0x00,0x8c,0x30,0x0b,0x00,0xa2,0x30,0x0b,0x00,0xac,0x30,0x0b,0x00,
    0xc0,0x30,0x0b,0x00,0xca,0x30,0x0b,0x00,0xe8,0x30,0x0b,0x00,0xff,0x30,0x0b,0x00,0x1b,0x31,0x0b,0x00,0x2c,0x31,0x0b,0x00,
    0x36,0x31,0x0b,0x00,0x5a,0x31,0x0b,0x00,0x70,0x31,0x0b,0x00,0x87,0x31,0x0b,0x00,0x91,0x31,0x0b,0x00,0xa3,0x31,0x0b,0x00,
    0xb8,0x31,0x0b,0x00,0xcd,0x31,0x0b,0x00,0xe7,0x31,0x0b,0x00,0xfe,0x31,0x0b,0x00,0x11,0x32,0x0b,0x00,0x32,0x32,0x0b,0x00,
    0x50,0x32,0x0b,0x00,0x66,0x32,0x0b,0x00,0x71,0x32,0x0b,0x00,0x7e,0x32,0x0b,0x00,0x99,0x32,0x0b,0x00,0xa9,0x32,0x0b,0x00,
    0xb3,0x32,0x0b,0x00,0xc2,0x32,0x0b,0x00,0xd6,0x32,0x0b,0x00,0xe5,0x32,0x0b,0x00,0xf4,0x32,0x0b,0x00,0x09,0x33,0x0b,0x00,
    0xc9,0x1a,0x0b,0x00,0x17,0x33,0x0b,0x00,0x23,0x33,0x0b,0x00,0x32,0x33,0x0b,0x00,0x3f,0x33,0x0b,0x00,0x4e,0x33,0x0b,0x00,
    0x5e,0x33,0x0b,0x00,0x6e,0x33,0x0b,0x00,0x7a,0x33,0x0b,0x00,0x83,0x33,0x0b,0x00,0x00,0x00,0x01,0x00,0x02,0x00,0x03,0x00,
    0x04,0x00,0x05,0x00,0x06,0x00,0x07,0x00,0x08,0x00,0x09,0x00,0x0a,0x00,0x0b,0x00,0x0c,0x00,0x0d,0x00,0x0e,0x00,0x0f,0x00,
    0x10,0x00,0x11,0x00,0x12,0x00,0x13,0x00,0x14,0x00,0x15,0x00,0x16,0x00,0x17,0x00,0x18,0x00,0x19,0x00,0x1a,0x00,0x1b,0x00,
    0x1c,0x00,0x1d,0x00,0x1e,0x00,0x1f,0x00,0x20,0x00,0x21,0x00,0x22,0x00,0x23,0x00,0x24,0x00,0x25,0x00,0x26,0x00,0x27,0x00,
    0x28,0x00,0x29,0x00,0x2a,0x00,0x2b,0x00,0x2c,0x00,0x2d,0x00,0x2e,0x00,0x2f,0x00,0x30,0x00,0x31,0x00,0x32,0x00,0x33,0x00,
    0x34,0x00,0x35,0x00,0x36,0x00,0x37,0x00,0x38,0x00,0x39,0x00,0x3a,0x00,0x3b,0x00,0x3c,0x00,0x3d,0x00,0x3e,0x00,0x3f,0x00,
    0x40,0x00,0x41,0x00,0x42,0x00,0x43,0x00,0x44,0x00,0x45,0x00,0x46,0x00,0x47,0x00,0x48,0x00,0x49,0x00,0x4a,0x00,0x4b,0x00,
    0x4c,0x00,0x4d,0x00,0x4e,0x00,0x4f,0x00,0x50,0x00,0x51,0x00,0x52,0x00,0x53,0x00,0x54,0x00,0x55,0x00,0x56,0x00,0x57,0x00,
    0x58,0x00,0x59,0x00,0x5a,0x00,0x5b,0x00,0x5c,0x00,0x5d,0x00,0x5e,0x00,0x5f,0x00,0x60,0x00,0x61,0x00,0x62,0x00,0x63,0x00,
    0x64,0x00,0x65,0x00,0x66,0x00,0x67,0x00,0x68,0x00,0x69,0x00,0x6a,0x00,0x6b,0x00,0x6c,0x00,0x6d,0x00,0x6e,0x00,0x6f,0x00,
    0x70,0x00,0x71,0x00,0x72,0x00,0x73,0x00,0x74,0x00,0x75,0x00,0x76,0x00,0x77,0x00,0x78,0x00,0x79,0x00,0x7a,0x00,0x7b,0x00,
    0x7c,0x00,0x7d,0x00,0x7e,0x00,0x7f,0x00,0x80,0x00,0x81,0x00,0x82,0x00,0x83,0x00,0x84,0x00,0x85,0x00,0x86,0x00,0x87,0x00,
    0x88,0x00,0x89,0x00,0x8a,0x00,0x8b,0x00,0x8c,0x00,0x8d,0x00,0x8e,0x00,0x8f,0x00,0x90,0x00,0x91,0x00,0x92,0x00,0x93,0x00,
    0x94,0x00,0x95,0x00,0x96,0x00,0x97,0x00,0x98,0x00,0x99,0x00,0x9a,0x00,0x9b,0x00,0x9c,0x00,0x9d,0x00,0x9e,0x00,0x9f,0x00,
    0xa0,0x00,0xa1,0x00,0xa2,0x00,0xa3,0x00,0xa4,0x00,0xa5,0x00,0xa6,0x00,0xa7,0x00,0xa8,0x00,0xa9,0x00,0xaa,0x00,0xab,0x00,
    0xac,0x00,0xad,0x00,0xae,0x00,0xaf,0x00,0xb0,0x00,0xb1,0x00,0xb2,0x00,0xb3,0x00,0xb4,0x00,0xb5,0x00,0xb6,0x00,0xb7,0x00,
    0xb8,0x00,0xb9,0x00,0xba,0x00,0xbb,0x00,0xbc,0x00,0xbd,0x00,0xbe,0x00,0xbf,0x00,0xc0,0x00,0xc1,0x00,0xc2,0x00,0xc3,0x00,
    0xc4,0x00,0xc5,0x00,0xc6,0x00,0xc7,0x00,0xc8,0x00,0xc9,0x00,0xca,0x00,0xcb,0x00,0xcc,0x00,0xcd,0x00,0xce,0x00,0xcf,0x00,
    0xd0,0x00,0xd1,0x00,0xd2,0x00,0xd3,0x00,0xd4,0x00,0xd5,0x00,0xd6,0x00,0xd7,0x00,0xd8,0x00,0xd9,0x00,0xda,0x00,0xdb,0x00,
    0xdc,0x00,0xdd,0x00,0xde,0x00,0xdf,0x00,0xe0,0x00,0xe1,0x00,0xe2,0x00,0xe3,0x00,0xe4,0x00,0xe5,0x00,0xe6,0x00,0xe7,0x00,
    0xe8,0x00,0xe9,0x00,0xea,0x00,0xeb,0x00,0xec,0x00,0xed,0x00,0xee,0x00,0xef,0x00,0xf0,0x00,0xf1,0x00,0xf2,0x00,0xf3,0x00,
    0xf4,0x00,0xf5,0x00,0xf6,0x00,0xf7,0x00,0xf8,0x00,0xf9,0x00,0xfa,0x00,0xfb,0x00,0xfc,0x00,0xfd,0x00,0xfe,0x00,0xff,0x00,
    0x00,0x01,0x01,0x01,0x02,0x01,0x03,0x01,0x04,0x01,0x05,0x01,0x06,0x01,0x07,0x01,0x08,0x01,0x09,0x01,0x0a,0x01,0x0b,0x01,
    0x0c,0x01,0x0d,0x01,0x0e,0x01,0x0f,0x01,0x10,0x01,0x11,0x01,0x12,0x01,0x13,0x01,0x14,0x01,0x15,0x01,0x16,0x01,0x17,0x01,
    0x18,0x01,0x19,0x01,0x1a,0x01,0x1b,0x01,0x1c,0x01,0x1d,0x01,0x1e,0x01,0x1f,0x01,0x20,0x01,0x21,0x01,0x22,0x01,0x23,0x01,
    0x24,0x01,0x25,0x01,0x26,0x01,0x27,0x01,0x28,0x01,0x29,0x01,0x2a,0x01,0x2b,0x01,0x2c,0x01,0x2d,0x01,0x2e,0x01,0x2f,0x01,
    0x30,0x01,0x31,0x01,0x32,0x01,0x33,0x01,0x34,0x01,0x35,0x01,0x36,0x01,0x37,0x01,0x38,0x01,0x39,0x01,0x3a,0x01,0x3b,0x01,
    0x3c,0x01,0x3d,0x01,0x3e,0x01,0x3f,0x01,0x40,0x01,0x41,0x01,0x42,0x01,0x43,0x01,0x44,0x01,0x45,0x01,0x46,0x01,0x47,0x01,
    0x48,0x01,0x49,0x01,0x4a,0x01,0x4b,0x01,0x4c,0x01,0x4d,0x01,0x4e,0x01,0x4f,0x01,0x50,0x01,0x51,0x01,0x52,0x01,0x53,0x01,
    0x55,0x01,0x56,0x01,0x57,0x01,0x58,0x01,0x59,0x01,0x5a,0x01,0x5b,0x01,0x5c,0x01,0x5d,0x01,0x5e,0x01,0x5f,0x01,0x60,0x01,
    0x61,0x01,0x62,0x01,0x63,0x01,0x64,0x01,0x65,0x01,0x66,0x01,0x67,0x01,0x68,0x01,0x69,0x01,0x6a,0x01,0x6b,0x01,0x6c,0x01,
    0x6d,0x01,0x6e,0x01,0x6f,0x01,0x70,0x01,0x71,0x01,0x72,0x01,0x73,0x01,0x74,0x01,0x75,0x01,0x76,0x01,0x77,0x01,0x78,0x01,
    0x79,0x01,0x7a,0x01,0x7b,0x01,0x7c,0x01,0x7d,0x01,0x7e,0x01,0x7f,0x01,0x80,0x01,0x81,0x01,0x82,0x01,0x83,0x01,0x84,0x01,
    0x85,0x01,0x86,0x01,0x87,0x01,0x88,0x01,0x89,0x01,0x8a,0x01,0x8b,0x01,0x8c,0x01,0x8d,0x01,0x8e,0x01,0x8f,0x01,0x90,0x01,
    0x91,0x01,0x92,0x01,0x93,0x01,0x94,0x01,0x95,0x01,0x96,0x01,0x97,0x01,0x98,0x01,0x99,0x01,0x9a,0x01,0x9b,0x01,0x9c,0x01,
    0x9d,0x01,0x9e,0x01,0x9f,0x01,0xa0,0x01,0xa1,0x01,0xa2,0x01,0xa3,0x01,0xa4,0x01,0xa5,0x01,0xa6,0x01,0xa7,0x01,0xa8,0x01,
    0xa9,0x01,0xaa,0x01,0xab,0x01,0xac,0x01,0xad,0x01,0xae,0x01,0xaf,0x01,0xb0,0x01,0xb1,0x01,0xb2,0x01,0xb3,0x01,0xb4,0x01,
    0xb5,0x01,0xb6,0x01,0xb7,0x01,0xb8,0x01,0xb9,0x01,0xba,0x01,0xbb,0x01,0xbc,0x01,0xbd,0x01,0xbe,0x01,0xbf,0x01,0xc0,0x01,
    0xc1,0x01,0xc2,0x01,0xc3,0x01,0xc4,0x01,0xc5,0x01,0xc6,0x01,0xc7,0x01,0xc8,0x01,0xc9,0x01,0xca,0x01,0xcb,0x01,0xcc,0x01,
    0xcd,0x01,0xce,0x01,0xcf,0x01,0xd0,0x01,0xd1,0x01,0xd2,0x01,0xd3,0x01,0xd4,0x01,0xd5,0x01,0xd6,0x01,0xd7,0x01,0xd8,0x01,
    0xd9,0x01,0xda,0x01,0xdb,0x01,0xdc,0x01,0xdd,0x01,0xde,0x01,0xdf,0x01,0xe0,0x01,0xe1,0x01,0xe2,0x01,0xe3,0x01,0xe4,0x01,
    0xe5,0x01,0xe6,0x01,0xe7,0x01,0xe8,0x01,0xe9,0x01,0xea,0x01,0xeb,0x01,0xec,0x01,0xed,0x01,0xee,0x01,0xef,0x01,0xf0,0x01,
    0xf1,0x01,0xf2,0x01,0xf3,0x01,0xf4,0x01,0xf5,0x01,0xf6,0x01,0xf7,0x01,0xf8,0x01,0xf9,0x01,0xfa,0x01,0xfb,0x01,0xfc,0x01,
    0xfd,0x01,0xfe,0x01,0xff,0x01,0x00,0x02,0x01,0x02,0x02,0x02,0x03,0x02,0x04,0x02,0x05,0x02,0x06,0x02,0x07,0x02,0x08,0x02,
    0x09,0x02,0x0a,0x02,0x0b,0x02,0x0c,0x02,0x0d,0x02,0x0e,0x02,0x0f,0x02,0x10,0x02,0x11,0x02,0x12,0x02,0x13,0x02,0x14,0x02,
    0x15,0x02,0x16,0x02,0x17,0x02,0x18,0x02,0x19,0x02,0x1a,0x02,0x1b,0x02,0x1c,0x02,0x1d,0x02,0x1e,0x02,0x1f,0x02,0x20,0x02,
    0x21,0x02,0x22,0x02,0x23,0x02,0x24,0x02,0x25,0x02,0x26,0x02,0x27,0x02,0x28,0x02,0x29,0x02,0x2a,0x02,0x2b,0x02,0x2c,0x02,
    0x2d,0x02,0x2e,0x02,0x2f,0x02,0x30,0x02,0x31,0x02,0x32,0x02,0x33,0x02,0x34,0x02,0x35,0x02,0x36,0x02,0x37,0x02,0x38,0x02,
    0x39,0x02,0x3a,0x02,0x3b,0x02,0x3c,0x02,0x3d,0x02,0x3e,0x02,0x3f,0x02,0x40,0x02,0x41,0x02,0x42,0x02,0x43,0x02,0x44,0x02,
    0x45,0x02,0x46,0x02,0x47,0x02,0x48,0x02,0x49,0x02,0x4a,0x02,0x4b,0x02,0x4c,0x02,0x4d,0x02,0x4e,0x02,0x4f,0x02,0x50,0x02,
    0x51,0x02,0x52,0x02,0x53,0x02,0x54,0x02,0x55,0x02,0x56,0x02,0x57,0x02,0x58,0x02,0x59,0x02,0x5a,0x02,0x5b,0x02,0x5c,0x02,
    0x5d,0x02,0x5e,0x02,0x5f,0x02,0x60,0x02,0x61,0x02,0x62,0x02,0x63,0x02,0x64,0x02,0x65,0x02,0x66,0x02,0x67,0x02,0x68,0x02,
    0x69,0x02,0x6a,0x02,0x6b,0x02,0x6c,0x02,0x6d,0x02,0x6e,0x02,0x6f,0x02,0x70,0x02,0x71,0x02,0x72,0x02,0x73,0x02,0x74,0x02,
    0x75,0x02,0x76,0x02,0x77,0x02,0x78,0x02,0x79,0x02,0x7a,0x02,0x7b,0x02,0x7c,0x02,0x7d,0x02,0x7e,0x02,0x7f,0x02,0x80,0x02,
    0x81,0x02,0x82,0x02,0x83,0x02,0x84,0x02,0x85,0x02,0x86,0x02,0x87,0x02,0x88,0x02,0x89,0x02,0x8a,0x02,0x8b,0x02,0x8c,0x02,
    0x8d,0x02,0x8e,0x02,0x8f,0x02,0x90,0x02,0x91,0x02,0x92,0x02,0x93,0x02,0x94,0x02,0x95,0x02,0x96,0x02,0x97,0x02,0x98,0x02,
    0x99,0x02,0x9a,0x02,0x9b,0x02,0x9c,0x02,0x9d,0x02,0x9e,0x02,0x9f,0x02,0xa0,0x02,0xa1,0x02,0xa2,0x02,0xa3,0x02,0xa4,0x02,
    0xa5,0x02,0xa6,0x02,0xa7,0x02,0xa8,0x02,0xa9,0x02,0xaa,0x02,0xab,0x02,0xac,0x02,0xad,0x02,0xae,0x02,0xaf,0x02,0xb0,0x02,
    0xb1,0x02,0xb2,0x02,0xb3,0x02,0xb4,0x02,0xb5,0x02,0xb6,0x02,0xb7,0x02,0xb8,0x02,0xb9,0x02,0xba,0x02,0xbb,0x02,0xbc,0x02,
    0xbd,0x02,0xbe,0x02,0xbf,0x02,0xc0,0x02,0xc1,0x02,0xc2,0x02,0x54,0x01,0xc3,0x02,0xc4,0x02,0xc5,0x02,0xc6,0x02,0xc7,0x02,
    0xc8,0x02,0xc9,0x02,0xca,0x02,0xcb,0x02,0x6c,0x65,0x67,0x6f,0x6c,0x61,0x6e,0x64,0x2e,0x65,0x78,0x65,0x00,0x41,0x64,0x64,
    0x32,0x46,0x72,0x65,0x65,0x50,0x6c,0x61,0x79,0x50,0x61,0x6e,0x65,0x6c,0x4c,0x69,0x73,0x74,0x73,0x00,0x41,0x64,0x64,0x33,
    0x44,0x42,0x6c,0x6f,0x6b,0x65,0x54,0x6f,0x4c,0x69,0x73,0x74,0x00,0x41,0x64,0x64,0x42,0x61,0x73,0x69,0x63,0x4f,0x62,0x6a,
    0x65,0x63,0x74,0x00,0x41,0x64,0x64,0x42,0x61,0x73,0x69,0x63,0x50,0x61,0x74,0x68,0x00,0x41,0x64,0x64,0x42,0x6c,0x6f,0x6b,
    0x65,0x54,0x6f,0x52,0x65,0x6e,0x64,0x65,0x72,0x4c,0x69,0x73,0x74,0x00,0x41,0x64,0x64,0x42,0x72,0x69,0x63,0x6b,0x73,0x00,
    0x41,0x64,0x64,0x46,0x72,0x65,0x65,0x50,0x6c,0x61,0x79,0x49,0x63,0x6f,0x6e,0x00,0x41,0x64,0x64,0x46,0x75,0x6c,0x6c,0x53,
    0x63,0x72,0x65,0x65,0x6e,0x49,0x63,0x6f,0x6e,0x00,0x41,0x64,0x64,0x47,0x42,0x61,0x72,0x43,0x6c,0x61,0x73,0x73,0x49,0x63,
    0x6f,0x6e,0x00,0x41,0x64,0x64,0x47,0x42,0x61,0x72,0x49,0x63,0x6f,0x6e,0x73,0x00,0x41,0x64,0x64,0x49,0x6e,0x64,0x69,0x63,
    0x61,0x74,0x6f,0x72,0x00,0x41,0x64,0x64,0x49,0x6e,0x73,0x74,0x61,0x6e,0x63,0x65,0x54,0x6f,0x4c,0x69,0x73,0x74,0x00,0x41,
    0x64,0x64,0x4e,0x65,0x77,0x4f,0x62,0x6a,0x65,0x63,0x74,0x43,0x6c,0x61,0x73,0x73,0x00,0x41,0x64,0x64,0x4e,0x6f,0x64,0x65,
    0x54,0x6f,0x50,0x72,0x6f,0x66,0x69,0x6c,0x65,0x4c,0x69,0x73,0x74,0x00,0x41,0x64,0x64,0x4f,0x62,0x6a,0x65,0x63,0x74,0x54,
    0x6f,0x42,0x75,0x69,0x6c,0x64,0x4c,0x69,0x73,0x74,0x00,0x41,0x64,0x64,0x4f,0x62,0x6a,0x65,0x63,0x74,0x54,0x6f,0x4d,0x61,
    0x70,0x00,0x41,0x64,0x64,0x4f,0x62,0x6a,0x65,0x63,0x74,0x73,0x50,0x6f,0x77,0x65,0x72,0x53,0x74,0x61,0x74,0x73,0x00,0x41,
    0x64,0x64,0x4f,0x76,0x53,0x61,0x76,0x00,0x41,0x64,0x64,0x50,0x61,0x74,0x68,0x53,0x71,0x75,0x61,0x72,0x65,0x00,0x41,0x64,
    0x64,0x50,0x61,0x74,0x68,0x54,0x69,0x6c,0x65,0x00,0x41,0x64,0x64,0x50,0x61,0x74,0x68,0x54,0x69,0x6c,0x65,0x47,0x46,0x58,
    0x00,0x41,0x64,0x64,0x52,0x65,0x70,0x61,0x69,0x72,0x4f,0x72,0x64,0x65,0x72,0x46,0x6f,0x72,0x4f,0x62,0x6a,0x65,0x63,0x74,
    0x00,0x41,0x64,0x64,0x52,0x6f,0x6c,0x6c,0x65,0x72,0x43,0x6f,0x61,0x73,0x74,0x65,0x72,0x50,0x61,0x74,0x68,0x00,0x41,0x64,
    0x64,0x53,0x46,0x58,0x5f,0x43,0x61,0x6c,0x6c,0x62,0x61,0x63,0x6b,0x00,0x41,0x64,0x6a,0x75,0x73,0x74,0x42,0x6c,0x6f,0x6b,
    0x65,0x50,0x6f,0x73,0x69,0x74,0x69,0x6f,0x6e,0x00,0x41,0x64,0x6a,0x75,0x73,0x74,0x4f,0x66,0x66,0x73,0x65,0x74,0x46,0x6f,
    0x72,0x56,0x69,0x65,0x77,0x4d,0x6f,0x64,0x65,0x00,0x41,0x64,0x6a,0x75,0x73,0x74,0x50,0x53,0x61,0x6d,0x70,0x6c,0x65,0x46,
    0x72,0x65,0x71,0x00,0x41,0x64,0x6a,0x75,0x73,0x74,0x50,0x61,0x74,0x68,0x54,0x69,0x6c,0x65,0x00,0x41,0x64,0x6a,0x75,0x73,
    0x74,0x54,0x69,0x6c,0x65,0x52,0x46,0x46,0x6c,0x61,0x67,0x73,0x00,0x41,0x6c,0x6c,0x6f,0x63,0x42,0x6c,0x6f,0x6b,0x65,0x43,
    0x6f,0x75,0x6e,0x74,0x65,0x72,0x73,0x00,0x41,0x6c,0x6c,0x6f,0x63,0x54,0x69,0x6c,0x65,0x53,0x70,0x61,0x63,0x65,0x00,0x41,
    0x6c,0x6c,0x6f,0x63,0x61,0x74,0x65,0x50,0x65,0x72,0x6d,0x61,0x6e,0x65,0x6e,0x74,0x49,0x6e,0x64,0x69,0x63,0x61,0x74,0x6f,
    0x72,0x00,0x41,0x6c,0x6c,0x6f,0x63,0x61,0x74,0x65,0x54,0x69,0x6d,0x65,0x64,0x49,0x6e,0x64,0x69,0x63,0x61,0x74,0x6f,0x72,
    0x00,0x41,0x70,0x70,0x6c,0x79,0x43,0x6f,0x6e,0x73,0x54,0x69,0x6c,0x65,0x4d,0x61,0x70,0x00,0x41,0x70,0x70,0x6c,0x79,0x44,
    0x65,0x73,0x74,0x72,0x54,0x69,0x6c,0x65,0x4d,0x61,0x70,0x00,0x41,0x70,0x70,0x6c,0x79,0x4f,0x62,0x6a,0x65,0x63,0x74,0x4f,
    0x72,0x69,0x65,0x6e,0x74,0x61,0x74,0x69,0x6f,0x6e,0x54,0x6f,0x50,0x65,0x72,0x73,0x6f,0x6e,0x00,0x41,0x72,0x63,0x54,0x61,
    0x6e,0x32,0x35,0x36,0x00,0x42,0x47,0x46,0x75,0x6c,0x6c,0x55,0x70,0x64,0x61,0x74,0x65,0x00,0x42,0x4e,0x56,0x50,0x61,0x74,
    0x68,0x5f,0x47,0x65,0x74,0x42,0x49,0x4e,0x56,0x53,0x63,0x72,0x65,0x65,0x6e,0x43,0x6f,0x6f,0x72,0x64,0x73,0x00,0x42,0x4e,
    0x56,0x50,0x61,0x74,0x68,0x5f,0x47,0x65,0x74,0x44,0x46,0x72,0x61,0x6d,0x65,0x00,0x42,0x4e,0x56,0x50,0x61,0x74,0x68,0x5f,
    0x53,0x65,0x74,0x44,0x46,0x72,0x61,0x6d,0x65,0x00,0x42,0x61,0x73,0x69,0x63,0x4f,0x62,0x6a,0x65,0x63,0x74,0x44,0x43,0x61,
    0x6c,0x63,0x43,0x75,0x72,0x73,0x6f,0x72,0x00,0x42,0x65,0x67,0x69,0x6e,0x4d,0x65,0x61,0x73,0x75,0x72,0x65,0x64,0x42,0x6c,
    0x6f,0x63,0x6b,0x00,0x42,0x69,0x74,0x5f,0x54,0x6f,0x5f,0x44,0x69,0x72,0x00,0x42,0x6c,0x65,0x6e,0x64,0x4d,0x75,0x73,0x69,
    0x63,0x00,0x42,0x6c,0x6f,0x6b,0x65,0x41,0x6e,0x69,0x6d,0x4e,0x65,0x78,0x74,0x46,0x72,0x61,0x6d,0x65,0x00,0x42,0x6c,0x6f,
    0x6b,0x65,0x50,0x61,0x6e,0x57,0x69,0x74,0x68,0x50,0x61,0x6e,0x00,0x42,0x6c,0x6f,0x6b,0x65,0x53,0x65,0x74,0x41,0x6e,0x69,
    0x6d,0x00,0x42,0x6c,0x6f,0x6b,0x65,0x53,0x65,0x74,0x46,0x72,0x61,0x6d,0x65,0x00,0x42,0x6c,0x6f,0x6b,0x65,0x53,0x69,0x74,
    0x41,0x6e,0x69,0x6d,0x00,0x42,0x6c,0x6f,0x6b,0x65,0x57,0x61,0x6c,0x6b,0x41,0x6e,0x69,0x6d,0x00,0x42,0x6c,0x6f,0x6b,0x65,
    0x57,0x61,0x6c,0x6b,0x57,0x69,0x74,0x68,0x50,0x61,0x6e,0x00,0x42,0x6c,0x6f,0x6b,0x65,0x5f,0x44,0x6f,0x4e,0x6f,0x74,0x68,
    0x69,0x6e,0x67,0x00,0x42,0x75,0x62,0x62,0x6c,0x65,0x48,0x65,0x6c,0x70,0x00,0x42,0x75,0x69,0x6c,0x64,0x43,0x75,0x72,0x73,
    0x6f,0x72,0x50,0x74,0x72,0x00,0x42,0x75,0x69,0x6c,0x64,0x4f,0x62,0x6a,0x49,0x6e,0x66,0x6f,0x4c,0x69,0x73,0x74,0x00,0x42,
    0x75,0x69,0x6c,0x64,0x4f,0x62,0x6a,0x65,0x63,0x74,0x00,0x42,0x75,0x69,0x6c,0x64,0x59,0x52,0x6f,0x74,0x61,0x74,0x69,0x6f,
    0x6e,0x4d,0x61,0x74,0x72,0x69,0x78,0x00,0x42,0x75,0x79,0x49,0x74,0x65,0x6d,0x00,0x43,0x4f,0x4e,0x54,0x52,0x4f,0x4c,0x4c,
    0x45,0x52,0x42,0x55,0x46,0x46,0x45,0x52,0x00,0x43,0x61,0x6c,0x63,0x42,0x61,0x73,0x69,0x63,0x4f,0x62,0x6a,0x65,0x63,0x74,
    0x43,0x75,0x72,0x73,0x6f,0x72,0x00,0x43,0x61,0x6c,0x63,0x4d,0x6f,0x76,0x65,0x4c,0x69,0x6e,0x65,0x00,0x43,0x61,0x6c,0x63,
    0x5f,0x49,0x74,0x65,0x6d,0x5f,0x41,0x74,0x74,0x72,0x61,0x63,0x74,0x69,0x76,0x65,0x6e,0x65,0x73,0x73,0x00,0x43,0x61,0x6c,
    0x63,0x75,0x6c,0x61,0x74,0x65,0x4d,0x61,0x70,0x52,0x65,0x6e,0x64,0x65,0x72,0x4f,0x72,0x64,0x65,0x72,0x00,0x43,0x61,0x6c,
    0x63,0x75,0x6c,0x61,0x74,0x65,0x52,0x69,0x64,0x65,0x43,0x6f,0x64,0x65,0x00,0x43,0x61,0x6c,0x63,0x75,0x6c,0x61,0x74,0x65,
    0x52,0x69,0x64,0x65,0x43,0x6f,0x64,0x65,0x73,0x00,0x43,0x61,0x6c,0x63,0x75,0x6c,0x61,0x74,0x65,0x56,0x69,0x65,0x77,0x52,
    0x69,0x64,0x65,0x43,0x6f,0x64,0x65,0x00,0x43,0x61,0x74,0x61,0x70,0x75,0x6c,0x74,0x5f,0x4c,0x6f,0x61,0x64,0x00,0x43,0x61,
    0x74,0x61,0x70,0x75,0x6c,0x74,0x5f,0x53,0x61,0x76,0x65,0x00,0x43,0x68,0x65,0x63,0x6b,0x46,0x6f,0x63,0x75,0x73,0x73,0x65,
    0x64,0x49,0x63,0x6f,0x6e,0x00,0x43,0x68,0x65,0x63,0x6b,0x46,0x6f,0x72,0x50,0x65,0x6f,0x70,0x6c,0x65,0x00,0x43,0x68,0x65,
    0x63,0x6b,0x48,0x6f,0x73,0x74,0x53,0x79,0x73,0x74,0x65,0x6d,0x47,0x50,0x55,0x00,0x43,0x68,0x65,0x63,0x6b,0x57,0x6f,0x72,
    0x6b,0x65,0x72,0x4f,0x6e,0x4d,0x6f,0x75,0x73,0x65,0x53,0x74,0x61,0x74,0x75,0x73,0x00,0x43,0x6c,0x65,0x61,0x6e,0x55,0x70,
    0x46,0x72,0x65,0x65,0x50,0x6c,0x61,0x79,0x00,0x43,0x6c,0x65,0x61,0x6e,0x55,0x70,0x52,0x65,0x73,0x65,0x61,0x63,0x68,0x4c,
    0x69,0x73,0x74,0x00,0x43,0x6c,0x65,0x61,0x72,0x41,0x47,0x61,0x72,0x64,0x65,0x6e,0x65,0x72,0x73,0x57,0x6f,0x72,0x6b,0x4c,
    0x69,0x73,0x74,0x00,0x43,0x6c,0x65,0x61,0x72,0x41,0x4d,0x65,0x63,0x68,0x61,0x6e,0x69,0x63,0x73,0x57,0x6f,0x72,0x6b,0x4c,
    0x69,0x73,0x74,0x00,0x43,0x6c,0x65,0x61,0x72,0x42,0x6c,0x6f,0x6b,0x65,0x43,0x6f,0x75,0x6e,0x74,0x65,0x72,0x73,0x00,0x43,
    0x6c,0x65,0x61,0x72,0x42,0x75,0x69,0x6c,0x64,0x4f,0x62,0x6a,0x4c,0x69,0x73,0x74,0x00,0x43,0x6c,0x65,0x61,0x72,0x4f,0x62,
    0x6a,0x65,0x63,0x74,0x43,0x6f,0x75,0x6e,0x74,0x65,0x72,0x73,0x00,0x43,0x6c,0x65,0x61,0x72,0x4f,0x76,0x65,0x72,0x6c,0x61,
    0x79,0x73,0x00,0x43,0x6c,0x65,0x61,0x72,0x4f,0x76,0x65,0x72,0x72,0x69,0x64,0x65,0x46,0x72,0x61,0x6d,0x65,0x00,0x43,0x6c,
    0x65,0x61,0x72,0x4f,0x76,0x65,0x72,0x72,0x69,0x64,0x65,0x50,0x61,0x6c,0x65,0x74,0x74,0x65,0x00,0x43,0x6c,0x65,0x61,0x72,
    0x50,0x72,0x69,0x6e,0x74,0x4c,0x69,0x73,0x74,0x00,0x43,0x6c,0x65,0x61,0x72,0x53,0x70,0x72,0x69,0x74,0x65,0x4f,0x76,0x65,
    0x72,0x72,0x69,0x64,0x65,0x73,0x00,0x43,0x6c,0x69,0x70,0x54,0x68,0x69,0x73,0x52,0x65,0x63,0x74,0x00,0x43,0x6c,0x6f,0x73,
    0x65,0x43,0x68,0x65,0x63,0x6b,0x42,0x6f,0x78,0x52,0x41,0x6e,0x64,0x44,0x00,0x43,0x6c,0x6f,0x73,0x65,0x43,0x68,0x69,0x6c,
    0x64,0x72,0x65,0x6e,0x42,0x61,0x72,0x00,0x43,0x6c,0x6f,0x73,0x65,0x46,0x6f,0x6e,0x74,0x45,0x6e,0x64,0x43,0x68,0x65,0x63,
    0x6b,0x42,0x6f,0x78,0x00,0x43,0x6f,0x6d,0x6d,0x69,0x74,0x43,0x6c,0x69,0x70,0x72,0x65,0x63,0x74,0x54,0x6f,0x48,0x61,0x72,
    0x64,0x77,0x61,0x72,0x65,0x00,0x43,0x6f,0x6e,0x74,0x72,0x6f,0x6c,0x33,0x44,0x50,0x65,0x6f,0x70,0x6c,0x65,0x00,0x43,0x6f,
    0x6e,0x74,0x72,0x6f,0x6c,0x49,0x6e,0x64,0x69,0x63,0x61,0x74,0x6f,0x72,0x73,0x00,0x43,0x6f,0x6e,0x74,0x72,0x6f,0x6c,0x50,
    0x65,0x6f,0x70,0x6c,0x65,0x00,0x43,0x6f,0x6e,0x74,0x72,0x6f,0x6c,0x57,0x6f,0x72,0x6b,0x65,0x72,0x73,0x00,0x43,0x6f,0x70,
    0x74,0x65,0x72,0x73,0x5f,0x4c,0x6f,0x61,0x64,0x00,0x43,0x6f,0x70,0x74,0x65,0x72,0x73,0x5f,0x53,0x61,0x76,0x65,0x00,0x43,
    0x6f,0x70,0x79,0x4d,0x61,0x74,0x72,0x69,0x78,0x00,0x43,0x6f,0x75,0x6e,0x74,0x53,0x61,0x6d,0x70,0x6c,0x65,0x73,0x46,0x72,
    0x6f,0x6d,0x53,0x6f,0x75,0x72,0x63,0x65,0x00,0x43,0x72,0x65,0x61,0x74,0x65,0x46,0x75,0x6e,0x63,0x74,0x69,0x6f,0x6e,0x42,
    0x61,0x73,0x65,0x64,0x53,0x70,0x72,0x69,0x74,0x65,0x00,0x43,0x72,0x65,0x61,0x74,0x65,0x4d,0x75,0x73,0x69,0x63,0x42,0x61,
    0x6e,0x64,0x53,0x65,0x67,0x6d,0x65,0x6e,0x74,0x00,0x43,0x72,0x65,0x61,0x74,0x65,0x4f,0x62,0x6a,0x65,0x63,0x74,0x43,0x6c,
    0x61,0x73,0x73,0x65,0x73,0x00,0x43,0x72,0x65,0x61,0x74,0x65,0x4f,0x62,0x6a,0x65,0x63,0x74,0x49,0x6e,0x73,0x74,0x61,0x6e,
    0x63,0x65,0x00,0x43,0x72,0x65,0x61,0x74,0x65,0x50,0x61,0x72,0x74,0x69,0x61,0x6c,0x53,0x70,0x72,0x69,0x74,0x65,0x00,0x43,
    0x72,0x65,0x61,0x74,0x65,0x50,0x6c,0x61,0x79,0x61,0x62,0x6c,0x65,0x53,0x61,0x6d,0x70,0x6c,0x65,0x00,0x43,0x72,0x65,0x61,
    0x74,0x65,0x53,0x61,0x6d,0x70,0x6c,0x65,0x46,0x72,0x6f,0x6d,0x57,0x41,0x56,0x00,0x43,0x72,0x65,0x61,0x74,0x65,0x53,0x6f,
    0x75,0x72,0x63,0x65,0x49,0x6d,0x61,0x67,0x65,0x00,0x43,0x72,0x65,0x61,0x74,0x65,0x53,0x70,0x72,0x69,0x74,0x65,0x00,0x43,
    0x72,0x65,0x61,0x74,0x65,0x53,0x79,0x73,0x6d,0x65,0x6d,0x53,0x70,0x72,0x69,0x74,0x65,0x00,0x43,0x72,0x6f,0x73,0x73,0x54,
    0x69,0x6c,0x65,0x43,0x65,0x6e,0x74,0x72,0x65,0x00,0x44,0x42,0x50,0x72,0x69,0x6e,0x74,0x66,0x00,0x44,0x44,0x52,0x41,0x57,
    0x45,0x4e,0x56,0x00,0x44,0x4d,0x75,0x73,0x69,0x63,0x49,0x6e,0x69,0x74,0x69,0x61,0x6c,0x69,0x73,0x65,0x64,0x00,0x44,0x65,
    0x63,0x72,0x65,0x6d,0x65,0x6e,0x74,0x4f,0x62,0x6a,0x65,0x63,0x74,0x43,0x6f,0x75,0x6e,0x74,0x00,0x44,0x65,0x66,0x61,0x75,
    0x6c,0x74,0x43,0x75,0x72,0x73,0x6f,0x72,0x00,0x44,0x65,0x6c,0x4f,0x62,0x6a,0x65,0x63,0x74,0x4c,0x69,0x73,0x74,0x00,0x44,
    0x65,0x6c,0x65,0x74,0x65,0x49,0x6e,0x64,0x69,0x63,0x61,0x74,0x6f,0x72,0x00,0x44,0x65,0x6c,0x65,0x74,0x65,0x50,0x6c,0x61,
    0x79,0x61,0x62,0x6c,0x65,0x53,0x61,0x6d,0x70,0x6c,0x65,0x73,0x00,0x44,0x65,0x6c,0x65,0x74,0x65,0x50,0x72,0x6f,0x66,0x69,
    0x6c,0x65,0x4c,0x69,0x73,0x74,0x00,0x44,0x65,0x6c,0x65,0x74,0x65,0x52,0x65,0x73,0x65,0x61,0x63,0x68,0x4c,0x69,0x73,0x74,
    0x00,0x44,0x65,0x6c,0x65,0x74,0x65,0x53,0x61,0x6d,0x70,0x6c,0x65,0x44,0x65,0x66,0x00,0x44,0x65,0x6c,0x65,0x74,0x65,0x53,
    0x61,0x76,0x65,0x64,0x47,0x61,0x6d,0x65,0x4c,0x69,0x73,0x74,0x00,0x44,0x65,0x6c,0x65,0x74,0x65,0x53,0x74,0x72,0x69,0x6e,
    0x67,0x73,0x00,0x44,0x65,0x73,0x74,0x72,0x6f,0x79,0x42,0x6c,0x6f,0x6b,0x65,0x00,0x44,0x69,0x72,0x5f,0x54,0x6f,0x5f,0x42,
    0x69,0x74,0x00,0x44,0x69,0x73,0x61,0x62,0x6c,0x65,0x49,0x6e,0x66,0x6f,0x50,0x6f,0x70,0x55,0x50,0x49,0x63,0x6f,0x6e,0x73,
    0x00,0x44,0x69,0x73,0x61,0x62,0x6c,0x65,0x52,0x41,0x6e,0x64,0x44,0x49,0x63,0x6f,0x6e,0x73,0x00,0x44,0x69,0x73,0x61,0x62,
    0x6c,0x65,0x53,0x69,0x64,0x65,0x50,0x61,0x6e,0x65,0x6c,0x49,0x63,0x6f,0x6e,0x73,0x00,0x44,0x69,0x73,0x70,0x6c,0x61,0x79,
    0x41,0x64,0x76,0x69,0x73,0x6f,0x72,0x48,0x65,0x6c,0x70,0x00,0x44,0x6f,0x42,0x75,0x69,0x6c,0x64,0x45,0x66,0x66,0x65,0x63,
    0x74,0x73,0x00,0x44,0x6f,0x48,0x69,0x67,0x68,0x4c,0x65,0x76,0x65,0x6c,0x41,0x49,0x00,0x44,0x6f,0x4c,0x6f,0x77,0x4c,0x65,
    0x76,0x65,0x6c,0x41,0x49,0x00,0x44,0x6f,0x4d,0x61,0x70,0x41,0x49,0x00,0x44,0x6f,0x50,0x65,0x6e,0x64,0x69,0x6e,0x67,0x41,
    0x63,0x74,0x69,0x6f,0x6e,0x00,0x44,0x6f,0x52,0x6e,0x64,0x57,0x61,0x6c,0x6b,0x50,0x61,0x74,0x68,0x54,0x69,0x6c,0x65,0x41,
    0x63,0x74,0x69,0x6f,0x6e,0x00,0x44,0x72,0x61,0x77,0x41,0x6e,0x64,0x43,0x6c,0x65,0x61,0x72,0x50,0x72,0x69,0x6e,0x74,0x4c,
    0x69,0x73,0x74,0x00,0x44,0x72,0x61,0x77,0x42,0x61,0x73,0x69,0x63,0x50,0x61,0x74,0x68,0x00,0x44,0x72,0x61,0x77,0x4d,0x61,
    0x70,0x53,0x63,0x72,0x65,0x65,0x6e,0x00,0x44,0x72,0x61,0x77,0x50,0x6f,0x70,0x55,0x70,0x49,0x6e,0x66,0x6f,0x00,0x45,0x64,
    0x69,0x74,0x43,0x75,0x72,0x73,0x6f,0x72,0x00,0x45,0x64,0x69,0x74,0x4d,0x6f,0x64,0x65,0x00,0x45,0x6c,0x65,0x6d,0x49,0x44,
    0x00,0x45,0x6e,0x61,0x62,0x6c,0x65,0x53,0x69,0x64,0x65,0x50,0x61,0x6e,0x65,0x6c,0x49,0x63,0x6f,0x6e,0x73,0x00,0x45,0x6e,
    0x64,0x4d,0x65,0x61,0x73,0x75,0x72,0x65,0x64,0x42,0x6c,0x6f,0x63,0x6b,0x00,0x45,0x6e,0x74,0x65,0x72,0x4e,0x65,0x77,0x50,
    0x72,0x6f,0x66,0x69,0x6c,0x65,0x00,0x45,0x6e,0x74,0x65,0x72,0x4e,0x65,0x77,0x50,0x72,0x6f,0x66,0x69,0x6c,0x65,0x43,0x68,
    0x65,0x63,0x6b,0x42,0x6f,0x78,0x49,0x63,0x6f,0x6e,0x73,0x00,0x45,0x6e,0x74,0x65,0x72,0x53,0x61,0x76,0x65,0x47,0x61,0x6d,
    0x65,0x44,0x65,0x74,0x61,0x69,0x6c,0x73,0x00,0x45,0x72,0x61,0x73,0x65,0x47,0x61,0x72,0x64,0x65,0x6e,0x65,0x72,0x4f,0x72,
    0x64,0x65,0x72,0x00,0x45,0x72,0x61,0x73,0x65,0x4d,0x65,0x63,0x68,0x61,0x6e,0x69,0x63,0x4f,0x72,0x64,0x65,0x72,0x00,0x45,
    0x78,0x63,0x6c,0x75,0x64,0x65,0x49,0x73,0x6f,0x6c,0x61,0x74,0x65,0x64,0x44,0x69,0x61,0x67,0x73,0x00,0x46,0x69,0x6e,0x64,
    0x33,0x44,0x50,0x65,0x72,0x73,0x6f,0x6e,0x46,0x72,0x6f,0x6d,0x42,0x6c,0x6f,0x6b,0x65,0x00,0x46,0x69,0x6e,0x64,0x49,0x63,
    0x6f,0x6e,0x00,0x46,0x69,0x6e,0x64,0x4f,0x62,0x6a,0x65,0x63,0x74,0x73,0x50,0x6f,0x77,0x65,0x72,0x00,0x46,0x69,0x6e,0x64,
    0x65,0x49,0x6e,0x65,0x4c,0x69,0x73,0x74,0x00,0x46,0x69,0x72,0x73,0x74,0x42,0x6c,0x6f,0x6b,0x65,0x00,0x46,0x6f,0x63,0x75,
    0x73,0x73,0x65,0x64,0x49,0x63,0x6f,0x6e,0x50,0x74,0x72,0x00,0x46,0x72,0x61,0x6d,0x65,0x4e,0x75,0x6d,0x62,0x65,0x72,0x00,
    0x46,0x72,0x61,0x6d,0x65,0x73,0x50,0x65,0x72,0x53,0x65,0x63,0x6f,0x6e,0x64,0x00,0x46,0x72,0x65,0x65,0x42,0x69,0x6e,0x56,
    0x00,0x46,0x72,0x65,0x65,0x42,0x69,0x74,0x6d,0x61,0x70,0x52,0x65,0x73,0x6f,0x75,0x72,0x63,0x65,0x73,0x00,0x46,0x72,0x65,
    0x65,0x42,0x6c,0x6f,0x6b,0x65,0x43,0x6f,0x75,0x6e,0x74,0x65,0x72,0x73,0x00,0x46,0x72,0x65,0x65,0x50,0x6c,0x61,0x79,0x4f,
    0x62,0x6a,0x65,0x63,0x74,0x4c,0x69,0x73,0x74,0x00,0x46,0x72,0x65,0x65,0x54,0x69,0x6c,0x65,0x53,0x70,0x61,0x63,0x65,0x00,
    0x47,0x61,0x6d,0x65,0x4d,0x61,0x70,0x00,0x47,0x61,0x6d,0x65,0x50,0x61,0x64,0x00,0x47,0x61,0x72,0x64,0x65,0x6e,0x65,0x72,
    0x4c,0x69,0x73,0x74,0x00,0x47,0x61,0x72,0x64,0x65,0x6e,0x65,0x72,0x5f,0x42,0x75,0x69,0x6c,0x64,0x00,0x47,0x61,0x72,0x64,
    0x65,0x6e,0x65,0x72,0x5f,0x49,0x64,0x6c,0x65,0x00,0x47,0x61,0x72,0x64,0x65,0x72,0x6e,0x65,0x72,0x5f,0x52,0x65,0x70,0x61,
    0x69,0x72,0x00,0x47,0x65,0x6e,0x65,0x72,0x61,0x74,0x65,0x47,0x61,0x72,0x64,0x65,0x6e,0x65,0x72,0x00,0x47,0x65,0x6e,0x65,
    0x72,0x61,0x74,0x65,0x4d,0x65,0x63,0x68,0x61,0x6e,0x69,0x63,0x00,0x47,0x65,0x6e,0x65,0x72,0x61,0x74,0x65,0x4e,0x65,0x77,
    0x49,0x6d,0x61,0x67,0x65,0x46,0x72,0x6f,0x6d,0x5a,0x42,0x75,0x66,0x66,0x65,0x72,0x00,0x47,0x65,0x74,0x41,0x6c,0x6c,0x42,
    0x6c,0x6f,0x6b,0x65,0x73,0x4f,0x66,0x66,0x52,0x69,0x64,0x65,0x00,0x47,0x65,0x74,0x41,0x72,0x6d,0x43,0x6f,0x6c,0x6f,0x75,
    0x72,0x4f,0x66,0x42,0x6c,0x6f,0x6b,0x65,0x00,0x47,0x65,0x74,0x42,0x69,0x6e,0x56,0x46,0x72,0x61,0x6d,0x65,0x00,0x47,0x65,
    0x74,0x42,0x6c,0x69,0x6e,0x6b,0x00,0x47,0x65,0x74,0x42,0x6c,0x6f,0x6b,0x65,0x41,0x6e,0x69,0x6d,0x33,0x44,0x00,0x47,0x65,
    0x74,0x42,0x6c,0x6f,0x6b,0x65,0x41,0x6e,0x69,0x6d,0x33,0x44,0x46,0x72,0x6f,0x6d,0x50,0x65,0x72,0x73,0x6f,0x6e,0x00,0x47,
    0x65,0x74,0x42,0x6c,0x6f,0x6b,0x65,0x43,0x6f,0x75,0x6e,0x74,0x65,0x72,0x00,0x47,0x65,0x74,0x42,0x6c,0x6f,0x6b,0x65,0x4e,
    0x75,0x6d,0x00,0x47,0x65,0x74,0x42,0x6c,0x6f,0x6b,0x65,0x50,0x74,0x72,0x00,0x47,0x65,0x74,0x42,0x72,0x69,0x63,0x6b,0x43,
    0x6f,0x75,0x6e,0x74,0x00,0x47,0x65,0x74,0x42,0x75,0x69,0x6c,0x64,0x41,0x6e,0x69,0x6d,0x46,0x72,0x61,0x6d,0x65,0x00,0x47,
    0x65,0x74,0x42,0x75,0x69,0x6c,0x64,0x54,0x69,0x6d,0x65,0x00,0x47,0x65,0x74,0x43,0x68,0x65,0x73,0x74,0x54,0x65,0x78,0x74,
    0x75,0x72,0x65,0x4e,0x61,0x6d,0x65,0x4f,0x66,0x42,0x6c,0x6f,0x6b,0x65,0x00,0x47,0x65,0x74,0x43,0x6c,0x69,0x70,0x70,0x69,
    0x6e,0x67,0x00,0x47,0x65,0x74,0x43,0x75,0x72,0x72,0x65,0x6e,0x74,0x52,0x46,0x46,0x6c,0x61,0x67,0x73,0x00,0x47,0x65,0x74,
    0x46,0x61,0x63,0x65,0x54,0x65,0x78,0x74,0x75,0x72,0x65,0x4e,0x61,0x6d,0x65,0x4f,0x66,0x42,0x6c,0x6f,0x6b,0x65,0x00,0x47,
    0x65,0x74,0x46,0x69,0x72,0x73,0x74,0x4f,0x62,0x6a,0x65,0x63,0x74,0x4d,0x61,0x74,0x63,0x68,0x69,0x6e,0x67,0x00,0x47,0x65,
    0x74,0x46,0x69,0x72,0x73,0x74,0x52,0x65,0x6e,0x64,0x65,0x72,0x4f,0x62,0x6a,0x65,0x63,0x74,0x00,0x47,0x65,0x74,0x47,0x46,
    0x58,0x46,0x4e,0x61,0x6d,0x65,0x00,0x47,0x65,0x74,0x47,0x61,0x6d,0x65,0x54,0x69,0x6d,0x65,0x72,0x00,0x47,0x65,0x74,0x47,
    0x61,0x72,0x64,0x65,0x6e,0x65,0x72,0x57,0x6f,0x72,0x6b,0x4f,0x72,0x64,0x65,0x72,0x41,0x74,0x00,0x47,0x65,0x74,0x49,0x63,
    0x6f,0x6e,0x41,0x74,0x50,0x6f,0x73,0x00,0x47,0x65,0x74,0x49,0x6e,0x70,0x75,0x74,0x43,0x68,0x61,0x72,0x00,0x47,0x65,0x74,
    0x49,0x6e,0x73,0x74,0x61,0x6e,0x63,0x65,0x4f,0x66,0x43,0x6c,0x61,0x73,0x73,0x00,0x47,0x65,0x74,0x49,0x6e,0x74,0x65,0x72,
    0x66,0x61,0x63,0x65,0x00,0x47,0x65,0x74,0x4c,0x4c,0x53,0x46,0x6f,0x72,0x4c,0x61,0x79,0x65,0x72,0x00,0x47,0x65,0x74,0x4c,
    0x4c,0x53,0x46,0x6f,0x72,0x53,0x70,0x72,0x69,0x74,0x65,0x00,0x47,0x65,0x74,0x4c,0x61,0x79,0x65,0x72,0x00,0x47,0x65,0x74,
    0x4c,0x65,0x67,0x43,0x6f,0x6c,0x6f,0x75,0x72,0x4f,0x66,0x42,0x6c,0x6f,0x6b,0x65,0x00,0x47,0x65,0x74,0x4d,0x61,0x70,0x46,
    0x6c,0x61,0x67,0x73,0x00,0x47,0x65,0x74,0x4d,0x61,0x73,0x74,0x65,0x72,0x44,0x69,0x72,0x50,0x74,0x72,0x00,0x47,0x65,0x74,
    0x4d,0x61,0x73,0x74,0x65,0x72,0x56,0x6f,0x6c,0x50,0x74,0x72,0x00,0x47,0x65,0x74,0x4d,0x65,0x63,0x68,0x61,0x6e,0x69,0x63,
    0x57,0x6f,0x72,0x6b,0x4f,0x72,0x64,0x65,0x72,0x41,0x74,0x00,0x47,0x65,0x74,0x4d,0x75,0x73,0x69,0x63,0x42,0x61,0x6e,0x64,
    0x00,0x47,0x65,0x74,0x4e,0x65,0x61,0x72,0x65,0x73,0x74,0x43,0x6f,0x6c,0x6f,0x75,0x72,0x00,0x47,0x65,0x74,0x4e,0x65,0x78,
    0x74,0x4f,0x62,0x6a,0x65,0x63,0x74,0x4d,0x61,0x74,0x63,0x68,0x69,0x6e,0x67,0x00,0x47,0x65,0x74,0x4e,0x65,0x78,0x74,0x52,
    0x65,0x6e,0x64,0x65,0x72,0x4f,0x62,0x6a,0x65,0x63,0x74,0x00,0x47,0x65,0x74,0x4f,0x62,0x6a,0x43,0x6f,0x73,0x74,0x00,0x47,
    0x65,0x74,0x4f,0x62,0x6a,0x52,0x65,0x70,0x61,0x69,0x72,0x43,0x6f,0x73,0x74,0x00,0x47,0x65,0x74,0x4f,0x62,0x6a,0x53,0x61,
    0x6c,0x76,0x61,0x67,0x65,0x56,0x61,0x6c,0x75,0x65,0x00,0x47,0x65,0x74,0x4f,0x62,0x6a,0x65,0x63,0x74,0x43,0x6c,0x61,0x73,
    0x73,0x41,0x6e,0x64,0x49,0x6e,0x73,0x74,0x61,0x6e,0x63,0x65,0x00,0x47,0x65,0x74,0x4f,0x62,0x6a,0x65,0x63,0x74,0x46,0x72,
    0x6f,0x6d,0x4e,0x61,0x6d,0x65,0x00,0x47,0x65,0x74,0x4f,0x62,0x6a,0x65,0x63,0x74,0x55,0x49,0x44,0x00,0x47,0x65,0x74,0x4f,
    0x76,0x65,0x72,0x72,0x69,0x64,0x65,0x46,0x72,0x61,0x6d,0x65,0x00,0x47,0x65,0x74,0x4f,0x76,0x65,0x72,0x72,0x69,0x64,0x65,
    0x50,0x61,0x6c,0x65,0x74,0x74,0x65,0x00,0x47,0x65,0x74,0x52,0x65,0x63,0x74,0x41,0x72,0x65,0x61,0x00,0x47,0x65,0x74,0x52,
    0x65,0x6e,0x64,0x65,0x72,0x4f,0x66,0x66,0x73,0x65,0x74,0x46,0x6f,0x72,0x4c,0x61,0x79,0x65,0x72,0x00,0x47,0x65,0x74,0x53,
    0x61,0x76,0x65,0x50,0x61,0x6e,0x65,0x6c,0x42,0x4b,0x00,0x47,0x65,0x74,0x53,0x63,0x72,0x65,0x65,0x6e,0x43,0x6f,0x6f,0x72,
    0x64,0x73,0x46,0x6f,0x72,0x4f,0x62,0x6a,0x65,0x63,0x74,0x00,0x47,0x65,0x74,0x53,0x65,0x78,0x4f,0x66,0x42,0x6c,0x6f,0x6b,
    0x65,0x00,0x47,0x65,0x74,0x53,0x70,0x72,0x69,0x74,0x65,0x00,0x47,0x65,0x74,0x53,0x70,0x72,0x69,0x74,0x65,0x46,0x6f,0x72,
    0x4c,0x61,0x79,0x65,0x72,0x00,0x47,0x65,0x74,0x53,0x70,0x72,0x69,0x74,0x65,0x53,0x69,0x7a,0x65,0x00,0x47,0x65,0x74,0x53,
    0x74,0x72,0x69,0x6e,0x67,0x00,0x47,0x65,0x74,0x54,0x69,0x6c,0x65,0x42,0x6f,0x75,0x6e,0x64,0x73,0x00,0x47,0x65,0x74,0x54,
    0x69,0x6c,0x65,0x43,0x65,0x6e,0x74,0x72,0x65,0x00,0x47,0x65,0x74,0x54,0x69,0x6c,0x65,0x44,0x69,0x6d,0x65,0x6e,0x73,0x69,
    0x6f,0x6e,0x73,0x00,0x47,0x65,0x74,0x54,0x69,0x6c,0x65,0x49,0x6e,0x44,0x69,0x72,0x00,0x47,0x65,0x74,0x54,0x72,0x61,0x6e,
    0x73,0x70,0x61,0x72,0x65,0x6e,0x74,0x43,0x6f,0x6c,0x6f,0x75,0x72,0x00,0x47,0x65,0x74,0x55,0x6e,0x69,0x74,0x44,0x65,0x70,
    0x74,0x68,0x00,0x47,0x65,0x74,0x56,0x52,0x41,0x4d,0x41,0x64,0x64,0x72,0x65,0x73,0x73,0x00,0x47,0x65,0x74,0x56,0x65,0x72,
    0x74,0x65,0x78,0x00,0x47,0x65,0x74,0x56,0x69,0x64,0x65,0x6f,0x53,0x75,0x72,0x66,0x61,0x63,0x65,0x00,0x47,0x65,0x74,0x56,
    0x69,0x73,0x69,0x74,0x6f,0x72,0x4e,0x61,0x6d,0x65,0x00,0x47,0x65,0x74,0x5a,0x53,0x6b,0x65,0x77,0x00,0x47,0x65,0x74,0x5f,
    0x4d,0x61,0x70,0x46,0x6c,0x61,0x67,0x73,0x00,0x47,0x65,0x74,0x5f,0x50,0x61,0x74,0x68,0x5f,0x44,0x69,0x72,0x65,0x63,0x74,
    0x69,0x6f,0x6e,0x73,0x00,0x47,0x65,0x74,0x5f,0x52,0x46,0x46,0x6c,0x61,0x67,0x73,0x00,0x47,0x65,0x74,0x5f,0x55,0x73,0x65,
    0x72,0x46,0x6c,0x61,0x67,0x73,0x00,0x47,0x65,0x74,0x5f,0x58,0x53,0x63,0x72,0x6f,0x6c,0x6c,0x00,0x47,0x65,0x74,0x5f,0x59,
    0x53,0x63,0x72,0x6f,0x6c,0x6c,0x00,0x47,0x65,0x74,0x65,0x4c,0x69,0x73,0x74,0x50,0x74,0x72,0x00,0x47,0x6f,0x74,0x6f,0x5f,
    0x50,0x72,0x6f,0x66,0x69,0x6c,0x65,0x44,0x69,0x72,0x00,0x48,0x54,0x42,0x75,0x62,0x62,0x6c,0x65,0x48,0x65,0x6c,0x70,0x00,
    0x48,0x61,0x6e,0x64,0x6c,0x65,0x52,0x69,0x64,0x65,0x41,0x49,0x00,0x48,0x61,0x6e,0x64,0x6c,0x65,0x5f,0x52,0x6e,0x64,0x57,
    0x61,0x6c,0x6b,0x5f,0x54,0x69,0x6c,0x65,0x53,0x70,0x65,0x63,0x69,0x66,0x69,0x63,0x73,0x00,0x48,0x69,0x64,0x65,0x4c,0x61,
    0x79,0x65,0x72,0x00,0x48,0x69,0x74,0x4f,0x62,0x73,0x74,0x61,0x63,0x6c,0x65,0x00,0x48,0x69,0x74,0x50,0x61,0x74,0x68,0x45,
    0x64,0x67,0x65,0x00,0x49,0x50,0x5f,0x52,0x65,0x6e,0x64,0x65,0x72,0x42,0x6c,0x6f,0x6b,0x65,0x49,0x6e,0x33,0x44,0x4e,0x6f,
    0x77,0x00,0x49,0x6e,0x63,0x72,0x65,0x6d,0x65,0x6e,0x74,0x42,0x6c,0x6f,0x6b,0x65,0x43,0x6f,0x75,0x6e,0x74,0x65,0x72,0x00,
    0x49,0x6e,0x63,0x72,0x65,0x6d,0x65,0x6e,0x74,0x4f,0x62,0x6a,0x65,0x63,0x74,0x43,0x6f,0x75,0x6e,0x74,0x00,0x49,0x6e,0x66,
    0x6f,0x50,0x72,0x69,0x6e,0x74,0x43,0x65,0x6e,0x74,0x00,0x49,0x6e,0x69,0x74,0x42,0x6c,0x6f,0x6b,0x65,0x41,0x49,0x00,0x49,
    0x6e,0x69,0x74,0x45,0x78,0x69,0x74,0x43,0x68,0x65,0x63,0x6b,0x42,0x6f,0x78,0x00,0x49,0x6e,0x69,0x74,0x46,0x72,0x65,0x65,
    0x50,0x6c,0x61,0x79,0x4c,0x69,0x73,0x74,0x73,0x00,0x49,0x6e,0x69,0x74,0x46,0x72,0x65,0x65,0x50,0x6c,0x61,0x79,0x53,0x63,
    0x72,0x65,0x65,0x6e,0x00,0x49,0x6e,0x69,0x74,0x47,0x61,0x6d,0x65,0x49,0x6e,0x74,0x65,0x72,0x66,0x61,0x63,0x65,0x00,0x49,
    0x6e,0x69,0x74,0x47,0x61,0x6d,0x65,0x4d,0x61,0x70,0x00,0x49,0x6e,0x69,0x74,0x48,0x6f,0x73,0x74,0x53,0x79,0x73,0x74,0x65,
    0x6d,0x47,0x50,0x55,0x00,0x49,0x6e,0x69,0x74,0x49,0x6e,0x70,0x75,0x74,0x53,0x79,0x73,0x74,0x65,0x6d,0x00,0x49,0x6e,0x69,
    0x74,0x4c,0x69,0x73,0x74,0x50,0x72,0x6f,0x66,0x69,0x6c,0x65,0x73,0x00,0x49,0x6e,0x69,0x74,0x4d,0x49,0x44,0x49,0x4d,0x61,
    0x6e,0x61,0x67,0x65,0x72,0x00,0x49,0x6e,0x69,0x74,0x4d,0x61,0x6e,0x00,0x49,0x6e,0x69,0x74,0x4d,0x61,0x70,0x53,0x63,0x72,
    0x65,0x65,0x6e,0x00,0x49,0x6e,0x69,0x74,0x4e,0x65,0x77,0x50,0x72,0x6f,0x66,0x69,0x6c,0x65,0x50,0x6f,0x50,0x55,0x70,0x00,
    0x49,0x6e,0x69,0x74,0x4e,0x65,0x77,0x53,0x61,0x76,0x65,0x47,0x61,0x6d,0x65,0x50,0x4f,0x50,0x55,0x50,0x00,0x49,0x6e,0x69,
    0x74,0x4f,0x70,0x74,0x69,0x6f,0x6e,0x53,0x63,0x72,0x65,0x65,0x6e,0x00,0x49,0x6e,0x69,0x74,0x50,0x6f,0x70,0x55,0x70,0x49,
    0x6e,0x66,0x6f,0x00,0x49,0x6e,0x69,0x74,0x50,0x72,0x6f,0x66,0x69,0x6c,0x65,0x43,0x68,0x65,0x63,0x6b,0x42,0x6f,0x78,0x49,
    0x63,0x6f,0x6e,0x73,0x00,0x49,0x6e,0x69,0x74,0x50,0x72,0x6f,0x67,0x72,0x65,0x73,0x73,0x53,0x63,0x72,0x65,0x65,0x6e,0x00,
    0x49,0x6e,0x69,0x74,0x52,0x41,0x6e,0x64,0x44,0x43,0x68,0x65,0x63,0x6b,0x42,0x6f,0x78,0x00,0x49,0x6e,0x69,0x74,0x53,0x61,
    0x76,0x65,0x64,0x47,0x61,0x6d,0x65,0x53,0x63,0x72,0x65,0x65,0x6e,0x00,0x49,0x6e,0x69,0x74,0x53,0x63,0x72,0x65,0x65,0x6e,
    0x00,0x49,0x6e,0x69,0x74,0x53,0x63,0x72,0x65,0x65,0x6e,0x73,0x00,0x49,0x6e,0x69,0x74,0x53,0x6f,0x75,0x6e,0x64,0x53,0x79,
    0x73,0x74,0x65,0x6d,0x00,0x49,0x6e,0x69,0x74,0x54,0x69,0x74,0x6c,0x65,0x53,0x63,0x72,0x65,0x65,0x6e,0x00,0x49,0x6e,0x69,
    0x74,0x69,0x61,0x6c,0x69,0x73,0x65,0x42,0x6c,0x6f,0x6b,0x65,0x73,0x00,0x49,0x6e,0x73,0x65,0x72,0x74,0x43,0x68,0x69,0x6c,
    0x64,0x49,0x6e,0x74,0x6f,0x4c,0x69,0x73,0x74,0x00,0x49,0x6e,0x73,0x65,0x72,0x74,0x49,0x63,0x6f,0x6e,0x00,0x49,0x6e,0x73,
    0x74,0x61,0x6c,0x6c,0x44,0x69,0x72,0x65,0x63,0x74,0x44,0x72,0x61,0x77,0x00,0x49,0x73,0x46,0x61,0x76,0x6f,0x75,0x72,0x69,
    0x74,0x65,0x41,0x74,0x74,0x72,0x61,0x63,0x74,0x69,0x6f,0x6e,0x00,0x49,0x73,0x46,0x61,0x76,0x6f,0x75,0x72,0x69,0x74,0x65,
    0x46,0x6f,0x6f,0x64,0x00,0x49,0x73,0x53,0x65,0x6d,0x69,0x50,0x65,0x72,0x6d,0x69,0x61,0x62,0x6c,0x65,0x00,0x49,0x74,0x65,
    0x72,0x61,0x74,0x65,0x4e,0x6f,0x6e,0x65,0x57,0x6f,0x72,0x6b,0x65,0x72,0x73,0x52,0x65,0x70,0x61,0x69,0x72,0x4f,0x72,0x64,
    0x65,0x72,0x73,0x00,0x4a,0x6f,0x75,0x73,0x74,0x5f,0x47,0x65,0x74,0x49,0x6e,0x74,0x65,0x72,0x66,0x61,0x63,0x65,0x73,0x00,
    0x4b,0x4c,0x49,0x42,0x41,0x55,0x44,0x49,0x4f,0x5f,0x43,0x72,0x65,0x61,0x74,0x65,0x41,0x56,0x49,0x53,0x6f,0x75,0x6e,0x64,
    0x42,0x75,0x66,0x66,0x65,0x72,0x00,0x4b,0x4c,0x49,0x42,0x41,0x55,0x44,0x49,0x4f,0x5f,0x44,0x65,0x73,0x74,0x72,0x6f,0x79,
    0x41,0x56,0x49,0x53,0x6f,0x75,0x6e,0x64,0x42,0x75,0x66,0x66,0x65,0x72,0x00,0x4b,0x4c,0x49,0x42,0x41,0x55,0x44,0x49,0x4f,
    0x5f,0x4c,0x6f,0x63,0x6b,0x41,0x56,0x49,0x53,0x6f,0x75,0x6e,0x64,0x42,0x75,0x66,0x66,0x65,0x72,0x00,0x4b,0x4c,0x49,0x42,
    0x41,0x55,0x44,0x49,0x4f,0x5f,0x50,0x6c,0x61,0x79,0x41,0x56,0x49,0x53,0x6f,0x75,0x6e,0x64,0x42,0x75,0x66,0x66,0x65,0x72,
    0x00,0x4b,0x4c,0x49,0x42,0x41,0x55,0x44,0x49,0x4f,0x5f,0x53,0x65,0x74,0x41,0x56,0x49,0x56,0x6f,0x6c,0x75,0x6d,0x65,0x00,
    0x4b,0x4c,0x49,0x42,0x41,0x55,0x44,0x49,0x4f,0x5f,0x53,0x74,0x6f,0x70,0x41,0x56,0x49,0x53,0x6f,0x75,0x6e,0x64,0x42,0x75,
    0x66,0x66,0x65,0x72,0x00,0x4b,0x4c,0x49,0x42,0x41,0x55,0x44,0x49,0x4f,0x5f,0x55,0x6e,0x4c,0x6f,0x63,0x6b,0x41,0x56,0x49,
    0x53,0x6f,0x75,0x6e,0x64,0x42,0x75,0x66,0x66,0x65,0x72,0x00,0x4b,0x69,0x6c,0x6c,0x41,0x6c,0x6c,0x53,0x61,0x6d,0x70,0x6c,
    0x65,0x73,0x46,0x72,0x6f,0x6d,0x53,0x6f,0x75,0x72,0x63,0x65,0x00,0x4b,0x69,0x6c,0x6c,0x46,0x72,0x6f,0x6e,0x74,0x45,0x6e,
    0x64,0x43,0x68,0x65,0x63,0x6b,0x42,0x6f,0x78,0x53,0x70,0x72,0x69,0x74,0x65,0x00,0x4b,0x69,0x6c,0x6c,0x47,0x61,0x6d,0x65,
    0x4d,0x61,0x70,0x00,0x4b,0x69,0x6c,0x6c,0x48,0x65,0x6c,0x70,0x00,0x4b,0x69,0x6c,0x6c,0x48,0x6f,0x73,0x74,0x53,0x79,0x73,
    0x74,0x65,0x6d,0x47,0x50,0x55,0x00,0x4b,0x69,0x6c,0x6c,0x49,0x6d,0x61,0x67,0x65,0x00,0x4b,0x69,0x6c,0x6c,0x49,0x6e,0x70,
    0x75,0x74,0x53,0x79,0x73,0x74,0x65,0x6d,0x00,0x4b,0x69,0x6c,0x6c,0x4c,0x69,0x73,0x74,0x50,0x72,0x6f,0x66,0x69,0x6c,0x65,
    0x53,0x70,0x72,0x69,0x74,0x65,0x00,0x4b,0x69,0x6c,0x6c,0x4d,0x49,0x44,0x49,0x4d,0x61,0x6e,0x61,0x67,0x65,0x72,0x00,0x4b,
    0x69,0x6c,0x6c,0x4d,0x61,0x70,0x53,0x63,0x72,0x65,0x65,0x6e,0x00,0x4b,0x69,0x6c,0x6c,0x4d,0x6f,0x6e,0x65,0x79,0x53,0x46,
    0x58,0x00,0x4b,0x69,0x6c,0x6c,0x50,0x6c,0x61,0x79,0x61,0x62,0x6c,0x65,0x53,0x61,0x6d,0x70,0x6c,0x65,0x00,0x4b,0x69,0x6c,
    0x6c,0x53,0x61,0x76,0x65,0x53,0x63,0x72,0x65,0x65,0x6e,0x53,0x70,0x72,0x69,0x74,0x65,0x73,0x00,0x4b,0x69,0x6c,0x6c,0x53,
    0x6f,0x75,0x6e,0x64,0x53,0x61,0x6d,0x70,0x6c,0x65,0x53,0x79,0x73,0x74,0x65,0x6d,0x00,0x4b,0x69,0x6c,0x6c,0x53,0x6f,0x75,
    0x6e,0x64,0x53,0x79,0x73,0x74,0x65,0x6d,0x00,0x4b,0x69,0x6c,0x6c,0x53,0x70,0x72,0x69,0x74,0x65,0x00,0x4b,0x69,0x6c,0x6c,
    0x54,0x69,0x74,0x6c,0x65,0x53,0x63,0x72,0x65,0x65,0x6e,0x53,0x70,0x72,0x69,0x74,0x65,0x73,0x00,0x4b,0x69,0x6c,0x6c,0x5f,
    0x46,0x58,0x4c,0x69,0x73,0x74,0x00,0x4c,0x4c,0x49,0x44,0x42,0x5f,0x43,0x6c,0x65,0x61,0x72,0x4f,0x6e,0x4c,0x65,0x76,0x65,
    0x6c,0x00,0x4c,0x4c,0x49,0x44,0x42,0x5f,0x43,0x6c,0x6f,0x73,0x65,0x49,0x43,0x4d,0x00,0x4c,0x4c,0x49,0x44,0x42,0x5f,0x46,
    0x69,0x6e,0x64,0x45,0x6c,0x65,0x6d,0x65,0x6e,0x74,0x00,0x4c,0x4c,0x49,0x44,0x42,0x5f,0x46,0x69,0x6e,0x64,0x45,0x6c,0x65,
    0x6d,0x65,0x6e,0x74,0x46,0x72,0x6f,0x6d,0x44,0x61,0x74,0x61,0x50,0x74,0x72,0x00,0x4c,0x4c,0x49,0x44,0x42,0x5f,0x46,0x72,
    0x65,0x65,0x49,0x4c,0x46,0x54,0x61,0x62,0x6c,0x65,0x00,0x4c,0x4c,0x49,0x44,0x42,0x5f,0x47,0x65,0x74,0x43,0x6f,0x75,0x6e,
    0x74,0x00,0x4c,0x4c,0x49,0x44,0x42,0x5f,0x47,0x65,0x74,0x45,0x6c,0x65,0x6d,0x65,0x6e,0x74,0x00,0x4c,0x4c,0x49,0x44,0x42,
    0x5f,0x4c,0x6f,0x61,0x64,0x43,0x53,0x50,0x44,0x61,0x74,0x61,0x00,0x4c,0x4c,0x49,0x44,0x42,0x5f,0x4c,0x6f,0x61,0x64,0x44,
    0x61,0x74,0x61,0x00,0x4c,0x4c,0x49,0x44,0x42,0x5f,0x4c,0x6f,0x61,0x64,0x49,0x43,0x4d,0x00,0x4c,0x4c,0x49,0x44,0x42,0x5f,
    0x4c,0x6f,0x61,0x64,0x49,0x4c,0x46,0x44,0x61,0x74,0x61,0x00,0x4c,0x4c,0x49,0x44,0x42,0x5f,0x4c,0x6f,0x61,0x64,0x4f,0x44,
    0x46,0x44,0x61,0x74,0x61,0x00,0x4c,0x4c,0x49,0x44,0x42,0x5f,0x4c,0x6f,0x61,0x64,0x54,0x53,0x46,0x44,0x61,0x74,0x61,0x00,
    0x4c,0x4c,0x49,0x44,0x42,0x5f,0x4c,0x6f,0x61,0x64,0x54,0x53,0x4d,0x44,0x61,0x74,0x61,0x00,0x4c,0x4c,0x49,0x44,0x42,0x5f,
    0x52,0x65,0x67,0x69,0x73,0x74,0x65,0x72,0x4e,0x65,0x77,0x45,0x6c,0x65,0x6d,0x65,0x6e,0x74,0x00,0x4c,0x4c,0x49,0x44,0x42,
    0x5f,0x52,0x65,0x67,0x69,0x73,0x74,0x65,0x72,0x4e,0x65,0x77,0x45,0x6c,0x65,0x6d,0x65,0x6e,0x74,0x42,0x00,0x4c,0x4c,0x49,
    0x44,0x42,0x5f,0x53,0x61,0x76,0x65,0x49,0x43,0x4d,0x00,0x4c,0x4c,0x49,0x44,0x42,0x5f,0x53,0x65,0x6c,0x65,0x63,0x74,0x45,
    0x6c,0x65,0x6d,0x65,0x6e,0x74,0x00,0x4c,0x4c,0x49,0x44,0x42,0x5f,0x55,0x6e,0x4c,0x6f,0x61,0x64,0x44,0x61,0x74,0x61,0x00,
    0x4c,0x4c,0x53,0x35,0x35,0x35,0x54,0x6f,0x35,0x36,0x35,0x00,0x4c,0x4c,0x53,0x41,0x75,0x74,0x6f,0x00,0x4c,0x4c,0x53,0x4e,
    0x65,0x78,0x74,0x46,0x72,0x61,0x6d,0x65,0x00,0x4c,0x4c,0x53,0x50,0x6c,0x61,0x79,0x00,0x4c,0x4c,0x53,0x50,0x6c,0x61,0x79,
    0x4f,0x6e,0x63,0x65,0x00,0x4c,0x4c,0x53,0x53,0x65,0x74,0x44,0x65,0x6c,0x61,0x79,0x00,0x4c,0x4c,0x53,0x53,0x65,0x74,0x46,
    0x72,0x61,0x6d,0x65,0x00,0x4c,0x4c,0x53,0x53,0x74,0x6f,0x70,0x00,0x4c,0x61,0x73,0x74,0x46,0x72,0x61,0x6d,0x65,0x4d,0x53,
    0x00,0x5f,0x4c,0x65,0x67,0x6f,0x4c,0x61,0x6e,0x64,0x57,0x69,0x6e,0x64,0x6f,0x77,0x50,0x72,0x6f,0x63,0x40,0x31,0x36,0x00,
    0x4c,0x69,0x67,0x68,0x74,0x55,0x70,0x74,0x68,0x69,0x73,0x44,0x65,0x6c,0x65,0x74,0x65,0x49,0x63,0x6f,0x6e,0x00,0x4c,0x69,
    0x73,0x74,0x43,0x68,0x69,0x6c,0x64,0x72,0x65,0x6e,0x42,0x61,0x72,0x00,0x4c,0x6f,0x61,0x64,0x42,0x61,0x73,0x65,0x4d,0x61,
    0x70,0x00,0x4c,0x6f,0x61,0x64,0x42,0x69,0x6e,0x56,0x00,0x4c,0x6f,0x61,0x64,0x42,0x75,0x62,0x62,0x6c,0x65,0x48,0x65,0x6c,
    0x70,0x47,0x46,0x58,0x00,0x4c,0x6f,0x61,0x64,0x43,0x6f,0x6c,0x6f,0x75,0x72,0x54,0x61,0x62,0x6c,0x65,0x00,0x4c,0x6f,0x61,
    0x64,0x44,0x61,0x74,0x65,0x49,0x6e,0x74,0x6f,0x54,0x65,0x6d,0x70,0x50,0x72,0x6f,0x66,0x69,0x6c,0x65,0x00,0x4c,0x6f,0x61,
    0x64,0x47,0x61,0x6d,0x65,0x00,0x4c,0x6f,0x61,0x64,0x47,0x6f,0x6c,0x64,0x57,0x61,0x73,0x68,0x00,0x4c,0x6f,0x61,0x64,0x4a,
    0x61,0x69,0x6c,0x43,0x65,0x6c,0x6c,0x73,0x00,0x4c,0x6f,0x61,0x64,0x4a,0x6f,0x75,0x73,0x74,0x00,0x4c,0x6f,0x61,0x64,0x4d,
    0x49,0x44,0x49,0x46,0x69,0x6c,0x65,0x00,0x4c,0x6f,0x61,0x64,0x4d,0x61,0x70,0x54,0x69,0x6c,0x65,0x73,0x00,0x4c,0x6f,0x61,
    0x64,0x4d,0x6f,0x6e,0x65,0x79,0x53,0x46,0x58,0x00,0x4c,0x6f,0x61,0x64,0x4d,0x75,0x73,0x69,0x63,0x42,0x61,0x6e,0x64,0x00,
    0x4c,0x6f,0x61,0x64,0x4d,0x75,0x73,0x69,0x63,0x43,0x68,0x6f,0x72,0x64,0x4d,0x61,0x70,0x00,0x4c,0x6f,0x61,0x64,0x4d,0x75,
    0x73,0x69,0x63,0x53,0x65,0x67,0x6d,0x65,0x6e,0x74,0x00,0x4c,0x6f,0x61,0x64,0x4d,0x75,0x73,0x69,0x63,0x53,0x74,0x79,0x6c,
    0x65,0x00,0x4c,0x6f,0x61,0x64,0x4f,0x62,0x6a,0x65,0x63,0x74,0x43,0x6c,0x61,0x73,0x73,0x00,0x4c,0x6f,0x61,0x64,0x4f,0x62,
    0x6a,0x65,0x63,0x74,0x4c,0x69,0x62,0x72,0x61,0x72,0x79,0x00,0x4c,0x6f,0x61,0x64,0x50,0x61,0x6c,0x65,0x74,0x74,0x65,0x00,
    0x4c,0x6f,0x61,0x64,0x50,0x6f,0x73,0x00,0x4c,0x6f,0x61,0x64,0x50,0x72,0x6f,0x66,0x69,0x6c,0x65,0x73,0x46,0x6f,0x72,0x6d,
    0x44,0x69,0x73,0x6b,0x00,0x4c,0x6f,0x61,0x64,0x52,0x69,0x6e,0x00,0x4c,0x6f,0x61,0x64,0x53,0x42,0x61,0x72,0x72,0x65,0x6c,
    0x00,0x4c,0x6f,0x61,0x64,0x53,0x61,0x66,0x61,0x72,0x69,0x52,0x69,0x64,0x65,0x00,0x4c,0x6f,0x61,0x64,0x53,0x61,0x76,0x65,
    0x64,0x47,0x61,0x6d,0x65,0x73,0x4c,0x69,0x73,0x74,0x00,0x4c,0x6f,0x61,0x64,0x53,0x6f,0x75,0x72,0x63,0x65,0x49,0x6d,0x61,
    0x67,0x65,0x00,0x4c,0x6f,0x61,0x64,0x53,0x70,0x69,0x64,0x65,0x72,0x00,0x4c,0x6f,0x61,0x64,0x53,0x70,0x72,0x69,0x74,0x65,
    0x00,0x4c,0x6f,0x61,0x64,0x53,0x70,0x72,0x69,0x74,0x65,0x49,0x63,0x6f,0x6e,0x00,0x4c,0x6f,0x61,0x64,0x54,0x65,0x6d,0x70,
    0x6c,0x65,0x53,0x6c,0x69,0x64,0x65,0x00,0x4c,0x6f,0x61,0x64,0x57,0x6f,0x72,0x6b,0x65,0x72,0x49,0x6e,0x74,0x65,0x72,0x66,
    0x61,0x63,0x65,0x47,0x46,0x58,0x00,0x4c,0x6f,0x61,0x64,0x5a,0x6f,0x6f,0x6d,0x65,0x72,0x00,0x4c,0x6f,0x61,0x64,0x5f,0x45,
    0x6c,0x65,0x70,0x68,0x61,0x6e,0x74,0x46,0x00,0x4c,0x6f,0x61,0x64,0x5f,0x46,0x58,0x4c,0x69,0x73,0x74,0x00,0x4c,0x6f,0x61,
    0x64,0x5f,0x49,0x6e,0x74,0x65,0x72,0x66,0x61,0x63,0x65,0x5f,0x43,0x6f,0x6e,0x74,0x72,0x6f,0x6c,0x49,0x63,0x6f,0x6e,0x73,
    0x00,0x4c,0x6f,0x61,0x64,0x5f,0x49,0x6e,0x74,0x65,0x72,0x66,0x61,0x63,0x65,0x5f,0x54,0x68,0x65,0x6d,0x65,0x49,0x63,0x6f,
    0x6e,0x73,0x00,0x4c,0x6f,0x61,0x64,0x5f,0x57,0x61,0x74,0x65,0x72,0x42,0x6c,0x6f,0x63,0x6b,0x00,0x4d,0x61,0x6b,0x65,0x42,
    0x6c,0x6f,0x6b,0x65,0x00,0x4d,0x61,0x6b,0x65,0x53,0x70,0x72,0x69,0x74,0x65,0x00,0x4d,0x61,0x6b,0x65,0x55,0x70,0x4f,0x62,
    0x6a,0x65,0x63,0x74,0x4c,0x69,0x73,0x74,0x00,0x4d,0x61,0x70,0x53,0x63,0x72,0x65,0x65,0x6e,0x53,0x65,0x74,0x53,0x63,0x72,
    0x6f,0x6c,0x6c,0x50,0x6f,0x73,0x00,0x4d,0x61,0x70,0x53,0x74,0x61,0x74,0x73,0x00,0x4d,0x61,0x70,0x54,0x6f,0x50,0x6c,0x61,
    0x79,0x66,0x69,0x65,0x6c,0x64,0x00,0x4d,0x61,0x72,0x6b,0x41,0x6c,0x6c,0x53,0x70,0x72,0x69,0x74,0x65,0x73,0x46,0x6f,0x72,
    0x52,0x65,0x73,0x69,0x7a,0x69,0x6e,0x67,0x00,0x4d,0x61,0x72,0x6b,0x53,0x70,0x72,0x69,0x74,0x65,0x52,0x65,0x73,0x69,0x7a,
    0x65,0x64,0x00,0x4d,0x61,0x74,0x72,0x69,0x78,0x4d,0x75,0x6c,0x74,0x69,0x70,0x6c,0x79,0x00,0x4d,0x65,0x63,0x68,0x61,0x6e,
    0x69,0x63,0x4c,0x69,0x73,0x74,0x00,0x4d,0x65,0x63,0x68,0x61,0x6e,0x69,0x63,0x5f,0x42,0x75,0x69,0x6c,0x64,0x00,0x4d,0x65,
    0x63,0x68,0x61,0x6e,0x69,0x63,0x5f,0x49,0x64,0x6c,0x65,0x00,0x4d,0x65,0x63,0x68,0x61,0x6e,0x69,0x63,0x73,0x5f,0x52,0x65,
    0x70,0x61,0x69,0x72,0x00,0x4d,0x6f,0x75,0x73,0x65,0x53,0x63,0x72,0x6f,0x6c,0x6c,0x4d,0x61,0x70,0x00,0x4d,0x6f,0x76,0x65,
    0x49,0x63,0x6f,0x6e,0x73,0x00,0x4d,0x75,0x74,0x65,0x5f,0x53,0x46,0x58,0x00,0x4e,0x45,0x57,0x46,0x4c,0x43,0x5f,0x41,0x75,
    0x74,0x6f,0x50,0x6c,0x61,0x79,0x00,0x4e,0x45,0x57,0x46,0x4c,0x43,0x5f,0x42,0x75,0x66,0x66,0x53,0x69,0x7a,0x65,0x00,0x4e,
    0x45,0x57,0x46,0x4c,0x43,0x5f,0x43,0x68,0x65,0x63,0x6b,0x44,0x75,0x70,0x6c,0x69,0x63,0x61,0x74,0x65,0x00,0x4e,0x45,0x57,
    0x46,0x4c,0x43,0x5f,0x49,0x44,0x00,0x4e,0x45,0x57,0x46,0x4c,0x43,0x5f,0x50,0x61,0x75,0x73,0x65,0x54,0x79,0x70,0x65,0x00,
    0x4e,0x45,0x57,0x46,0x4c,0x43,0x5f,0x52,0x65,0x70,0x65,0x61,0x74,0x00,0x4e,0x61,0x76,0x69,0x67,0x4d,0x6f,0x76,0x65,0x4c,
    0x69,0x6e,0x65,0x00,0x4e,0x65,0x77,0x42,0x4e,0x56,0x50,0x61,0x74,0x68,0x00,0x4e,0x65,0x77,0x42,0x6c,0x6f,0x6b,0x65,0x00,
    0x4e,0x65,0x77,0x42,0x6c,0x6f,0x6b,0x65,0x57,0x4f,0x4c,0x69,0x73,0x74,0x00,0x4e,0x65,0x77,0x44,0x69,0x72,0x46,0x6f,0x72,
    0x41,0x63,0x74,0x69,0x6f,0x6e,0x00,0x4e,0x65,0x77,0x4c,0x6f,0x6e,0x67,0x54,0x65,0x72,0x6d,0x41,0x63,0x74,0x69,0x6f,0x6e,
    0x00,0x4e,0x65,0x77,0x4f,0x62,0x6a,0x65,0x63,0x74,0x50,0x74,0x72,0x00,0x4e,0x65,0x77,0x50,0x72,0x69,0x6e,0x74,0x43,0x65,
    0x6e,0x74,0x00,0x4e,0x6f,0x72,0x6d,0x61,0x6c,0x69,0x73,0x65,0x56,0x65,0x63,0x74,0x6f,0x72,0x00,0x4f,0x62,0x6a,0x43,0x6f,
    0x75,0x6e,0x74,0x00,0x4f,0x62,0x6a,0x65,0x63,0x74,0x43,0x6c,0x61,0x73,0x73,0x4c,0x69,0x73,0x74,0x00,0x4f,0x62,0x6a,0x65,
    0x63,0x74,0x49,0x73,0x42,0x75,0x69,0x6c,0x64,0x69,0x6e,0x67,0x00,0x4f,0x62,0x6a,0x65,0x63,0x74,0x49,0x73,0x42,0x75,0x69,
    0x6c,0x74,0x00,0x4f,0x62,0x6a,0x65,0x63,0x74,0x4c,0x69,0x6e,0x6b,0x65,0x64,0x4c,0x69,0x73,0x74,0x00,0x4f,0x62,0x6a,0x65,
    0x63,0x74,0x50,0x61,0x72,0x74,0x41,0x72,0x72,0x61,0x79,0x00,0x4f,0x62,0x6a,0x65,0x63,0x74,0x50,0x61,0x72,0x74,0x43,0x6f,
    0x75,0x6e,0x74,0x00,0x4f,0x76,0x65,0x72,0x4e,0x65,0x77,0x54,0x69,0x6c,0x65,0x00,0x4f,0x76,0x65,0x72,0x6c,0x61,0x79,0x49,
    0x4c,0x46,0x00,0x4f,0x76,0x65,0x72,0x6c,0x61,0x79,0x4c,0x69,0x73,0x74,0x00,0x50,0x54,0x50,0x53,0x75,0x67,0x67,0x65,0x73,
    0x74,0x4e,0x65,0x78,0x74,0x4d,0x6f,0x76,0x65,0x00,0x50,0x61,0x74,0x68,0x43,0x75,0x72,0x73,0x6f,0x72,0x00,0x50,0x61,0x74,
    0x68,0x53,0x70,0x72,0x69,0x74,0x65,0x00,0x50,0x61,0x75,0x73,0x65,0x53,0x69,0x6e,0x67,0x6c,0x65,0x53,0x61,0x6d,0x70,0x6c,
    0x65,0x00,0x50,0x6c,0x61,0x79,0x41,0x70,0x70,0x72,0x6f,0x70,0x72,0x69,0x61,0x74,0x65,0x42,0x75,0x69,0x6c,0x64,0x45,0x66,
    0x66,0x65,0x63,0x74,0x00,0x50,0x6c,0x61,0x79,0x42,0x6c,0x6f,0x6b,0x65,0x41,0x6e,0x69,0x6d,0x00,0x50,0x6c,0x61,0x79,0x49,
    0x6e,0x73,0x74,0x61,0x6e,0x63,0x65,0x4f,0x66,0x53,0x61,0x6d,0x70,0x6c,0x65,0x00,0x50,0x6c,0x61,0x79,0x4d,0x49,0x44,0x49,
    0x00,0x50,0x6c,0x61,0x79,0x4d,0x6f,0x6e,0x65,0x79,0x53,0x46,0x58,0x00,0x50,0x6c,0x61,0x79,0x4d,0x6f,0x74,0x69,0x66,0x00,
    0x50,0x6c,0x61,0x79,0x53,0x61,0x6d,0x70,0x6c,0x65,0x00,0x50,0x6c,0x61,0x79,0x53,0x65,0x67,0x6d,0x65,0x6e,0x74,0x00,0x50,
    0x6c,0x61,0x79,0x53,0x65,0x67,0x6d,0x65,0x6e,0x74,0x46,0x72,0x6f,0x6d,0x54,0x65,0x6d,0x70,0x6c,0x61,0x74,0x65,0x00,0x50,
    0x6c,0x61,0x79,0x66,0x69,0x65,0x6c,0x64,0x54,0x6f,0x4d,0x61,0x70,0x00,0x50,0x6f,0x69,0x6e,0x74,0x54,0x6f,0x49,0x73,0x6f,
    0x50,0x6c,0x61,0x6e,0x65,0x00,0x50,0x6f,0x70,0x49,0x6e,0x66,0x6f,0x53,0x69,0x7a,0x65,0x4d,0x61,0x79,0x43,0x68,0x61,0x6e,
    0x67,0x65,0x00,0x50,0x6f,0x70,0x4c,0x6f,0x6e,0x67,0x54,0x65,0x72,0x6d,0x41,0x63,0x74,0x69,0x6f,0x6e,0x00,0x50,0x6f,0x70,
    0x52,0x65,0x6e,0x64,0x65,0x72,0x69,0x6e,0x67,0x53,0x74,0x61,0x74,0x75,0x73,0x00,0x50,0x6f,0x70,0x54,0x61,0x72,0x67,0x65,
    0x74,0x00,0x50,0x6f,0x70,0x55,0x70,0x49,0x6e,0x66,0x6f,0x53,0x65,0x74,0x55,0x70,0x00,0x50,0x72,0x69,0x6e,0x74,0x00,0x50,
    0x72,0x69,0x6e,0x74,0x42,0x61,0x63,0x6b,0x67,0x72,0x6f,0x75,0x6e,0x64,0x00,0x50,0x72,0x69,0x6e,0x74,0x43,0x65,0x6e,0x74,
    0x00,0x50,0x72,0x69,0x6e,0x74,0x43,0x65,0x6e,0x74,0x43,0x6f,0x6c,0x72,0x65,0x66,0x00,0x50,0x72,0x69,0x6e,0x74,0x43,0x65,
    0x6e,0x74,0x4f,0x70,0x61,0x71,0x75,0x65,0x00,0x50,0x72,0x69,0x6e,0x74,0x45,0x78,0x69,0x74,0x43,0x68,0x65,0x63,0x6b,0x42,
    0x6f,0x78,0x00,0x50,0x72,0x69,0x6e,0x74,0x4c,0x69,0x6d,0x69,0x74,0x65,0x64,0x54,0x65,0x78,0x74,0x00,0x50,0x72,0x69,0x6e,
    0x74,0x50,0x72,0x6f,0x66,0x69,0x6c,0x65,0x44,0x65,0x74,0x61,0x69,0x6c,0x73,0x00,0x50,0x72,0x69,0x6e,0x74,0x53,0x61,0x76,
    0x65,0x64,0x47,0x61,0x6d,0x65,0x44,0x65,0x74,0x61,0x69,0x6c,0x73,0x00,0x50,0x72,0x69,0x6e,0x74,0x53,0x63,0x61,0x6c,0x65,
    0x64,0x53,0x70,0x72,0x69,0x74,0x65,0x00,0x50,0x72,0x69,0x6e,0x74,0x53,0x70,0x72,0x69,0x74,0x65,0x00,0x50,0x72,0x69,0x6e,
    0x74,0x53,0x70,0x72,0x69,0x74,0x65,0x45,0x78,0x00,0x50,0x72,0x69,0x6e,0x74,0x54,0x69,0x6c,0x65,0x64,0x53,0x70,0x72,0x69,
    0x74,0x65,0x00,0x50,0x72,0x6f,0x63,0x65,0x73,0x73,0x42,0x75,0x69,0x6c,0x64,0x69,0x6e,0x67,0x54,0x69,0x6d,0x65,0x73,0x00,
    0x50,0x72,0x6f,0x63,0x65,0x73,0x73,0x44,0x61,0x6d,0x61,0x67,0x65,0x00,0x50,0x72,0x6f,0x63,0x65,0x73,0x73,0x46,0x72,0x6f,
    0x6e,0x74,0x45,0x6e,0x64,0x48,0x65,0x6c,0x70,0x00,0x50,0x72,0x6f,0x63,0x65,0x73,0x73,0x49,0x6e,0x47,0x61,0x6d,0x65,0x48,
    0x65,0x6c,0x70,0x00,0x50,0x72,0x6f,0x63,0x65,0x73,0x73,0x53,0x63,0x72,0x6f,0x6c,0x6c,0x69,0x6e,0x67,0x00,0x50,0x72,0x6f,
    0x63,0x65,0x73,0x73,0x53,0x79,0x73,0x74,0x65,0x6d,0x45,0x76,0x65,0x6e,0x74,0x73,0x00,0x50,0x75,0x73,0x68,0x4c,0x6f,0x6e,
    0x67,0x54,0x65,0x72,0x6d,0x41,0x63,0x74,0x69,0x6f,0x6e,0x00,0x50,0x75,0x73,0x68,0x52,0x65,0x6e,0x64,0x65,0x72,0x69,0x6e,
    0x67,0x53,0x74,0x61,0x74,0x75,0x73,0x41,0x6e,0x64,0x4c,0x6f,0x63,0x6b,0x56,0x69,0x64,0x65,0x6f,0x53,0x75,0x72,0x66,0x61,
    0x63,0x65,0x00,0x50,0x75,0x73,0x68,0x52,0x65,0x6e,0x64,0x65,0x72,0x69,0x6e,0x67,0x53,0x74,0x61,0x74,0x75,0x73,0x41,0x6e,
    0x64,0x55,0x6e,0x6c,0x6f,0x63,0x6b,0x56,0x69,0x64,0x65,0x6f,0x53,0x75,0x72,0x66,0x61,0x63,0x65,0x00,0x50,0x75,0x73,0x68,
    0x53,0x65,0x74,0x54,0x61,0x72,0x67,0x65,0x74,0x00,0x50,0x75,0x74,0x33,0x44,0x42,0x6c,0x6f,0x6b,0x65,0x73,0x4f,0x6e,0x52,
    0x69,0x64,0x65,0x00,0x50,0x75,0x74,0x33,0x44,0x42,0x6c,0x6f,0x6b,0x65,0x73,0x4f,0x6e,0x52,0x69,0x64,0x65,0x32,0x00,0x50,
    0x75,0x74,0x42,0x6c,0x6f,0x6b,0x65,0x49,0x6e,0x4c,0x69,0x73,0x74,0x00,0x50,0x75,0x74,0x4f,0x62,0x6a,0x4f,0x6e,0x4d,0x61,
    0x70,0x00,0x50,0x75,0x74,0x57,0x6f,0x72,0x6b,0x65,0x72,0x4f,0x6e,0x52,0x69,0x64,0x65,0x00,0x51,0x75,0x65,0x72,0x79,0x43,
    0x6c,0x61,0x73,0x73,0x00,0x51,0x75,0x65,0x72,0x79,0x43,0x75,0x72,0x73,0x6f,0x72,0x00,0x51,0x75,0x65,0x72,0x79,0x4f,0x62,
    0x6a,0x00,0x52,0x41,0x6e,0x64,0x44,0x4c,0x69,0x6e,0x6b,0x65,0x64,0x4c,0x69,0x73,0x74,0x00,0x52,0x45,0x53,0x5f,0x43,0x6c,
    0x6f,0x73,0x65,0x46,0x69,0x6c,0x65,0x00,0x52,0x45,0x53,0x5f,0x43,0x6c,0x6f,0x73,0x65,0x56,0x6f,0x6c,0x75,0x6d,0x65,0x00,
    0x52,0x45,0x53,0x5f,0x46,0x69,0x6c,0x65,0x45,0x78,0x69,0x73,0x74,0x73,0x00,0x52,0x45,0x53,0x5f,0x47,0x65,0x74,0x46,0x69,
    0x6c,0x65,0x50,0x6f,0x69,0x6e,0x74,0x65,0x72,0x00,0x52,0x45,0x53,0x5f,0x47,0x65,0x74,0x46,0x69,0x6c,0x65,0x53,0x69,0x7a,
    0x65,0x00,0x52,0x45,0x53,0x5f,0x47,0x65,0x74,0x52,0x65,0x73,0x6f,0x75,0x72,0x63,0x65,0x50,0x61,0x74,0x68,0x00,0x52,0x45,
    0x53,0x5f,0x4f,0x70,0x65,0x6e,0x46,0x69,0x6c,0x65,0x00,0x52,0x45,0x53,0x5f,0x4f,0x70,0x65,0x6e,0x46,0x69,0x6c,0x65,0x46,
    0x72,0x6f,0x6d,0x56,0x6f,0x6c,0x75,0x6d,0x65,0x00,0x52,0x45,0x53,0x5f,0x4f,0x70,0x65,0x6e,0x46,0x69,0x6c,0x65,0x46,0x72,
    0x6f,0x6d,0x56,0x6f,0x6c,0x75,0x6d,0x65,0x50,0x74,0x72,0x00,0x52,0x45,0x53,0x5f,0x4f,0x70,0x65,0x6e,0x56,0x6f,0x6c,0x75,
    0x6d,0x65,0x00,0x52,0x45,0x53,0x5f,0x52,0x65,0x61,0x64,0x46,0x69,0x6c,0x65,0x00,0x52,0x45,0x53,0x5f,0x53,0x65,0x74,0x46,
    0x69,0x6c,0x65,0x50,0x6f,0x69,0x6e,0x74,0x65,0x72,0x00,0x52,0x61,0x6e,0x64,0x5f,0x4d,0x61,0x78,0x00,0x52,0x61,0x6e,0x64,
    0x5f,0x54,0x77,0x65,0x65,0x6e,0x00,0x52,0x61,0x6e,0x64,0x6f,0x6d,0x5f,0x44,0x69,0x72,0x5f,0x46,0x72,0x6f,0x6d,0x5f,0x42,
    0x69,0x74,0x73,0x00,0x52,0x61,0x74,0x65,0x42,0x6c,0x6f,0x6b,0x65,0x4f,0x6e,0x4c,0x65,0x61,0x76,0x69,0x6e,0x67,0x00,0x52,
    0x65,0x61,0x64,0x47,0x61,0x6d,0x65,0x42,0x75,0x74,0x74,0x6f,0x6e,0x73,0x00,0x52,0x65,0x63,0x72,0x65,0x61,0x74,0x65,0x50,
    0x61,0x72,0x74,0x69,0x61,0x6c,0x53,0x70,0x72,0x69,0x74,0x65,0x00,0x52,0x65,0x63,0x72,0x65,0x61,0x74,0x65,0x53,0x70,0x72,
    0x69,0x74,0x65,0x00,0x52,0x65,0x64,0x72,0x61,0x77,0x4f,0x62,0x6a,0x65,0x63,0x74,0x4c,0x69,0x73,0x74,0x00,0x52,0x65,0x66,
    0x65,0x72,0x65,0x6e,0x63,0x65,0x49,0x6d,0x61,0x67,0x65,0x00,0x52,0x65,0x66,0x65,0x72,0x65,0x6e,0x63,0x65,0x53,0x70,0x72,
    0x69,0x74,0x65,0x00,0x52,0x65,0x66,0x75,0x6e,0x64,0x47,0x61,0x72,0x64,0x65,0x6e,0x65,0x72,0x00,0x52,0x65,0x66,0x75,0x6e,
    0x64,0x4d,0x65,0x63,0x68,0x61,0x6e,0x69,0x63,0x00,0x52,0x65,0x6c,0x65,0x61,0x73,0x65,0x53,0x70,0x72,0x69,0x74,0x65,0x00,
    0x52,0x65,0x6c,0x6f,0x61,0x64,0x41,0x6c,0x6c,0x44,0x65,0x74,0x61,0x69,0x6c,0x44,0x65,0x70,0x65,0x6e,0x64,0x65,0x6e,0x74,
    0x49,0x6d,0x61,0x67,0x65,0x73,0x00,0x52,0x65,0x6c,0x6f,0x61,0x64,0x41,0x6c,0x6c,0x44,0x65,0x74,0x61,0x69,0x6c,0x44,0x65,
    0x70,0x65,0x6e,0x64,0x65,0x6e,0x74,0x49,0x6d,0x61,0x67,0x65,0x73,0x41,0x6e,0x64,0x42,0x75,0x69,0x6c,0x64,0x53,0x70,0x72,
    0x69,0x74,0x65,0x73,0x00,0x52,0x65,0x6c,0x6f,0x61,0x64,0x49,0x6d,0x61,0x67,0x65,0x42,0x69,0x74,0x6d,0x61,0x70,0x00,0x52,
    0x65,0x6c,0x6f,0x61,0x64,0x49,0x6d,0x61,0x67,0x65,0x42,0x69,0x74,0x6d,0x61,0x70,0x41,0x6e,0x64,0x42,0x75,0x69,0x6c,0x64,
    0x53,0x70,0x72,0x69,0x74,0x65,0x73,0x00,0x52,0x65,0x6d,0x4f,0x62,0x6a,0x46,0x72,0x6f,0x6d,0x4d,0x61,0x70,0x00,0x52,0x65,
    0x6d,0x61,0x6b,0x65,0x41,0x6c,0x6c,0x44,0x65,0x74,0x61,0x69,0x6c,0x44,0x65,0x70,0x65,0x6e,0x64,0x65,0x6e,0x74,0x53,0x70,
    0x72,0x69,0x74,0x65,0x73,0x00,0x52,0x65,0x6d,0x6f,0x76,0x65,0x41,0x47,0x61,0x72,0x64,0x65,0x6e,0x65,0x72,0x00,0x52,0x65,
    0x6d,0x6f,0x76,0x65,0x41,0x4d,0x65,0x63,0x68,0x61,0x6e,0x69,0x63,0x00,0x52,0x65,0x6d,0x6f,0x76,0x65,0x41,0x6c,0x6c,0x42,
    0x6c,0x6f,0x6b,0x65,0x73,0x46,0x72,0x6f,0x6d,0x52,0x69,0x64,0x65,0x00,0x52,0x65,0x6d,0x6f,0x76,0x65,0x42,0x61,0x73,0x69,
    0x63,0x50,0x61,0x74,0x68,0x00,0x52,0x65,0x6d,0x6f,0x76,0x65,0x42,0x6c,0x6f,0x6b,0x65,0x46,0x72,0x6f,0x6d,0x4c,0x69,0x73,
    0x74,0x00,0x52,0x65,0x6d,0x6f,0x76,0x65,0x42,0x6c,0x6f,0x6b,0x65,0x46,0x72,0x6f,0x6d,0x52,0x69,0x64,0x65,0x00,0x52,0x65,
    0x6d,0x6f,0x76,0x65,0x47,0x61,0x72,0x64,0x65,0x6e,0x65,0x72,0x73,0x57,0x6f,0x72,0x6b,0x4f,0x72,0x64,0x65,0x72,0x41,0x74,
    0x00,0x52,0x65,0x6d,0x6f,0x76,0x65,0x49,0x63,0x6f,0x6e,0x47,0x72,0x6f,0x75,0x70,0x00,0x52,0x65,0x6d,0x6f,0x76,0x65,0x49,
    0x6e,0x64,0x69,0x63,0x61,0x74,0x6f,0x72,0x00,0x52,0x65,0x6d,0x6f,0x76,0x65,0x49,0x6e,0x73,0x74,0x61,0x6e,0x63,0x65,0x46,
    0x72,0x6f,0x6d,0x4c,0x69,0x73,0x74,0x00,0x52,0x65,0x6d,0x6f,0x76,0x65,0x4d,0x65,0x63,0x68,0x61,0x6e,0x69,0x63,0x73,0x57,
    0x6f,0x72,0x6b,0x4f,0x72,0x64,0x65,0x72,0x41,0x74,0x00,0x52,0x65,0x6d,0x6f,0x76,0x65,0x4e,0x6f,0x6e,0x65,0x57,0x6f,0x72,
    0x6b,0x65,0x72,0x73,0x52,0x65,0x70,0x61,0x69,0x72,0x4f,0x72,0x64,0x65,0x72,0x41,0x54,0x00,0x52,0x65,0x6d,0x6f,0x76,0x65,
    0x4f,0x62,0x6a,0x65,0x63,0x74,0x46,0x72,0x6f,0x6d,0x4d,0x61,0x70,0x00,0x52,0x65,0x6d,0x6f,0x76,0x65,0x4f,0x62,0x6a,0x65,
    0x63,0x74,0x73,0x50,0x6f,0x77,0x65,0x72,0x53,0x74,0x61,0x74,0x73,0x00,0x52,0x65,0x6d,0x6f,0x76,0x65,0x50,0x61,0x74,0x68,
    0x53,0x71,0x75,0x61,0x72,0x65,0x00,0x52,0x65,0x6d,0x6f,0x76,0x65,0x50,0x61,0x74,0x68,0x54,0x69,0x6c,0x65,0x00,0x52,0x65,
    0x6d,0x6f,0x76,0x65,0x50,0x72,0x6f,0x66,0x69,0x6c,0x65,0x00,0x52,0x65,0x6d,0x6f,0x76,0x65,0x52,0x65,0x70,0x61,0x69,0x72,
    0x4f,0x72,0x64,0x65,0x72,0x41,0x54,0x00,0x52,0x65,0x6d,0x6f,0x76,0x65,0x52,0x6f,0x6c,0x6c,0x65,0x72,0x43,0x6f,0x61,0x73,
    0x74,0x65,0x72,0x50,0x61,0x74,0x68,0x00,0x52,0x65,0x6d,0x6f,0x76,0x65,0x53,0x61,0x76,0x65,0x47,0x61,0x6d,0x65,0x00,0x52,
    0x65,0x6d,0x6f,0x76,0x65,0x53,0x6f,0x75,0x6e,0x64,0x4f,0x62,0x6a,0x65,0x63,0x74,0x00,0x52,0x65,0x6e,0x64,0x65,0x72,0x33,
    0x44,0x50,0x65,0x72,0x73,0x6f,0x6e,0x00,0x52,0x65,0x6e,0x64,0x65,0x72,0x42,0x6c,0x6f,0x63,0x6b,0x00,0x52,0x65,0x6e,0x64,
    0x65,0x72,0x42,0x6c,0x6f,0x6b,0x65,0x49,0x6e,0x33,0x44,0x00,0x52,0x65,0x6e,0x64,0x65,0x72,0x42,0x6c,0x6f,0x6b,0x65,0x4c,
    0x69,0x73,0x74,0x00,0x52,0x65,0x6e,0x64,0x65,0x72,0x42,0x6c,0x6f,0x6b,0x65,0x73,0x4e,0x6f,0x74,0x49,0x6e,0x53,0x65,0x61,
    0x74,0x73,0x00,0x52,0x65,0x6e,0x64,0x65,0x72,0x42,0x6f,0x78,0x00,0x52,0x65,0x6e,0x64,0x65,0x72,0x42,0x6f,0x78,0x49,0x63,
    0x6f,0x6e,0x00,0x52,0x65,0x6e,0x64,0x65,0x72,0x42,0x75,0x69,0x6c,0x64,0x4f,0x62,0x6a,0x65,0x63,0x74,0x49,0x63,0x6f,0x6e,
    0x00,0x52,0x65,0x6e,0x64,0x65,0x72,0x43,0x75,0x72,0x73,0x6f,0x72,0x00,0x52,0x65,0x6e,0x64,0x65,0x72,0x45,0x6e,0x65,0x72,
    0x67,0x79,0x42,0x61,0x72,0x00,0x52,0x65,0x6e,0x64,0x65,0x72,0x46,0x6c,0x61,0x73,0x68,0x69,0x6e,0x67,0x53,0x70,0x72,0x69,
    0x74,0x65,0x49,0x63,0x6f,0x6e,0x00,0x52,0x65,0x6e,0x64,0x65,0x72,0x46,0x72,0x65,0x65,0x50,0x6c,0x61,0x79,0x42,0x61,0x72,
    0x00,0x52,0x65,0x6e,0x64,0x65,0x72,0x46,0x72,0x65,0x65,0x50,0x6c,0x61,0x79,0x49,0x63,0x6f,0x6e,0x73,0x00,0x52,0x65,0x6e,
    0x64,0x65,0x72,0x46,0x72,0x6f,0x6e,0x74,0x45,0x6e,0x64,0x53,0x63,0x72,0x65,0x65,0x6e,0x00,0x52,0x65,0x6e,0x64,0x65,0x72,
    0x46,0x75,0x6c,0x6c,0x4d,0x61,0x70,0x00,0x52,0x65,0x6e,0x64,0x65,0x72,0x47,0x42,0x61,0x72,0x53,0x70,0x72,0x69,0x74,0x65,
    0x00,0x52,0x65,0x6e,0x64,0x65,0x72,0x47,0x42,0x61,0x72,0x53,0x70,0x72,0x69,0x74,0x65,0x49,0x63,0x6f,0x6e,0x00,0x52,0x65,
    0x6e,0x64,0x65,0x72,0x48,0x65,0x6c,0x70,0x49,0x63,0x6f,0x6e,0x73,0x00,0x52,0x65,0x6e,0x64,0x65,0x72,0x49,0x63,0x6f,0x6e,
    0x73,0x00,0x52,0x65,0x6e,0x64,0x65,0x72,0x49,0x63,0x6f,0x6e,0x73,0x32,0x00,0x52,0x65,0x6e,0x64,0x65,0x72,0x49,0x74,0x65,
    0x6d,0x32,0x5f,0x41,0x64,0x64,0x49,0x74,0x65,0x6d,0x00,0x52,0x65,0x6e,0x64,0x65,0x72,0x49,0x74,0x65,0x6d,0x32,0x5f,0x4c,
    0x69,0x6e,0x6b,0x00,0x52,0x65,0x6e,0x64,0x65,0x72,0x49,0x74,0x65,0x6d,0x5f,0x4c,0x69,0x6e,0x6b,0x00,0x52,0x65,0x6e,0x64,
    0x65,0x72,0x49,0x74,0x65,0x6d,0x73,0x32,0x5f,0x4e,0x65,0x77,0x00,0x52,0x65,0x6e,0x64,0x65,0x72,0x49,0x74,0x65,0x6d,0x73,
    0x5f,0x4e,0x65,0x77,0x00,0x52,0x65,0x6e,0x64,0x65,0x72,0x4d,0x6f,0x6e,0x65,0x79,0x42,0x61,0x72,0x00,0x52,0x65,0x6e,0x64,
    0x65,0x72,0x4d,0x6f,0x75,0x73,0x65,0x42,0x6f,0x75,0x6e,0x64,0x73,0x00,0x52,0x65,0x6e,0x64,0x65,0x72,0x50,0x65,0x6f,0x70,
    0x6c,0x65,0x00,0x52,0x65,0x6e,0x64,0x65,0x72,0x52,0x41,0x6e,0x64,0x44,0x43,0x68,0x65,0x63,0x6b,0x42,0x6f,0x78,0x00,0x52,
    0x65,0x6e,0x64,0x65,0x72,0x53,0x63,0x61,0x6c,0x65,0x64,0x53,0x70,0x72,0x69,0x74,0x65,0x00,0x52,0x65,0x6e,0x64,0x65,0x72,
    0x53,0x63,0x72,0x65,0x65,0x6e,0x00,0x52,0x65,0x6e,0x64,0x65,0x72,0x53,0x63,0x72,0x6f,0x6c,0x6c,0x5f,0x49,0x63,0x6f,0x6e,
    0x73,0x00,0x52,0x65,0x6e,0x64,0x65,0x72,0x53,0x70,0x72,0x69,0x74,0x65,0x00,0x52,0x65,0x6e,0x64,0x65,0x72,0x53,0x70,0x72,
    0x69,0x74,0x65,0x58,0x00,0x52,0x65,0x6e,0x64,0x65,0x72,0x54,0x68,0x69,0x63,0x6b,0x42,0x6f,0x78,0x00,0x52,0x65,0x6e,0x64,
    0x65,0x72,0x54,0x69,0x6c,0x65,0x64,0x53,0x70,0x72,0x69,0x74,0x65,0x00,0x52,0x65,0x6e,0x64,0x65,0x72,0x54,0x72,0x61,0x6e,
    0x73,0x53,0x70,0x72,0x69,0x74,0x65,0x00,0x52,0x65,0x6e,0x64,0x65,0x72,0x55,0x73,0x69,0x6e,0x67,0x52,0x69,0x6e,0x00,0x52,
    0x65,0x6e,0x64,0x65,0x72,0x56,0x69,0x65,0x77,0x00,0x52,0x65,0x6e,0x64,0x65,0x72,0x57,0x6f,0x72,0x6b,0x65,0x72,0x49,0x6e,
    0x74,0x65,0x72,0x66,0x61,0x63,0x65,0x47,0x46,0x58,0x00,0x52,0x65,0x6e,0x64,0x65,0x72,0x57,0x6f,0x72,0x6b,0x65,0x72,0x4f,
    0x6e,0x4d,0x6f,0x75,0x73,0x65,0x00,0x52,0x65,0x6e,0x64,0x65,0x72,0x57,0x6f,0x72,0x6b,0x65,0x72,0x73,0x00,0x52,0x65,0x6e,
    0x64,0x65,0x72,0x5f,0x53,0x65,0x74,0x56,0x69,0x65,0x77,0x70,0x6f,0x72,0x74,0x00,0x52,0x65,0x6e,0x64,0x65,0x72,0x69,0x6e,
    0x67,0x43,0x6f,0x6d,0x70,0x6c,0x65,0x74,0x65,0x00,0x52,0x65,0x73,0x65,0x6e,0x64,0x50,0x61,0x6c,0x65,0x74,0x74,0x65,0x00,
    0x52,0x65,0x73,0x65,0x74,0x42,0x65,0x73,0x74,0x50,0x74,0x72,0x00,0x52,0x65,0x73,0x65,0x74,0x48,0x69,0x74,0x49,0x6e,0x66,
    0x6f,0x00,0x52,0x65,0x73,0x65,0x74,0x49,0x6e,0x66,0x6f,0x53,0x74,0x72,0x75,0x63,0x74,0x00,0x52,0x65,0x73,0x65,0x74,0x4d,
    0x61,0x70,0x41,0x49,0x00,0x52,0x65,0x73,0x65,0x74,0x4d,0x6f,0x76,0x65,0x41,0x57,0x6f,0x72,0x6b,0x65,0x72,0x53,0x74,0x72,
    0x75,0x63,0x74,0x00,0x52,0x65,0x73,0x65,0x74,0x54,0x65,0x6d,0x70,0x50,0x72,0x6f,0x66,0x69,0x6c,0x65,0x00,0x52,0x65,0x73,
    0x65,0x74,0x57,0x6f,0x72,0x6b,0x65,0x72,0x73,0x4f,0x6c,0x64,0x43,0x6f,0x6f,0x72,0x64,0x73,0x00,0x52,0x65,0x73,0x74,0x6f,
    0x72,0x65,0x42,0x61,0x73,0x65,0x4d,0x61,0x70,0x00,0x52,0x65,0x73,0x74,0x6f,0x72,0x65,0x43,0x6c,0x69,0x70,0x70,0x69,0x6e,
    0x67,0x00,0x52,0x65,0x73,0x75,0x6d,0x65,0x53,0x69,0x6e,0x67,0x6c,0x79,0x50,0x61,0x75,0x73,0x65,0x64,0x53,0x61,0x6d,0x70,
    0x6c,0x65,0x00,0x52,0x65,0x74,0x75,0x72,0x6e,0x46,0x72,0x6f,0x6d,0x5f,0x50,0x72,0x6f,0x66,0x69,0x6c,0x65,0x44,0x69,0x72,
    0x00,0x52,0x69,0x64,0x65,0x5f,0x43,0x6c,0x65,0x61,0x72,0x46,0x6c,0x61,0x67,0x54,0x6f,0x4e,0x6f,0x74,0x4c,0x65,0x74,0x41,
    0x6e,0x79,0x6f,0x6e,0x65,0x4f,0x6e,0x00,0x52,0x69,0x64,0x65,0x5f,0x53,0x65,0x74,0x46,0x6c,0x61,0x67,0x54,0x6f,0x4e,0x6f,
    0x74,0x4c,0x65,0x74,0x41,0x6e,0x79,0x6f,0x6e,0x65,0x4f,0x6e,0x00,0x53,0x50,0x45,0x6e,0x74,0x65,0x72,0x00,0x53,0x50,0x47,
    0x65,0x74,0x52,0x46,0x46,0x6c,0x61,0x67,0x73,0x00,0x53,0x50,0x4c,0x65,0x61,0x76,0x65,0x00,0x53,0x50,0x52,0x49,0x54,0x45,
    0x5f,0x43,0x6c,0x69,0x70,0x52,0x65,0x63,0x74,0x00,0x53,0x61,0x76,0x65,0x47,0x61,0x6d,0x65,0x00,0x53,0x61,0x76,0x65,0x47,
    0x61,0x6d,0x65,0x52,0x65,0x61,0x64,0x00,0x53,0x61,0x76,0x65,0x47,0x61,0x6d,0x65,0x57,0x72,0x69,0x74,0x65,0x00,0x53,0x61,
    0x76,0x65,0x47,0x6f,0x6c,0x64,0x57,0x61,0x73,0x68,0x00,0x53,0x61,0x76,0x65,0x4a,0x61,0x69,0x6c,0x43,0x65,0x6c,0x6c,0x73,
    0x00,0x53,0x61,0x76,0x65,0x4a,0x6f,0x75,0x73,0x74,0x00,0x53,0x61,0x76,0x65,0x50,0x72,0x6f,0x66,0x69,0x6c,0x65,0x54,0x6f,
    0x44,0x69,0x73,0x6b,0x00,0x53,0x61,0x76,0x65,0x53,0x42,0x61,0x72,0x72,0x65,0x6c,0x00,0x53,0x61,0x76,0x65,0x53,0x61,0x66,
    0x61,0x72,0x69,0x52,0x69,0x64,0x65,0x00,0x53,0x61,0x76,0x65,0x53,0x70,0x69,0x64,0x65,0x72,0x00,0x53,0x61,0x76,0x65,0x54,
    0x65,0x6d,0x70,0x6c,0x65,0x53,0x6c,0x69,0x64,0x65,0x00,0x53,0x61,0x76,0x65,0x5a,0x6f,0x6f,0x6d,0x65,0x72,0x00,0x53,0x61,
    0x76,0x65,0x5f,0x45,0x6c,0x65,0x70,0x68,0x61,0x6e,0x74,0x46,0x00,0x53,0x61,0x76,0x65,0x5f,0x57,0x61,0x74,0x65,0x72,0x42,
    0x6c,0x6f,0x63,0x6b,0x00,0x53,0x63,0x61,0x6e,0x46,0x6f,0x72,0x50,0x72,0x6f,0x66,0x69,0x6c,0x65,0x73,0x00,0x53,0x63,0x61,
    0x6e,0x4b,0x65,0x79,0x62,0x6f,0x61,0x72,0x64,0x00,0x53,0x63,0x61,0x6e,0x4d,0x6f,0x75,0x73,0x65,0x00,0x53,0x63,0x72,0x65,
    0x65,0x6e,0x54,0x6f,0x4d,0x61,0x70,0x52,0x65,0x66,0x00,0x53,0x63,0x72,0x65,0x65,0x6e,0x54,0x6f,0x4d,0x61,0x70,0x52,0x65,
    0x66,0x32,0x00,0x53,0x63,0x72,0x6f,0x6c,0x6c,0x53,0x70,0x65,0x65,0x64,0x58,0x00,0x53,0x63,0x72,0x6f,0x6c,0x6c,0x53,0x70,
    0x65,0x65,0x64,0x59,0x00,0x53,0x63,0x72,0x6f,0x6c,0x6c,0x58,0x00,0x53,0x63,0x72,0x6f,0x6c,0x6c,0x59,0x00,0x53,0x65,0x6c,
    0x65,0x63,0x74,0x46,0x6f,0x6e,0x74,0x00,0x53,0x65,0x74,0x42,0x61,0x6e,0x64,0x00,0x53,0x65,0x74,0x42,0x6c,0x6f,0x6b,0x65,
    0x50,0x6f,0x73,0x69,0x74,0x69,0x6f,0x6e,0x46,0x72,0x6f,0x6d,0x42,0x4e,0x56,0x00,0x53,0x65,0x74,0x43,0x68,0x65,0x63,0x6b,
    0x46,0x75,0x6e,0x63,0x00,0x53,0x65,0x74,0x43,0x6c,0x69,0x63,0x6b,0x46,0x75,0x6e,0x63,0x00,0x53,0x65,0x74,0x43,0x6c,0x69,
    0x70,0x70,0x69,0x6e,0x67,0x00,0x53,0x65,0x74,0x43,0x75,0x73,0x74,0x6f,0x6d,0x43,0x61,0x6c,0x6c,0x62,0x61,0x63,0x6b,0x73,
    0x00,0x53,0x65,0x74,0x45,0x64,0x69,0x74,0x43,0x75,0x72,0x73,0x6f,0x72,0x46,0x6f,0x6f,0x74,0x50,0x72,0x69,0x6e,0x74,0x00,
    0x53,0x65,0x74,0x45,0x64,0x69,0x74,0x4f,0x62,0x6a,0x65,0x63,0x74,0x00,0x53,0x65,0x74,0x47,0x61,0x72,0x64,0x65,0x6e,0x65,
    0x72,0x57,0x6f,0x72,0x6b,0x4f,0x72,0x64,0x65,0x72,0x41,0x74,0x50,0x6f,0x73,0x74,0x69,0x6f,0x6e,0x00,0x53,0x65,0x74,0x4c,
    0x61,0x79,0x65,0x72,0x41,0x6e,0x69,0x6d,0x61,0x74,0x69,0x6e,0x67,0x53,0x74,0x61,0x74,0x65,0x00,0x53,0x65,0x74,0x4d,0x61,
    0x70,0x46,0x6c,0x61,0x67,0x73,0x00,0x53,0x65,0x74,0x4d,0x61,0x70,0x54,0x69,0x6c,0x65,0x00,0x53,0x65,0x74,0x4d,0x65,0x63,
    0x68,0x61,0x6e,0x69,0x63,0x73,0x4f,0x72,0x64,0x65,0x72,0x41,0x74,0x50,0x6f,0x73,0x74,0x69,0x6f,0x6e,0x00,0x53,0x65,0x74,
    0x4d,0x75,0x73,0x69,0x63,0x47,0x72,0x6f,0x6f,0x76,0x65,0x4c,0x65,0x76,0x65,0x6c,0x00,0x53,0x65,0x74,0x4e,0x65,0x77,0x47,
    0x72,0x6f,0x75,0x70,0x5f,0x43,0x61,0x6c,0x6c,0x62,0x61,0x63,0x6b,0x73,0x00,0x53,0x65,0x74,0x4f,0x62,0x6a,0x52,0x65,0x63,
    0x74,0x46,0x6c,0x61,0x67,0x73,0x00,0x53,0x65,0x74,0x4f,0x76,0x65,0x72,0x72,0x69,0x64,0x65,0x46,0x72,0x61,0x6d,0x65,0x00,
    0x53,0x65,0x74,0x4f,0x76,0x65,0x72,0x72,0x69,0x64,0x65,0x50,0x61,0x6c,0x65,0x74,0x74,0x65,0x00,0x53,0x65,0x74,0x50,0x61,
    0x74,0x68,0x46,0x6c,0x61,0x67,0x00,0x53,0x65,0x74,0x50,0x65,0x72,0x73,0x6f,0x6e,0x44,0x69,0x72,0x65,0x63,0x74,0x69,0x6f,
    0x6e,0x00,0x53,0x65,0x74,0x50,0x65,0x72,0x73,0x6f,0x6e,0x50,0x6f,0x73,0x69,0x74,0x69,0x6f,0x6e,0x00,0x53,0x65,0x74,0x50,
    0x65,0x72,0x73,0x6f,0x6e,0x52,0x6f,0x74,0x61,0x74,0x69,0x6f,0x6e,0x00,0x53,0x65,0x74,0x50,0x6f,0x69,0x6e,0x74,0x65,0x72,
    0x00,0x53,0x65,0x74,0x53,0x61,0x6d,0x70,0x6c,0x65,0x46,0x61,0x64,0x65,0x00,0x53,0x65,0x74,0x53,0x61,0x6d,0x70,0x6c,0x65,
    0x46,0x72,0x65,0x71,0x75,0x65,0x6e,0x63,0x79,0x00,0x53,0x65,0x74,0x53,0x61,0x6d,0x70,0x6c,0x65,0x50,0x61,0x6e,0x00,0x53,
    0x65,0x74,0x53,0x61,0x6d,0x70,0x6c,0x65,0x56,0x6f,0x6c,0x75,0x6d,0x65,0x00,0x53,0x65,0x74,0x53,0x74,0x61,0x6e,0x64,0x61,
    0x72,0x64,0x43,0x61,0x6c,0x6c,0x62,0x61,0x63,0x6b,0x73,0x00,0x53,0x65,0x74,0x53,0x75,0x62,0x53,0x70,0x72,0x69,0x74,0x65,
    0x53,0x6f,0x75,0x72,0x63,0x65,0x00,0x53,0x65,0x74,0x57,0x6f,0x72,0x6b,0x65,0x72,0x73,0x50,0x6f,0x73,0x69,0x74,0x69,0x6f,
    0x6e,0x41,0x74,0x4d,0x6f,0x75,0x73,0x65,0x00,0x53,0x65,0x74,0x5f,0x52,0x46,0x46,0x6c,0x61,0x67,0x73,0x00,0x53,0x65,0x74,
    0x5f,0x55,0x73,0x65,0x72,0x46,0x6c,0x61,0x67,0x73,0x00,0x53,0x65,0x74,0x75,0x70,0x43,0x6f,0x6e,0x74,0x72,0x6f,0x6c,0x6c,
    0x65,0x72,0x73,0x00,0x53,0x65,0x74,0x75,0x70,0x49,0x6e,0x74,0x65,0x72,0x66,0x61,0x63,0x65,0x50,0x61,0x6e,0x65,0x6c,0x49,
    0x63,0x6f,0x6e,0x73,0x00,0x53,0x68,0x6f,0x77,0x4c,0x61,0x79,0x65,0x72,0x00,0x53,0x68,0x75,0x66,0x66,0x6c,0x65,0x4f,0x62,
    0x6a,0x4b,0x65,0x79,0x73,0x00,0x53,0x6f,0x66,0x74,0x50,0x72,0x69,0x6e,0x74,0x5f,0x43,0x6c,0x65,0x61,0x72,0x00,0x53,0x6f,
    0x66,0x74,0x50,0x72,0x69,0x6e,0x74,0x5f,0x58,0x42,0x6c,0x74,0x46,0x61,0x73,0x74,0x00,0x53,0x6f,0x72,0x74,0x42,0x6c,0x6f,
    0x6b,0x65,0x49,0x6e,0x33,0x44,0x00,0x53,0x6f,0x72,0x74,0x43,0x6c,0x69,0x70,0x70,0x65,0x64,0x53,0x70,0x72,0x69,0x74,0x65,
    0x00,0x53,0x6f,0x72,0x74,0x50,0x65,0x72,0x73,0x6f,0x6e,0x00,0x53,0x6f,0x72,0x74,0x53,0x70,0x72,0x69,0x74,0x65,0x00,0x53,
    0x6f,0x72,0x74,0x53,0x70,0x72,0x69,0x74,0x65,0x57,0x69,0x74,0x68,0x43,0x61,0x6c,0x6c,0x62,0x61,0x63,0x6b,0x00,0x53,0x6f,
    0x75,0x72,0x63,0x65,0x50,0x6c,0x61,0x79,0x61,0x62,0x6c,0x65,0x53,0x61,0x6d,0x70,0x6c,0x65,0x54,0x6f,0x42,0x6c,0x6f,0x6b,
    0x65,0x00,0x53,0x6f,0x75,0x72,0x63,0x65,0x50,0x6c,0x61,0x79,0x61,0x62,0x6c,0x65,0x53,0x61,0x6d,0x70,0x6c,0x65,0x54,0x6f,
    0x4c,0x65,0x76,0x65,0x6c,0x58,0x59,0x00,0x53,0x6f,0x75,0x72,0x63,0x65,0x50,0x6c,0x61,0x79,0x61,0x62,0x6c,0x65,0x53,0x61,
    0x6d,0x70,0x6c,0x65,0x54,0x6f,0x4d,0x61,0x70,0x52,0x65,0x66,0x00,0x53,0x70,0x61,0x63,0x65,0x54,0x6f,0x77,0x65,0x72,0x5f,
    0x4c,0x6f,0x61,0x64,0x00,0x53,0x70,0x61,0x63,0x65,0x54,0x6f,0x77,0x65,0x72,0x5f,0x53,0x61,0x76,0x65,0x00,0x53,0x74,0x61,
    0x6e,0x64,0x61,0x72,0x64,0x52,0x65,0x6d,0x6f,0x76,0x65,0x4f,0x62,0x6a,0x65,0x63,0x74,0x00,0x53,0x74,0x6f,0x70,0x46,0x6f,
    0x6c,0x6c,0x6f,0x77,0x69,0x6e,0x67,0x42,0x6c,0x6f,0x6b,0x65,0x00,0x53,0x74,0x6f,0x70,0x4c,0x61,0x79,0x65,0x72,0x50,0x6c,
    0x61,0x79,0x69,0x6e,0x67,0x00,0x53,0x74,0x6f,0x70,0x4d,0x6f,0x6e,0x65,0x79,0x53,0x46,0x58,0x00,0x53,0x74,0x6f,0x72,0x65,
    0x43,0x6c,0x69,0x70,0x70,0x69,0x6e,0x67,0x00,0x53,0x74,0x6f,0x72,0x65,0x4e,0x65,0x77,0x53,0x61,0x76,0x65,0x47,0x61,0x6d,
    0x65,0x54,0x6f,0x44,0x69,0x73,0x6b,0x00,0x53,0x75,0x67,0x67,0x65,0x73,0x74,0x4e,0x65,0x78,0x74,0x4d,0x6f,0x76,0x65,0x00,
    0x54,0x4d,0x4e,0x65,0x67,0x50,0x61,0x72,0x69,0x74,0x79,0x00,0x54,0x65,0x6c,0x6c,0x41,0x6c,0x6c,0x4c,0x61,0x79,0x65,0x72,
    0x73,0x54,0x6f,0x41,0x6e,0x69,0x6d,0x61,0x74,0x65,0x00,0x54,0x65,0x6c,0x6c,0x41,0x6c,0x6c,0x4c,0x61,0x79,0x65,0x72,0x73,
    0x54,0x6f,0x53,0x74,0x6f,0x70,0x41,0x6e,0x69,0x6d,0x61,0x74,0x69,0x6e,0x67,0x00,0x54,0x65,0x6d,0x70,0x6c,0x65,0x53,0x6c,
    0x69,0x64,0x65,0x5f,0x47,0x65,0x74,0x49,0x6e,0x74,0x65,0x72,0x66,0x61,0x63,0x65,0x73,0x00,0x54,0x65,0x73,0x74,0x4d,0x65,
    0x6e,0x75,0x00,0x54,0x69,0x6c,0x65,0x53,0x70,0x72,0x69,0x74,0x65,0x41,0x72,0x72,0x61,0x79,0x00,0x54,0x69,0x6c,0x65,0x53,
    0x70,0x72,0x69,0x74,0x65,0x49,0x6e,0x66,0x6f,0x00,0x54,0x72,0x61,0x6e,0x73,0x66,0x6f,0x72,0x6d,0x56,0x65,0x63,0x74,0x6f,
    0x72,0x73,0x4c,0x00,0x55,0x6e,0x41,0x64,0x6a,0x75,0x73,0x74,0x42,0x6c,0x6f,0x6b,0x65,0x50,0x6f,0x73,0x69,0x74,0x69,0x6f,
    0x6e,0x00,0x55,0x6e,0x49,0x6e,0x69,0x74,0x4d,0x61,0x6e,0x00,0x55,0x6e,0x4c,0x6f,0x61,0x64,0x4f,0x62,0x6a,0x65,0x63,0x74,
    0x4c,0x69,0x62,0x72,0x61,0x72,0x79,0x00,0x55,0x6e,0x4c,0x6f,0x61,0x64,0x52,0x69,0x6e,0x00,0x55,0x6e,0x4c,0x6f,0x61,0x64,
    0x5f,0x49,0x6e,0x74,0x65,0x72,0x66,0x61,0x63,0x65,0x5f,0x43,0x6f,0x6e,0x74,0x72,0x6f,0x6c,0x49,0x63,0x6f,0x6e,0x73,0x00,
    0x55,0x6e,0x4c,0x6f,0x61,0x64,0x5f,0x49,0x6e,0x74,0x65,0x72,0x66,0x61,0x63,0x65,0x5f,0x49,0x63,0x6f,0x6e,0x73,0x00,0x55,
    0x6e,0x4c,0x6f,0x61,0x64,0x5f,0x49,0x6e,0x74,0x65,0x72,0x66,0x61,0x63,0x65,0x5f,0x54,0x68,0x65,0x6d,0x65,0x49,0x63,0x6f,
    0x6e,0x73,0x00,0x55,0x6e,0x4c,0x6f,0x61,0x64,0x5f,0x50,0x6f,0x70,0x55,0x70,0x49,0x6e,0x66,0x6f,0x00,0x55,0x6e,0x4d,0x75,
    0x74,0x65,0x5f,0x46,0x58,0x00,0x55,0x6e,0x53,0x6f,0x75,0x72,0x63,0x65,0x41,0x6e,0x64,0x46,0x61,0x64,0x65,0x41,0x6c,0x6c,
    0x53,0x61,0x6d,0x70,0x6c,0x65,0x73,0x46,0x72,0x6f,0x6d,0x53,0x6f,0x75,0x72,0x63,0x65,0x00,0x55,0x6e,0x53,0x6f,0x75,0x72,
    0x63,0x65,0x41,0x6e,0x64,0x46,0x61,0x64,0x65,0x53,0x61,0x6d,0x70,0x6c,0x65,0x00,0x55,0x6e,0x53,0x6f,0x75,0x72,0x63,0x65,
    0x50,0x6c,0x61,0x79,0x61,0x62,0x6c,0x65,0x53,0x61,0x6d,0x70,0x6c,0x65,0x00,0x55,0x6e,0x6c,0x6f,0x61,0x64,0x50,0x6f,0x73,
    0x00,0x55,0x6e,0x6c,0x6f,0x61,0x64,0x53,0x61,0x76,0x65,0x47,0x61,0x6d,0x65,0x4d,0x61,0x70,0x00,0x55,0x6e,0x6c,0x6f,0x61,
    0x64,0x5f,0x52,0x41,0x6e,0x64,0x44,0x43,0x68,0x65,0x63,0x6b,0x42,0x6f,0x78,0x00,0x55,0x70,0x44,0x61,0x74,0x65,0x43,0x75,
    0x72,0x72,0x65,0x6e,0x74,0x50,0x72,0x6f,0x66,0x69,0x6c,0x65,0x00,0x55,0x70,0x44,0x61,0x74,0x65,0x43,0x75,0x72,0x72,0x65,
    0x6e,0x74,0x53,0x61,0x76,0x65,0x53,0x6c,0x6f,0x74,0x49,0x6e,0x66,0x6f,0x00,0x55,0x70,0x64,0x61,0x74,0x65,0x42,0x6c,0x6f,
    0x6b,0x65,0x46,0x72,0x6f,0x6d,0x42,0x4e,0x56,0x50,0x61,0x74,0x68,0x00,0x55,0x70,0x64,0x61,0x74,0x65,0x42,0x6c,0x6f,0x6b,
    0x65,0x73,0x4f,0x6e,0x52,0x69,0x64,0x65,0x00,0x55,0x70,0x64,0x61,0x74,0x65,0x43,0x6f,0x6e,0x74,0x72,0x6f,0x6c,0x6c,0x65,
    0x72,0x46,0x72,0x6f,0x6d,0x4b,0x65,0x79,0x62,0x6f,0x61,0x72,0x64,0x44,0x61,0x74,0x61,0x00,0x55,0x70,0x64,0x61,0x74,0x65,
    0x43,0x6f,0x6e,0x74,0x72,0x6f,0x6c,0x6c,0x65,0x72,0x46,0x72,0x6f,0x6d,0x4d,0x6f,0x75,0x73,0x65,0x44,0x61,0x74,0x61,0x00,
    0x55,0x70,0x64,0x61,0x74,0x65,0x46,0x6f,0x63,0x75,0x73,0x73,0x65,0x64,0x49,0x63,0x6f,0x6e,0x50,0x74,0x72,0x00,0x55,0x70,
    0x64,0x61,0x74,0x65,0x4d,0x65,0x6e,0x75,0x00,0x55,0x70,0x64,0x61,0x74,0x65,0x50,0x65,0x72,0x73,0x6f,0x6e,0x00,0x55,0x70,
    0x64,0x61,0x74,0x65,0x50,0x72,0x6f,0x66,0x69,0x6c,0x65,0x43,0x68,0x65,0x63,0x6b,0x42,0x6f,0x78,0x49,0x63,0x6f,0x6e,0x73,
    0x00,0x55,0x70,0x64,0x61,0x74,0x65,0x53,0x6f,0x75,0x6e,0x64,0x56,0x6f,0x6c,0x73,0x00,0x55,0x73,0x65,0x42,0x72,0x69,0x63,
    0x6b,0x73,0x00,0x56,0x61,0x6c,0x69,0x64,0x61,0x74,0x65,0x43,0x75,0x72,0x73,0x6f,0x72,0x00,0x57,0x4e,0x44,0x45,0x4e,0x56,
    0x5f,0x47,0x65,0x74,0x68,0x49,0x6e,0x73,0x74,0x61,0x6e,0x63,0x65,0x00,0x57,0x4e,0x44,0x45,0x4e,0x56,0x5f,0x47,0x65,0x74,
    0x68,0x77,0x6e,0x64,0x00,0x57,0x4e,0x44,0x45,0x4e,0x56,0x5f,0x53,0x65,0x74,0x68,0x77,0x6e,0x64,0x00,0x57,0x6f,0x72,0x6b,
    0x4f,0x72,0x64,0x65,0x72,0x42,0x75,0x69,0x6c,0x64,0x4f,0x62,0x6a,0x65,0x63,0x74,0x00,0x5a,0x42,0x75,0x66,0x66,0x65,0x72,
    0x48,0x65,0x6c,0x70,0x65,0x72,0x00,0x5f,0x5f,0x42,0x4d,0x50,0x4c,0x6f,0x61,0x64,0x65,0x72,0x00,0x5f,0x5f,0x44,0x45,0x42,
    0x55,0x47,0x5f,0x43,0x41,0x4c,0x4c,0x4f,0x43,0x00,0x5f,0x5f,0x44,0x45,0x42,0x55,0x47,0x5f,0x46,0x52,0x45,0x45,0x00,0x5f,
    0x5f,0x44,0x45,0x42,0x55,0x47,0x5f,0x4d,0x41,0x4c,0x4c,0x4f,0x43,0x00,0x5f,0x5f,0x44,0x45,0x42,0x55,0x47,0x5f,0x52,0x45,
    0x41,0x4c,0x4c,0x4f,0x43,0x00,0x5f,0x5f,0x44,0x45,0x42,0x55,0x47,0x5f,0x53,0x4d,0x41,0x4c,0x4c,0x4f,0x43,0x00,0x5f,0x5f,
    0x44,0x45,0x42,0x55,0x47,0x5f,0x54,0x41,0x47,0x00,0x6c,0x70,0x43,0x6f,0x6e,0x66,0x69,0x67,0x00,0x6d,0x79,0x73,0x74,0x72,
    0x6c,0x65,0x6e,0x00,0x00,0x00,0x00,0x00,0x00,0x00,0x00,0x00,0x00,0x00,0x00,0x00,0x00,0x00,0x00,0x00,0x00,0x00,0x00,0x00,
    0x00,0x00,0x00,0x00,0x00,0x00,0x00,0x00,0x00,0x00,0x00,0x00,0x00,0x00,0x00,0x00,0x00,0x00,0x00,0x00,0x00,0x00,0x00,0x00,
    0x00,0x00,0x00,0x00,0x00,0x00,0x00,0x00,0x00,0x00,0x00,0x00,0x00,0x00,0x00,0x00,0x00,0x00,0x00,0x00,0x00,0x00,0x00,0x00,
    0x00,0x00,0x00,0x00,0x00,0x00,0x00,0x00,0x00,0x00,0x00,0x00,0x00,0x00,0x00,0x00,0x00,0x00,0x00,0x00,0x00,0x00,0x00,0x00,
    0x00,0x00,0x00,0x00,0x00,0x00,0x00,0x00,0x00,0x00,0x00,0x00,0x00,0x00,0x00,0x00,0x00,0x00,0x00,0x00,0x00,0x00,0x00,0x00,
    0x00,0x00,0x00,0x00,0x00,0x00,0x00,0x00,0x00,0x00,0x00,0x00,0x00,0x00,0x00,0x00,0x00,0x00,0x00,0x00,0x00,0x00,0x00,0x00,
    0x00,0x00,0x00,0x00,0x00,0x00,0x00,0x00,0x00,0x00,0x00,0x00,0x00,0x00,0x00,0x00,0x00,0x00,0x00,0x00,0x00,0x00,0x00,0x00,
    0x00,0x00,0x00,0x00,0x00,0x00,0x00,0x00,0x00,0x00,0x00,0x00,0x00,0x00,0x00,0x00,0x00,0x00,0x00,0x00,0x00,0x00,0x00,0x00,
    0x00,0x00,0x00,0x00,0x00,0x00,0x00,0x00,0x00,0x00,0x00,0x00,0x00,0x00,0x00,0x00,0x00,0x00,0x00,0x00,0x00,0x00,0x00,0x00,
    0x00,0x00,0x00,0x00,0x00,0x00,0x00,0x00,0x00,0x00,0x00,0x00,0x00,0x00,0x00,0x00,0x00,0x00,0x00,0x00,0x00,0x00,0x00,0x00,
    0x00,0x00,0x00,0x00,0x00,0x00,0x00,0x00,0x00,0x00,0x00,0x00,0x00,0x00,0x00,0x00,0x00,0x00,0x00,0x00,0x00,0x00,0x00,0x00,
    0x00,0x00,0x00,0x00,0x00,0x00,0x00,0x00,0x00,0x00,0x00,0x00,0x00,0x00,0x00,0x00,0x00,0x00,0x00,0x00,0x00,0x00,0x00,0x00,
    0x00,0x00,0x00,0x00,0x00,0x00,0x00,0x00,0x00,0x00,0x00,0x00,0x00,0x00,0x00,0x00,0x00,0x00,0x00,0x00,0x00,0x00,0x00,0x00,
    0x00,0x00,0x00,0x00,0x00,0x00,0x00,0x00,0x00,0x00,0x00,0x00,0x00,0x00,0x00,0x00,0x00,0x00,0x00,0x00,0x00,0x00,0x00,0x00,
    0x00,0x00,0x00,0x00,0x00,0x00,0x00,0x00,0x00,0x00,0x00,0x00,0x00,0x00,0x00,0x00,0x00,0x00,0x00,0x00,0x00,0x00,0x00,0x00,
    0x00,0x00,0x00,0x00,0x00,0x00,0x00,0x00,0x00,0x00,0x00,0x00,0x00,0x00,0x00,0x00,0x00,0x00,0x00,0x00,0x00,0x00,0x00,0x00,
    0x00,0x00,0x00,0x00,0x00,0x00,0x00,0x00,0x00,0x00,0x00,0x00,0x00,0x00,0x00,0x00,0x00,0x00,0x00,0x00,0x00,0x00,0x00,0x00,
    0x00,0x00,0x00,0x00,0x00,0x00,0x00,0x00,0x00,0x00,0x00,0x00,0x00,0x00,0x00,0x00,0x00,0x00,0x00,0x00,0x00,0x00,0x00,0x00,
    0x00,0x00,0x00,0x00,0x00,0x00,0x00,0x00,0x00,0x00,0x00,0x00,0x00,0x00,0x00,0x00,0x00,0x00,0x00,0x00,0x00,0x00,0x00,0x00,
    0x00,0x00,0x00,0x00,0x00,0x00,0x00,0x00,0x00,0x00,0x00,0x00,0x00,0x00,0x00,0x00,0x00,0x00,0x00,0x00,0x00,0x00,0x00,0x00,
    0x00,0x00,0x00,0x00,0x00,0x00,0x00,0x00,0x00,0x00,0x00,0x00,0x00,0x00,0x00,0x00,0x00,0x00,0x00,0x00,0x00,0x00,0x00,0x00,
    0x00,0x00,0x00,0x00,0x00,0x00,0x00,0x00,0x00,0x00,0x00,0x00,0x00,0x00,0x00,0x00,0x00,0x00,0x00,0x00,0x00,0x00,0x00,0x00,
    0x00,0x00,0x00,0x00,0x00,0x00,0x00,0x00,0x00,0x00,0x00,0x00,0x00,0x00,0x00,0x00,0x00,0x00,0x00,0x00,0x00,0x00,0x00,0x00,
    0x00,0x00,0x00,0x00,0x00,0x00,0x00,0x00,0x00,0x00,0x00,0x00,0x00,0x00,0x00,0x00,0x00,0x00,0x00,0x00,0x00,0x00,0x00,0x00,
    0x00,0x00,0x00,0x00,0x00,0x00,0x00,0x00,0x00,0x00,0x00,0x00,0x00,0x00,0x00,0x00,0x00,0x00,0x00,0x00,0x00,0x00,0x00,0x00,
    0x00,0x00,0x00,0x00,0x00,0x00,0x00,0x00,0x00,0x00,0x00,0x00,0x00,0x00,0x00,0x00,0x00,0x00,0x00,0x00,0x00,0x00,0x00,0x00,
    0x00,0x00,0x00,0x00,0x00,0x00,0x00,0x00,0x00,0x00,0x00,0x00,0x00,0x00,0x00,0x00,0x00,0x00,0x00,0x00,0x00,0x00,0x00,0x00,
    0x00,0x00,0x00,0x00,0x00,0x00,0x00,0x00,0x00,0x00,0x00,0x00,0x00,0x00,0x00,0x00,0x00,0x00,0x00,0x00,0x00,0x00,0x00,0x00,
    0x00,0x00,0x00,0x00,0x00,0x00,0x00,0x00,0x00,0x00,0x00,0x00,0x00,0x00,0x00,0x00,0x00,0x00,0x00,0x00,0x00,0x00,0x00,0x00,
    0x00,0x00,0x00,0x00,0x00,0x00,0x00,0x00,0x00,0x00,0x00,0x00,0x00,0x00,0x00,0x00,0x00,0x00,0x00,0x00,0x00,0x00,0x00,0x00,
    0x00,0x00,0x00,0x00,0x00,0x00,0x00,0x00,0x00,0x00,0x00,0x00,0x00,0x00,0x00,0x00,0x00,0x00,0x00,0x00,0x00,0x00,0x00,0x00,
    0x00,0x00,0x00,0x00,0x00,0x00,0x00,0x00,0x00,0x00,0x00,0x00,0x00,0x00,0x00,0x00,0x00,0x00,0x00,0x00,0x00,0x00,0x00,0x00,
    0x00,0x00,0x00,0x00,0x00,0x00,0x00,0x00,0x00,0x00,0x00,0x00,0x00,0x00,0x00,0x00,0x00,0x00,0x00,0x00,0x00,0x00,0x00,0x00,
    0x00,0x00,0x00,0x00,0x00,0x00,0x00,0x00,0x00,0x00,0x00,0x00,0x00,0x00,0x00,0x00,0x00,0x00,0x00,0x00,0x00,0x00,0x00,0x00,
    0x00,0x00,0x00,0x00,0x00,0x00,0x00,0x00,0x00,0x00,0x00,0x00,0x00,0x00,0x00,0x00,0x00,0x00,0x00,0x00,0x00,0x00,0x00,0x00,
    0x00,0x00,0x00,0x00,0x00,0x00,0x00,0x00,0x00,0x00,0x00,0x00,0x00,0x00,0x00,0x00,0x00,0x00,0x00,0x00,0x00,0x00,0x00,0x00,
    0x00,0x00,0x00,0x00,0x00,0x00,0x00,0x00,0x00,0x00,0x00,0x00,0x00,0x00,0x00,0x00,0x00,0x00,0x00,0x00,0x00,0x00,0x00,0x00,
    0x00,0x00,0x00,0x00,0x00,0x00,0x00,0x00,0x00,0x00,0x00,0x00,0x00,0x00,0x00,0x00,0x00,0x00,0x00,0x00,0x00,0x00,0x00,0x00,
    0x00,0x00,0x00,0x00,0x00,0x00,0x00,0x00,0x00,0x00,0x00,0x00,0x00,0x00,0x00,0x00,0x00,0x00,0x00,0x00,0x00,0x00,0x00,0x00,
    0x00,0x00,0x00,0x00,0x00,0x00,0x00,0x00,0x00,0x00,0x00,0x00,0x00,0x00,0x00,0x00,0x00,0x00,0x00,0x00,0x00,0x00,0x00,0x00,
    0x00,0x00,0x00,0x00,0x00,0x00,0x00,0x00,0x00,0x00,0x00,0x00,0x00,0x00,0x00,0x00,0x00,0x00,0x00,0x00,0x00,0x00,0x00,0x00,
    0x00,0x00,0x00,0x00,0x00,0x00,0x00,0x00,0x00,0x00,0x00,0x00,0x00,0x00,0x00,0x00,0x00,0x00,0x00,0x00,0x00,0x00,0x00,0x00,
    0x00,0x00,0x00,0x00,0x00,0x00,0x00,0x00,0x00,0x00,0x00,0x00,0x00,0x00,0x00,0x00,0x00,0x00,0x00,0x00,0x00,0x00,0x00,0x00,
    0x00,0x00,0x00,0x00,0x00,0x00,0x00,0x00,0x00,0x00,0x00,0x00,0x00,0x00,0x00,0x00,0x00,0x00,0x00,0x00,0x00,0x00,0x00,0x00,
    0x00,0x00,0x00,0x00,0x00,0x00,0x00,0x00,0x00,0x00,0x00,0x00,0x00,0x00,0x00,0x00,0x00,0x00,0x00,0x00,0x00,0x00,0x00,0x00,
    0x00,0x00,0x00,0x00,0x00,0x00,0x00,0x00,0x00,0x00,0x00,0x00,0x00,0x00,0x00,0x00,0x00,0x00,0x00,0x00,0x00,0x00,0x00,0x00,
    0x00,0x00,0x00,0x00,0x00,0x00,0x00,0x00,0x00,0x00,0x00,0x00,0x00,0x00,0x00,0x00,0x00,0x00,0x00,0x00,0x00,0x00,0x00,0x00,
    0x00,0x00,0x00,0x00,0x00,0x00,0x00,0x00,0x00,0x00,0x00,0x00,0x00,0x00,0x00,0x00,0x00,0x00,0x00,0x00,0x00,0x00,0x00,0x00,
    0x00,0x00,0x00,0x00,0x00,0x00,0x00,0x00,0x00,0x00,0x00,0x00,0x00,0x00,0x00,0x00,0x00,0x00,0x00,0x00,0x00,0x00,0x00,0x00,
    0x00,0x00,0x00,0x00,0x00,0x00,0x00,0x00,0x00,0x00,0x00,0x00,0x00,0x00,0x00,0x00,0x00,0x00,0x00,0x00,0x00,0x00,0x00,0x00,
    0x00,0x00,0x00,0x00,0x00,0x00,0x00,0x00,0x00,0x00,0x00,0x00,0x00,0x00,0x00,0x00,0x00,0x00,0x00,0x00,0x00,0x00,0x00,0x00,
    0x00,0x00,0x00,0x00,0x00,0x00,0x00,0x00,0x00,0x00,0x00,0x00,0x00,0x00,0x00,0x00,0x00,0x00,0x00,0x00,0x00,0x00,0x00,0x00,
    0x00,0x00,0x00,0x00,0x00,0x00,0x00,0x00,0x00,0x00,0x00,0x00,0x00,0x00,0x00,0x00,0x00,0x00,0x00,0x00,0x00,0x00,0x00,0x00,
    0x00,0x00,0x00,0x00,0x00,0x00,0x00,0x00,0x00,0x00,0x00,0x00,0x00,0x00,0x00,0x00,0x00,0x00,0x00,0x00,0x00,0x00,0x00,0x00,
    0x00,0x00,0x00,0x00,0x00,0x00,0x00,0x00,0x00,0x00,0x00,0x00,0x00,0x00,0x00,0x00,0x00,0x00,0x00,0x00,0x00,0x00,0x00,0x00,
    0x00,0x00,0x00,0x00,0x00,0x00,0x00,0x00,0x00,0x00,0x00,0x00,0x00,0x00,0x00,0x00,0x00,0x00,0x00,0x00,0x00,0x00,0x00,0x00,
    0x00,0x00,0x00,0x00,0x00,0x00,0x00,0x00,0x00,0x00,0x00,0x00,0x00,0x00,0x00,0x00,0x00,0x00,0x00,0x00,0x00,0x00,0x00,0x00,
    0x00,0x00,0x00,0x00,0x00,0x00,0x00,0x00,0x00,0x00,0x00,0x00,0x00,0x00,0x00,0x00,0x00,0x00,0x00,0x00,0x00,0x00,0x00,0x00,
    0x00,0x00,0x00,0x00,0x00,0x00,0x00,0x00,0x00,0x00,0x00,0x00,0x00,0x00,0x00,0x00,0x00,0x00,0x00,0x00,0x00,0x00,0x00,0x00,
    0x00,0x00,0x00,0x00,0x00,0x00,0x00,0x00,0x00,0x00,0x00,0x00,0x00,0x00,0x00,0x00,0x00,0x00,0x00,0x00,0x00,0x00,0x00,0x00,
    0x00,0x00,0x00,0x00,0x00,0x00,0x00,0x00,0x00,0x00,0x00,0x00,0x00,0x00,0x00,0x00,0x00,0x00,0x00,0x00,0x00,0x00,0x00,0x00,
    0x00,0x00,0x00,0x00,0x00,0x00,0x00,0x00,0x00,0x00,0x00,0x00,0x00,0x00,0x00,0x00,0x00,0x00,0x00,0x00,0x00,0x00,0x00,0x00,
    0x00,0x00,0x00,0x00,0x00,0x00,0x00,0x00,0x00,0x00,0x00,0x00,0x00,0x00,0x00,0x00,0x00,0x00,0x00,0x00,0x00,0x00,0x00,0x00,
    0x00,0x00,0x00,0x00,0x00,0x00,0x00,0x00,0x00,0x00,0x00,0x00,0x00,0x00,0x00,0x00,0x00,0x00,0x00,0x00,0x00,0x00,0x00,0x00,
    0x00,0x00,0x00,0x00,0x00,0x00,0x00,0x00,0x00,0x00,0x00,0x00,0x00,0x00,0x00,0x00,0x00,0x00,0x00,0x00,0x00,0x00,0x00,0x00,
    0x00,0x00,0x00,0x00,0x00,0x00,0x00,0x00,0x00,0x00,0x00,0x00,0x00,0x00,0x00,0x00,0x00,0x00,0x00,0x00,0x00,0x00,0x00,0x00,
    0x00,0x00,0x00,0x00,0x00,0x00,0x00,0x00,0x00,0x00,0x00,0x00,0x00,0x00,0x00,0x00,0x00,0x00,0x00,0x00,0x00,0x00,0x00,0x00,
    0x00,0x00,0x00,0x00,0x00,0x00,0x00,0x00,0x00,0x00,0x00,0x00,0x00,0x00,0x00,0x00,0x00,0x00,0x00,0x00,0x00,0x00,0x00,0x00,
    0x00,0x00,0x00,0x00,0x00,0x00,0x00,0x00,0x00,0x00,0x00,0x00,0x00,0x00,0x00,0x00,0x00,0x00,0x00,0x00,0x00,0x00,0x00,0x00,
    0x00,0x00,0x00,0x00,0x00,0x00,0x00,0x00,0x00,0x00,0x00,0x00,0x00,0x00,0x00,0x00,0x00,0x00,0x00,0x00,0x00,0x00,0x00,0x00,
    0x00,0x00,0x00,0x00,0x00,0x00,0x00,0x00,0x00,0x00,0x00,0x00,0x00,0x00,0x00,0x00,0x00,0x00,0x00,0x00,0x00,0x00,0x00,0x00,
    0x00,0x00,0x00,0x00,0x00,0x00,0x00,0x00,0x00,0x00,0x00,0x00,0x00,0x00,0x00,0x00,0x00,0x00,0x00,0x00,0x00,0x00,0x00,0x00,
    0x00,0x00,0x00,0x00,0x00,0x00,0x00,0x00,0x00,0x00,0x00,0x00,0x00,0x00,0x00,0x00,0x00,0x00,0x00,0x00,0x00,0x00,0x00,0x00,
    0x00,0x00,0x00,0x00,0x00,0x00,0x00,0x00,0x00,0x00,0x00,0x00,0x00,0x00,0x00,0x00,0x00,0x00,0x00,0x00,0x00,0x00,0x00,0x00,
    0x00,0x00,0x00,0x00,0x00,0x00,0x00,0x00,0x00,0x00,0x00,0x00,0x00,0x00,0x00,0x00,0x00,0x00,0x00,0x00,0x00,0x00,0x00,0x00,
    0x00,0x00,0x00,0x00,0x00,0x00,0x00,0x00,0x00,0x00,0x00,0x00,0x00,0x00,0x00,0x00,0x00,0x00,0x00,0x00,0x00,0x00,0x00,0x00,
    0x00,0x00,0x00,0x00,0x00,0x00,0x00,0x00,0x00,0x00,0x00,0x00,0x00,0x00,0x00,0x00,0x00,0x00,0x00,0x00,0x00,0x00,0x00,0x00,
    0x00,0x00,0x00,0x00,0x00,0x00,0x00,0x00,0x00,0x00,0x00,0x00,0x00,0x00,0x00,0x00,0x00,0x00,0x00,0x00,0x00,0x00,0x00,0x00,
    0x00,0x00,0x00,0x00,0x00,0x00,0x00,0x00,0x00,0x00,0x00,0x00,0x00,0x00,0x00,0x00,0x00,0x00,0x00,0x00,0x00,0x00,0x00,0x00,
    0x00,0x00,0x00,0x00,0x00,0x00,0x00,0x00,0x00,0x00,0x00,0x00,0x00,0x00,0x00,0x00,0x00,0x00,0x00,0x00,0x00,0x00,0x00,0x00,
    0x00,0x00,0x00,0x00,0x00,0x00,0x00,0x00,0x00,0x00,0x00,0x00,0x00,0x00,0x00,0x00,0x00,0x00,0x00,0x00,0x00,0x00,0x00,0x00,
    0x00,0x00,0x00,0x00,0x00,0x00,0x00,0x00,0x00,0x00,0x00,0x00,0x00,0x00,0x00,0x00,0x00,0x00,0x00,0x00,0x00,0x00,0x00,0x00,
    0x00,0x00,0x00,0x00,0x00,0x00,0x00,0x00,0x00,0x00,0x00,0x00,0x00,0x00,0x00,0x00,0x00,0x00,0x00,0x00,0x00,0x00,0x00,0x00,
    0x00,0x00,0x00,0x00,0x00,0x00,0x00,0x00,0x00,0x00,0x00,0x00,0x00,0x00,0x00,0x00,0x00,0x00,0x00,0x00,0x00,0x00,0x00,0x00,
    0x00,0x00,0x00,0x00,0x00,0x00,0x00,0x00,0x00,0x00,0x00,0x00,0x00,0x00,0x00,0x00,0x00,0x00,0x00,0x00,0x00,0x00,0x00,0x00,
    0x00,0x00,0x00,0x00,0x00,0x00,0x00,0x00,0x00,0x00,0x00,0x00,0x00,0x00,0x00,0x00,0x00,0x00,0x00,0x00,0x00,0x00,0x00,0x00,
    0x00,0x00,0x00,0x00,0x00,0x00,0x00,0x00,0x00,0x00,0x00,0x00,0x00,0x00,0x00,0x00,0x00,0x00,0x00,0x00,0x00,0x00,0x00,0x00,
    0x00,0x00,0x00,0x00,0x00,0x00,0x00,0x00,0x00,0x00,0x00,0x00,0x00,0x00,0x00,0x00,0x00,0x00,0x00,0x00,0x00,0x00,0x00,0x00,
    0x00,0x00,0x00,0x00,0x00,0x00,0x00,0x00,0x00,0x00,0x00,0x00,0x00,0x00,0x00,0x00,0x00,0x00,0x00,0x00,0x00,0x00,0x00,0x00,
    0x00,0x00,0x00,0x00,0x00,0x00,0x00,0x00,0x00,0x00,0x00,0x00,0x00,0x00,0x00,0x00,0x00,0x00,0x00,0x00,0x00,0x00,0x00,0x00,
    0x00,0x00,0x00,0x00,0x00,0x00,0x00,0x00,0x00,0x00,0x00,0x00,0x00,0x00,0x00,0x00,0x00,0x00,0x00,0x00,0x00,0x00,0x00,0x00,
    0x00,0x00,0x00,0x00,0x00,0x00,0x00,0x00,0x00,0x00,0x00,0x00,0x00,0x00,0x00,0x00,0x00,0x00,0x00,0x00,0x00,0x00,0x00,0x00,
    0x00,0x00,0x00,0x00,0x00,0x00,0x00,0x00,0x00,0x00,0x00,0x00,0x00,0x00,0x00,0x00,0x00,0x00,0x00,0x00,0x00,0x00,0x00,0x00,
    0x00,0x00,0x00,0x00,0x00,0x00,0x00,0x00,0x00,0x00,0x00,0x00,0x00,0x00,0x00,0x00,0x00,0x00,0x00,0x00,0x00,0x00,0x00,0x00,
    0x00,0x00,0x00,0x00,0x00,0x00,0x00,0x00,0x00,0x00,0x00,0x00,0x00,0x00,0x00,0x00,0x00,0x00,0x00,0x00,0x00,0x00,0x00,0x00,
    0x00,0x00,0x00,0x00,0x00,0x00,0x00,0x00,0x00,0x00,0x00,0x00,0x00,0x00,0x00,0x00,0x00,0x00,0x00,0x00,0x00,0x00,0x00,0x00,
    0x00,0x00,0x00,0x00,0x00,0x00,0x00,0x00,0x00,0x00,0x00,0x00,0x00,0x00,0x00,0x00,0x00,0x00,0x00,0x00,0x00,0x00,0x00,0x00,
    0x00,0x00,0x00,0x00,0x00,0x00,0x00,0x00,0x00,0x00,0x00,0x00,0x00,0x00,0x00,0x00,0x00,0x00,0x00,0x00,0x00,0x00,0x00,0x00,
    0x00,0x00,0x00,0x00,0x00,0x00,0x00,0x00,0x00,0x00,0x00,0x00,0x00,0x00,0x00,0x00,0x00,0x00,0x00,0x00,0x00,0x00,0x00,0x00,
    0x00,0x00,0x00,0x00,0x00,0x00,0x00,0x00,0x00,0x00,0x00,0x00,0x00,0x00,0x00,0x00,0x00,0x00,0x00,0x00,0x00,0x00,0x00,0x00,
    0x00,0x00,0x00,0x00,0x00,0x00,0x00,0x00,0x00,0x00,0x00,0x00,0x00,0x00,0x00,0x00,0x00,0x00,0x00,0x00,0x00,0x00,0x00,0x00,
    0x00,0x00,0x00,0x00,0x00,0x00,0x00,0x00,0x00,0x00,0x00,0x00,0x00,0x00,0x00,0x00,0x00,0x00,0x00,0x00,0x00,0x00,0x00,0x00,
    0x00,0x00,0x00,0x00,0x00,0x00,0x00,0x00,0x00,0x00,0x00,0x00,0x00,0x00,0x00,0x00,0x00,0x00,0x00,0x00,0x00,0x00,0x00,0x00,
    0x00,0x00,0x00,0x00,0x00,0x00,0x00,0x00,0x00,0x00,0x00,0x00,0x00,0x00,0x00,0x00,0x00,0x00,0x00,0x00,0x00,0x00,0x00,0x00,
    0x00,0x00,0x00,0x00,0x00,0x00,0x00,0x00,0x00,0x00,0x00,0x00,0x00,0x00,0x00,0x00,0x00,0x00,0x00,0x00,0x00,0x00,0x00,0x00,
    0x00,0x00,0x00,0x00,0x00,0x00,0x00,0x00,0x00,0x00,0x00,0x00,0x00,0x00,0x00,0x00,0x00,0x00,0x00,0x00,0x00,0x00,0x00,0x00,
    0x00,0x00,0x00,0x00,0x00,0x00,0x00,0x00,0x00,0x00,0x00,0x00,0x00,0x00,0x00,0x00,0x00,0x00,0x00,0x00,0x00,0x00,0x00,0x00,
    0x00,0x00,0x00,0x00,0x00,0x00,0x00,0x00,0x00,0x00,0x00,0x00,0x00,0x00,0x00,0x00,0x00,0x00,0x00,0x00,0x00,0x00,0x00,0x00,
    0x00,0x00,0x00,0x00,0x00,0x00,0x00,0x00,0x00,0x00,0x00,0x00,0x00,0x00,0x00,0x00,0x00,0x00,0x00,0x00,0x00,0x00,0x00,0x00,
    0x00,0x00,0x00,0x00,0x00,0x00,0x00,0x00,0x00,0x00,0x00,0x00,0x00,0x00,0x00,0x00,0x00,0x00,0x00,0x00,0x00,0x00,0x00,0x00,
    0x00,0x00,0x00,0x00,0x00,0x00,0x00,0x00,0x00,0x00,0x00,0x00,0x00,0x00,0x00,0x00,0x00,0x00,0x00,0x00,0x00,0x00,0x00,0x00,
    0x00,0x00,0x00,0x00,0x00,0x00,0x00,0x00,0x00,0x00,0x00,0x00,0x00,0x00,0x00,0x00,0x00,0x00,0x00,0x00,0x00,0x00,0x00,0x00,
    0x00,0x00,0x00,0x00,0x00,0x00,0x00,0x00,0x00,0x00,0x00,0x00,0x00,0x00,0x00,0x00,0x00,0x00,0x00,0x00,0x00,0x00,0x00,0x00,
    0x00,0x00,0x00,0x00,0x00,0x00,0x00,0x00,0x00,0x00,0x00,0x00,0x00,0x00,0x00,0x00,0x00,0x00,0x00,0x00,0x00,0x00,0x00,0x00,
    0x00,0x00,0x00,0x00,0x00,0x00,0x00,0x00,0x00,0x00,0x00,0x00,0x00,0x00,0x00,0x00,0x00,0x00,0x00,0x00,0x00,0x00,0x00,0x00,
    0x00,0x00,0x00,0x00,0x00,0x00,0x00,0x00,0x00,0x00,0x00,0x00,0x00,0x00,0x00,0x00,0x00,0x00,0x00,0x00,0x00,0x00,0x00,0x00,
    0x00,0x00,0x00,0x00,0x00,0x00,0x00,0x00,0x00,0x00,0x00,0x00,0x00,0x00,0x00,0x00,0x00,0x00,0x00,0x00,0x00,0x00,0x00,0x00,
    0x00,0x00,0x00,0x00,0x00,0x00,0x00,0x00,0x00,0x00,0x00,0x00,0x00,0x00,0x00,0x00,0x00,0x00,0x00,0x00,0x00,0x00,0x00,0x00,
    0x00,0x00,0x00,0x00,0x00,0x00,0x00,0x00,0x00,0x00,0x00,0x00,0x00,0x00,0x00,0x00,0x00,0x00,0x00,0x00,0x00,0x00,0x00,0x00,
    0x00,0x00,0x00,0x00,0x00,0x00,0x00,0x00,0x00,0x00,0x00,0x00,0x00,0x00,0x00,0x00,0x00,0x00,0x00,0x00,0x00,0x00,0x00,0x00,
    0x00,0x00,0x00,0x00,0x00,0x00,0x00,0x00,0x00,0x00,0x00,0x00,0x00,0x00,0x00,0x00,0x00,0x00,0x00,0x00,0x00,0x00,0x00,0x00,
    0x00,0x00,0x00,0x00,0x00,0x00,0x00,0x00,0x00,0x00,0x00,0x00,0x00,0x00,0x00,0x00,0x00,0x00,0x00,0x00,0x00,0x00,0x00,0x00,
    0x00,0x00,0x00,0x00,0x00,0x00,0x00,0x00,0x00,0x00,0x00,0x00,0x00,0x00,0x00,0x00,0x00,0x00,0x00,0x00,0x00,0x00,0x00,0x00,
    0x00,0x00,0x00,0x00,0x00,0x00,0x00,0x00,0x00,0x00,0x00,0x00,0x00,0x00,0x00,0x00,0x00,0x00,0x00,0x00,0x00,0x00,0x00,0x00,
    0x00,0x00,0x00,0x00,0x00,0x00,0x00,0x00,0x00,0x00,0x00,0x00,0x00,0x00,0x00,0x00,0x00,0x00,0x00,0x00,0x00,0x00,0x00,0x00,
    0x00,0x00,0x00,0x00,0x00,0x00,0x00,0x00,0x00,0x00,0x00,0x00,0x00,0x00,0x00,0x00,0x00,0x00,0x00,0x00,0x00,0x00,0x00,0x00,
    0x00,0x00,0x00,0x00,0x00,0x00,0x00,0x00,0x00,0x00,0x00,0x00,0x00,0x00,0x00,0x00,0x00,0x00,0x00,0x00,0x00,0x00,0x00,0x00,
    0x00,0x00,0x00,0x00,0x00,0x00,0x00,0x00,0x00,0x00,0x00,0x00,0x00,0x00,0x00,0x00,0x00,0x00,0x00,0x00,0x00,0x00,0x00,0x00,
    0x00,0x00,0x00,0x00,0x00,0x00,0x00,0x00,0x00,0x00,0x00,0x00,0x00,0x00,0x00,0x00,0x00,0x00,0x00,0x00,0x00,0x00,0x00,0x00,
    0x00,0x00,0x00,0x00,0x00,0x00,0x00,0x00,0x00,0x00,0x00,0x00,0x00,0x00,0x00,0x00,0x00,0x00,0x00,0x00,0x00,0x00,0x00,0x00,
    0x00,0x00,0x00,0x00,0x00,0x00,0x00,0x00,0x00,0x00,0x00,0x00,0x00,0x00,0x00,0x00,0x00,0x00,0x00,0x00,0x00,0x00,0x00,0x00,
    0x00,0x00,0x00,0x00,0x00,0x00,0x00,0x00,0x00,0x00,0x00,0x00,0x00,0x00,0x00,0x00,0x00,0x00,0x00,0x00,0x00,0x00,0x00,0x00,
    0x00,0x00,0x00,0x00,0x00,0x00,0x00,0x00,0x00,0x00,0x00,0x00,0x00,0x00,0x00,0x00,0x00,0x00,0x00,0x00,0x00,0x00,0x00,0x00,
    0x00,0x00,0x00,0x00,0x00,0x00,0x00,0x00,0x00,0x00,0x00,0x00,0xe7,0x28,0x4a,0x00,0x88,0x41,0x4a,0x00,0x00,0x00,0x00,0x00,
    0x00,0x00,0x00,0x00,0x8c,0x29,0x4a,0x00,0x00,0x00,0x00,0x00,0x00,0x00,0x00,0x00,0x00,0x00,0x00,0x00,0x00,0x00,0x00,0x00,
    0x7f,0x00,0x00,0x00,0x03,0x00,0x00,0x00,0x03,0x00,0x00,0x00,0x04,0x00,0x00,0x00,0x05,0x00,0x00,0x00,0x05,0x00,0x00,0x00,
    0x05,0x00,0x00,0x00,0x06,0x00,0x00,0x00,0x07,0x00,0x00,0x00,0x07,0x00,0x00,0x00,0x07,0x00,0x00,0x00,0x00,0x00,0x00,0x00,
    0x01,0x00,0x00,0x00,0x01,0x00,0x00,0x00,0x01,0x00,0x00,0x00,0x02,0x00,0x00,0x00,0x03,0x00,0x00,0x00,0x7f,0x00,0x00,0x00,
    0x43,0x61,0x73,0x74,0x6c,0x65,0x20,0x4d,0x61,0x74,0x74,0x65,0x2e,0x6c,0x6c,0x73,0x00,0x00,0x00,0x00,0x43,0x41,0x53,0x54,
    0x4c,0x45,0x20,0x4c,0x45,0x56,0x45,0x4c,0x20,0x31,0x00,0x00,0x00,0x00,0x00,0x00,0x7f,0x00,0x00,0x00,0x05,0x00,0x00,0x00,
    0x02,0x00,0x00,0x00,0x03,0x00,0x00,0x00,0x04,0x00,0x00,0x00,0x90,0x02,0x00,0x00,0xc0,0x01,0x00,0x00,0xe0,0xff,0xff,0xff,
    0x10,0xfe,0xff,0xff,0x00,0x00,0x00,0x00,0x20,0x41,0x4b,0x00,0x00,0x00,0x00,0x00,0x00,0x00,0x00,0x00,0x14,0x41,0x4b,0x00,
    0x00,0x00,0x00,0x00,0x00,0x00,0x00,0x00,0x08,0x41,0x4b,0x00,0x00,0x00,0x00,0x00,0x00,0x00,0x00,0x00,0xf8,0x40,0x4b,0x00,
    0x00,0x00,0x00,0x00,0x00,0x00,0x00,0x00,0x64,0x75,0x6e,0x6b,0x65,0x72,0x30,0x31,0x2e,0x77,0x61,0x76,0x00,0x00,0x00,0x00,
    0x44,0x75,0x6e,0x6b,0x30,0x33,0x2e,0x77,0x61,0x76,0x00,0x00,0x44,0x75,0x6e,0x6b,0x30,0x32,0x2e,0x77,0x61,0x76,0x00,0x00,
    0x44,0x75,0x6e,0x6b,0x30,0x31,0x2e,0x77,0x61,0x76,0x00,0x00,0x43,0x41,0x54,0x41,0x50,0x55,0x4c,0x54,0x00,0x00,0x00,0x00,
    0x7f,0x00,0x00,0x00,0x00,0x00,0x00,0x00,0xa4,0x43,0x4b,0x00,0x00,0x00,0x00,0x00,0x00,0x00,0x00,0x00,0x8c,0x43,0x4b,0x00,
    0x00,0x00,0x00,0x00,0x00,0x00,0x00,0x00,0x74,0x43,0x4b,0x00,0x00,0x00,0x00,0x00,0x00,0x00,0x00,0x00,0x58,0x43,0x4b,0x00,
    0x00,0x00,0x00,0x00,0x00,0x00,0x00,0x00,0x4c,0x43,0x4b,0x00,0x3c,0x43,0x4b,0x00,0x30,0x43,0x4b,0x00,0x20,0x43,0x4b,0x00,
    0x14,0x43,0x4b,0x00,0x04,0x43,0x4b,0x00,0xf8,0x42,0x4b,0x00,0xec,0x42,0x4b,0x00,0xe0,0x42,0x4b,0x00,0xd0,0x42,0x4b,0x00,
    0x00,0x00,0x00,0x00,0xff,0xff,0xff,0xff,0x01,0x00,0x00,0x00,0x00,0x00,0x00,0x00,0x01,0x00,0x00,0x00,0x00,0x00,0x00,0x00,
    0x01,0x00,0x00,0x00,0x00,0x00,0x00,0x00,0xff,0xff,0xff,0xff,0xff,0xff,0xff,0xff,0xff,0xff,0xff,0xff,0xff,0xff,0xff,0xff,
    0x06,0x00,0x00,0x00,0x98,0x41,0x4b,0x00,0x00,0x00,0x00,0x00,0xff,0xff,0xff,0xff,0xff,0xff,0xff,0xff,0x00,0x00,0x00,0x00,
    0x00,0x00,0x00,0x00,0xff,0xff,0xff,0xff,0x00,0x00,0x00,0x00,0xfc,0xff,0xff,0xff,0xfd,0xff,0xff,0xff,0xff,0xff,0xff,0xff,
    0x01,0x00,0x00,0x00,0x00,0x00,0x00,0x00,0x01,0x00,0x00,0x00,0x00,0x00,0x00,0x00,0x07,0x00,0x00,0x00,0xd0,0x41,0x4b,0x00,
    0x00,0x00,0x00,0x00,0xff,0xff,0xff,0xff,0xff,0xff,0xff,0xff,0xff,0xff,0xff,0xff,0x02,0x00,0x00,0x00,0xfc,0xff,0xff,0xff,
    0x02,0x00,0x00,0x00,0xfe,0xff,0xff,0xff,0xfe,0xff,0xff,0xff,0x00,0x00,0x00,0x00,0x00,0x00,0x00,0x00,0xff,0xff,0xff,0xff,
    0x06,0x00,0x00,0x00,0x10,0x42,0x4b,0x00,0x00,0x00,0x00,0x00,0xff,0xff,0xff,0xff,0x04,0x00,0x00,0x00,0xff,0xff,0xff,0xff,
    0x00,0x00,0x00,0x00,0xff,0xff,0xff,0xff,0xff,0xff,0xff,0xff,0xff,0xff,0xff,0xff,0xff,0xff,0xff,0xff,0xfe,0xff,0xff,0xff,
    0x05,0x00,0x00,0x00,0x48,0x42,0x4b,0x00,0x00,0x00,0x00,0x00,0xff,0xff,0xff,0xff,0xff,0xff,0xff,0xff,0xff,0xff,0xff,0xff,
    0x00,0x00,0x00,0x00,0xff,0xff,0xff,0xff,0x00,0x00,0x00,0x00,0xff,0xff,0xff,0xff,0x04,0x00,0x00,0x00,0x78,0x42,0x4b,0x00,
    0x00,0x00,0x00,0x00,0x01,0x00,0x00,0x00,0x02,0x00,0x00,0x00,0x00,0x00,0x00,0x00,0x02,0x00,0x00,0x00,0x01,0x00,0x00,0x00,
    0x01,0x00,0x00,0x00,0xff,0xff,0xff,0xff,0xff,0xff,0xff,0xff,0xff,0xff,0xff,0xff,0x01,0x00,0x00,0x00,0x01,0x00,0x00,0x00,
    0x6d,0x63,0x6f,0x70,0x5f,0x62,0x32,0x6d,0x2e,0x6c,0x6c,0x73,0x00,0x00,0x00,0x00,0x6d,0x63,0x6f,0x70,0x5f,0x79,0x6d,0x2e,
    0x6c,0x6c,0x73,0x00,0x6d,0x63,0x6f,0x70,0x5f,0x72,0x6d,0x2e,0x6c,0x6c,0x73,0x00,0x6d,0x63,0x6f,0x70,0x5f,0x67,0x6d,0x2e,
    0x6c,0x6c,0x73,0x00,0x6d,0x63,0x6f,0x70,0x5f,0x62,0x31,0x6d,0x2e,0x6c,0x6c,0x73,0x00,0x00,0x00,0x00,0x6d,0x63,0x6f,0x70,
    0x5f,0x79,0x73,0x2e,0x6c,0x6c,0x73,0x00,0x6d,0x63,0x6f,0x70,0x5f,0x62,0x31,0x73,0x2e,0x6c,0x6c,0x73,0x00,0x00,0x00,0x00,
    0x6d,0x63,0x6f,0x70,0x5f,0x72,0x73,0x2e,0x6c,0x6c,0x73,0x00,0x6d,0x63,0x6f,0x70,0x5f,0x62,0x32,0x73,0x2e,0x6c,0x6c,0x73,
    0x00,0x00,0x00,0x00,0x6d,0x63,0x6f,0x70,0x5f,0x67,0x73,0x2e,0x6c,0x6c,0x73,0x00,0x48,0x65,0x6c,0x69,0x63,0x6f,0x70,0x74,
    0x65,0x72,0x20,0x62,0x72,0x65,0x61,0x6b,0x64,0x6f,0x77,0x6e,0x2e,0x77,0x61,0x76,0x00,0x00,0x00,0x00,0x48,0x65,0x6c,0x69,
    0x63,0x6f,0x70,0x74,0x65,0x72,0x20,0x4c,0x61,0x6e,0x64,0x69,0x6e,0x67,0x2e,0x77,0x61,0x76,0x00,0x00,0x48,0x65,0x6c,0x69,
    0x63,0x6f,0x70,0x74,0x65,0x72,0x20,0x46,0x6c,0x79,0x69,0x6e,0x67,0x2e,0x77,0x61,0x76,0x00,0x00,0x00,0x48,0x65,0x6c,0x69,
    0x63,0x6f,0x70,0x74,0x65,0x72,0x20,0x74,0x61,0x6b,0x65,0x6f,0x66,0x66,0x2e,0x77,0x61,0x76,0x00,0x00,0x63,0x6f,0x70,0x5f,
    0x62,0x61,0x73,0x65,0x20,0x4d,0x61,0x74,0x74,0x65,0x2e,0x6c,0x6c,0x73,0x00,0x00,0x33,0x64,0x64,0x61,0x74,0x61,0x5c,0x63,
    0x6f,0x70,0x74,0x65,0x72,0x73,0x2e,0x70,0x6f,0x73,0x00,0x00,0x43,0x4f,0x50,0x54,0x45,0x52,0x53,0x00,0x00,0x00,0x00,0x00,
    0x7f,0x00,0x00,0x00,0x00,0x00,0x00,0x00,0xc0,0x44,0x4b,0x00,0x00,0x00,0x00,0x00,0x00,0x00,0x00,0x00,0xb4,0x44,0x4b,0x00,
    0x00,0x00,0x00,0x00,0x01,0x00,0x00,0x00,0xa8,0x44,0x4b,0x00,0x00,0x00,0x00,0x00,0x01,0x00,0x00,0x00,0x9c,0x44,0x4b,0x00,
    0x00,0x00,0x00,0x00,0x01,0x00,0x00,0x00,0x90,0x44,0x4b,0x00,0x00,0x00,0x00,0x00,0x01,0x00,0x00,0x00,0x84,0x44,0x4b,0x00,
    0x00,0x00,0x00,0x00,0x01,0x00,0x00,0x00,0x00,0x00,0x00,0x00,0xfc,0xff,0xff,0xff,0x08,0x00,0x00,0x00,0x07,0x00,0x00,0x00,
    0x00,0x00,0x00,0x00,0x00,0x00,0x00,0x00,0xfd,0xff,0xff,0xff,0xfc,0xff,0xff,0xff,0x00,0x00,0x00,0x00,0xff,0xff,0xff,0xff,
    0x00,0x00,0x00,0x00,0x00,0x00,0x00,0x00,0xff,0xff,0xff,0xff,0x00,0x00,0x00,0x00,0x04,0x00,0x00,0x00,0x08,0x00,0x00,0x00,
    0x00,0x00,0x00,0x00,0x43,0x61,0x72,0x30,0x36,0x2e,0x77,0x61,0x76,0x00,0x00,0x00,0x43,0x61,0x72,0x30,0x35,0x2e,0x77,0x61,
    0x76,0x00,0x00,0x00,0x43,0x61,0x72,0x30,0x34,0x2e,0x77,0x61,0x76,0x00,0x00,0x00,0x43,0x61,0x72,0x30,0x33,0x2e,0x77,0x61,
    0x76,0x00,0x00,0x00,0x43,0x61,0x72,0x30,0x32,0x2e,0x77,0x61,0x76,0x00,0x00,0x00,0x52,0x61,0x62,0x4f,0x6c,0x64,0x5c,0x45,
    0x6e,0x67,0x69,0x6e,0x65,0x20,0x73,0x74,0x61,0x72,0x74,0x2e,0x77,0x61,0x76,0x00,0x64,0x73,0x5f,0x63,0x61,0x72,0x26,0x6d,
    0x2e,0x6c,0x6c,0x73,0x00,0x00,0x00,0x00,0x2e,0x5c,0x33,0x64,0x64,0x61,0x74,0x61,0x5c,0x72,0x65,0x64,0x2e,0x63,0x6f,0x6c,
    0x00,0x00,0x00,0x00,0x2e,0x5c,0x33,0x64,0x64,0x61,0x74,0x61,0x5c,0x79,0x65,0x6c,0x2e,0x63,0x6f,0x6c,0x00,0x00,0x00,0x00,
    0x2e,0x5c,0x33,0x64,0x64,0x61,0x74,0x61,0x5c,0x62,0x6c,0x75,0x2e,0x63,0x6f,0x6c,0x00,0x00,0x00,0x00,0x44,0x53,0x63,0x68,
    0x6f,0x6f,0x6c,0x20,0x4d,0x61,0x74,0x74,0x65,0x2e,0x6c,0x6c,0x73,0x00,0x00,0x00,0x44,0x53,0x43,0x48,0x4f,0x4f,0x4c,0x20,
    0x42,0x4c,0x55,0x45,0x20,0x43,0x41,0x52,0x00,0x00,0x00,0x00,0x44,0x53,0x43,0x48,0x4f,0x4f,0x4c,0x20,0x4d,0x41,0x50,0x50,
    0x49,0x4e,0x47,0x00,0x44,0x72,0x69,0x76,0x69,0x6e,0x67,0x20,0x53,0x63,0x68,0x6f,0x6f,0x6c,0x20,0x52,0x6f,0x61,0x64,0x73,
    0x00,0x00,0x00,0x00,0x00,0x00,0x00,0x00,0x7f,0x00,0x00,0x00,0x00,0x00,0x00,0x00,0xff,0xff,0xff,0xff,0xfd,0xff,0xff,0xff,
    0x03,0x00,0x00,0x00,0x03,0x00,0x00,0x00,0x66,0x6f,0x72,0x74,0x6d,0x61,0x73,0x6b,0x2e,0x6c,0x6c,0x73,0x00,0x00,0x00,0x00,
    0x46,0x4f,0x52,0x54,0x00,0x00,0x00,0x00,0x7f,0x00,0x00,0x00,0x00,0x00,0x00,0x00,0x00,0x00,0x00,0x00,0xcd,0xcc,0x4c,0x3f,
    0x00,0x00,0x00,0x00,0xcd,0xcc,0x4c,0x3e,0x01,0x00,0x00,0x00,0xcd,0xcc,0x4c,0x3f,0x01,0x00,0x00,0x00,0xcd,0xcc,0x4c,0x3e,
    0x02,0x00,0x00,0x00,0xcd,0xcc,0x4c,0x3f,0x02,0x00,0x00,0x00,0xcd,0xcc,0x4c,0x3e,0xfe,0xff,0xff,0xff,0x00,0x00,0x00,0x00,
    0x00,0x00,0x00,0x00,0xfa,0xff,0xff,0xff,0xfa,0xff,0xff,0xff,0x00,0x00,0x00,0x00,0x00,0x00,0x00,0x00,0x01,0x00,0x00,0x00,
    0x03,0x00,0x00,0x00,0x00,0x00,0x00,0x00,0x05,0x00,0x00,0x00,0xe0,0x45,0x4b,0x00,0x00,0x04,0x00,0x00,0x60,0x00,0x00,0x00,
    0x00,0x04,0x00,0x00,0xd0,0x03,0x00,0x00,0x00,0x04,0x00,0x00,0x00,0x07,0x00,0x00,0x67,0x6f,0x6c,0x64,0x6d,0x61,0x73,0x6b,
    0x2e,0x6c,0x6c,0x73,0x00,0x00,0x00,0x00,0x67,0x6f,0x6c,0x64,0x77,0x61,0x73,0x68,0x6d,0x61,0x74,0x74,0x65,0x32,0x2e,0x6c,
    0x6c,0x73,0x00,0x00,0x67,0x6f,0x6c,0x64,0x77,0x61,0x73,0x68,0x2e,0x6c,0x6c,0x73,0x00,0x00,0x00,0x00,0x67,0x6f,0x6c,0x64,
    0x77,0x61,0x73,0x68,0x6d,0x61,0x74,0x74,0x65,0x31,0x2e,0x6c,0x6c,0x73,0x00,0x00,0x47,0x4f,0x4c,0x44,0x20,0x52,0x55,0x53,
    0x48,0x00,0x00,0x00,0x00,0x00,0x00,0x00,0x7f,0x00,0x00,0x00,0x00,0x00,0x00,0x00,0x94,0x46,0x4b,0x00,0x00,0x00,0x00,0x00,
    0x00,0x00,0x00,0x00,0x4a,0x6f,0x75,0x73,0x74,0x20,0x48,0x6f,0x72,0x73,0x65,0x73,0x2e,0x77,0x61,0x76,0x00,0x00,0x00,0x00,
    0x5a,0x62,0x75,0x66,0x66,0x65,0x72,0x73,0x5c,0x6a,0x6f,0x75,0x73,0x74,0x72,0x69,0x64,0x65,0x2e,0x62,0x6e,0x76,0x00,0x00,
    0x7a,0x5f,0x6a,0x6f,0x75,0x73,0x74,0x2e,0x6c,0x6c,0x73,0x00,0x4a,0x6f,0x75,0x73,0x74,0x5f,0x53,0x70,0x65,0x63,0x4c,0x5f,
    0x6d,0x2e,0x6c,0x6c,0x73,0x00,0x00,0x00,0x4a,0x6f,0x75,0x73,0x74,0x5f,0x53,0x70,0x65,0x63,0x52,0x5f,0x6d,0x2e,0x6c,0x6c,
    0x73,0x00,0x00,0x00,0x4a,0x6f,0x75,0x73,0x74,0x5f,0x66,0x6d,0x61,0x73,0x6b,0x2e,0x6c,0x6c,0x73,0x00,0x25,0x30,0x32,0x64,
    0x00,0x00,0x00,0x00,0x6d,0x61,0x6e,0x42,0x6f,0x78,0x3f,0x3f,0x00,0x00,0x00,0x00,0x4a,0x4f,0x55,0x53,0x54,0x00,0x00,0x00,
    0x7f,0x00,0x00,0x00,0x00,0x00,0x00,0x00,0x00,0x00,0x00,0x00,0x00,0x00,0x00,0x00,0x02,0x00,0x00,0x00,0x02,0x00,0x00,0x00,
    0x00,0x00,0x00,0x00,0x06,0x00,0x00,0x00,0x07,0x00,0x00,0x00,0x08,0x00,0x00,0x00,0x09,0x00,0x00,0x00,0x04,0x00,0x00,0x00,
    0x05,0x00,0x00,0x00,0x00,0x00,0x00,0x00,0x01,0x00,0x00,0x00,0x02,0x00,0x00,0x00,0x03,0x00,0x00,0x00,0x0a,0x00,0x00,0x00,
    0xd4,0x48,0x4b,0x00,0xc8,0x48,0x4b,0x00,0xbc,0x48,0x4b,0x00,0xb0,0x48,0x4b,0x00,0xa4,0x48,0x4b,0x00,0x98,0x48,0x4b,0x00,
    0x8c,0x48,0x4b,0x00,0x80,0x48,0x4b,0x00,0x74,0x48,0x4b,0x00,0x68,0x48,0x4b,0x00,0x74,0x48,0x4b,0x00,0x00,0x00,0x00,0x00,
    0x00,0x00,0x00,0x00,0xff,0xff,0xff,0xff,0x03,0x00,0x00,0x00,0x00,0x00,0x00,0x00,0x00,0x00,0x00,0x00,0xfe,0xff,0xff,0xff,
    0xfc,0xff,0xff,0xff,0x00,0x00,0x00,0x00,0x04,0x00,0x00,0x00,0x98,0x47,0x4b,0x00,0x00,0x00,0x00,0x00,0x00,0x00,0x00,0x00,
    0x00,0x00,0x00,0x00,0x01,0x00,0x00,0x00,0x03,0x00,0x00,0x00,0x00,0x00,0x00,0x00,0x00,0x00,0x00,0x00,0x03,0x00,0x00,0x00,
    0xfc,0xff,0xff,0xff,0x00,0x00,0x00,0x00,0x05,0x00,0x00,0x00,0xc0,0x47,0x4b,0x00,0x00,0x00,0x00,0x00,0x03,0x00,0x00,0x00,
    0x00,0x00,0x00,0x00,0x04,0x00,0x00,0x00,0x05,0x00,0x00,0x00,0x00,0x00,0x00,0x00,0x02,0x00,0x00,0x00,0xf0,0x47,0x4b,0x00,
    0x00,0x00,0x00,0x00,0x03,0x00,0x00,0x00,0x00,0x00,0x00,0x00,0x04,0x00,0x00,0x00,0x05,0x00,0x00,0x00,0x00,0x00,0x00,0x00,
    0x02,0x00,0x00,0x00,0x10,0x48,0x4b,0x00,0x00,0x00,0x00,0x00,0x08,0x00,0x00,0x00,0x00,0x00,0x00,0x00,0x09,0x00,0x00,0x00,
    0x09,0x00,0x00,0x00,0x00,0x00,0x00,0x00,0x0a,0x00,0x00,0x00,0x0b,0x00,0x00,0x00,0x00,0x00,0x00,0x00,0x00,0x00,0x00,0x00,
    0x03,0x00,0x00,0x00,0x30,0x48,0x4b,0x00,0xb6,0xff,0xff,0xff,0x95,0x00,0x00,0x00,0x66,0x65,0x31,0x5f,0x6d,0x2e,0x6c,0x6c,
    0x73,0x00,0x00,0x00,0x66,0x65,0x34,0x5f,0x6d,0x2e,0x6c,0x6c,0x73,0x00,0x00,0x00,0x66,0x65,0x33,0x5f,0x6d,0x2e,0x6c,0x6c,
    0x73,0x00,0x00,0x00,0x66,0x65,0x32,0x5f,0x6d,0x2e,0x6c,0x6c,0x73,0x00,0x00,0x00,0x66,0x73,0x32,0x5f,0x6d,0x2e,0x6c,0x6c,
    0x73,0x00,0x00,0x00,0x66,0x73,0x31,0x5f,0x6d,0x2e,0x6c,0x6c,0x73,0x00,0x00,0x00,0x66,0x63,0x34,0x61,0x5f,0x6d,0x2e,0x6c,
    0x6c,0x73,0x00,0x00,0x66,0x63,0x33,0x61,0x5f,0x6d,0x2e,0x6c,0x6c,0x73,0x00,0x00,0x66,0x63,0x32,0x61,0x5f,0x6d,0x2e,0x6c,
    0x6c,0x73,0x00,0x00,0x66,0x63,0x31,0x61,0x5f,0x6d,0x2e,0x6c,0x6c,0x73,0x00,0x00,0x62,0x75,0x67,0x00,0x62,0x6f,0x74,0x68,
    0x20,0x70,0x69,0x65,0x63,0x65,0x73,0x20,0x61,0x72,0x65,0x20,0x6a,0x6f,0x69,0x6e,0x65,0x64,0x20,0x74,0x6f,0x20,0x6c,0x6f,
    0x67,0x20,0x66,0x6c,0x75,0x6d,0x65,0x20,0x2d,0x20,0x65,0x72,0x72,0x6f,0x72,0x00,0x67,0x6f,0x69,0x6e,0x67,0x20,0x6f,0x70,
    0x70,0x6f,0x73,0x69,0x74,0x65,0x20,0x64,0x69,0x72,0x65,0x63,0x74,0x69,0x6f,0x6e,0x73,0x21,0x21,0x21,0x21,0x00,0x00,0x00,
    0x65,0x6e,0x74,0x61,0x33,0x5f,0x6d,0x2e,0x6c,0x6c,0x73,0x00,0x6c,0x66,0x5f,0x65,0x6e,0x74,0x72,0x61,0x6e,0x63,0x65,0x33,
    0x2e,0x6c,0x6c,0x73,0x00,0x00,0x00,0x00,0x6c,0x66,0x5f,0x65,0x6e,0x74,0x72,0x61,0x6e,0x63,0x65,0x32,0x2e,0x6c,0x6c,0x73,
    0x00,0x00,0x00,0x00,0x6c,0x66,0x5f,0x65,0x6e,0x74,0x72,0x61,0x6e,0x63,0x65,0x31,0x2e,0x6c,0x6c,0x73,0x00,0x00,0x00,0x00,
    0x6c,0x66,0x5f,0x73,0x69,0x67,0x6e,0x2e,0x6c,0x6c,0x73,0x00,0x6c,0x66,0x5f,0x65,0x6e,0x74,0x61,0x31,0x5f,0x6d,0x61,0x74,
    0x74,0x65,0x32,0x2e,0x6c,0x6c,0x73,0x00,0x62,0x61,0x72,0x72,0x65,0x6c,0x6d,0x61,0x74,0x74,0x65,0x2e,0x6c,0x6c,0x73,0x00,
    0x6c,0x66,0x5f,0x62,0x61,0x72,0x72,0x65,0x6c,0x31,0x2e,0x6c,0x6c,0x73,0x00,0x00,0x6c,0x66,0x5f,0x62,0x61,0x72,0x72,0x65,
    0x6c,0x5f,0x6d,0x2e,0x6c,0x6c,0x73,0x00,0x6c,0x66,0x5f,0x62,0x61,0x72,0x72,0x65,0x6c,0x2e,0x6c,0x6c,0x73,0x00,0x00,0x00,
    0x66,0x63,0x33,0x5f,0x6d,0x33,0x2e,0x6c,0x6c,0x73,0x00,0x00,0x66,0x63,0x31,0x5f,0x6d,0x33,0x2e,0x6c,0x6c,0x73,0x00,0x00,
    0x4c,0x4f,0x47,0x20,0x46,0x4c,0x55,0x4d,0x45,0x20,0x54,0x52,0x41,0x43,0x4b,0x20,0x45,0x4e,0x44,0x59,0x20,0x4c,0x49,0x53,
    0x54,0x00,0x00,0x00,0x4c,0x4f,0x47,0x20,0x46,0x4c,0x55,0x4d,0x45,0x20,0x49,0x4d,0x41,0x47,0x45,0x20,0x4c,0x49,0x53,0x54,
    0x00,0x00,0x00,0x00,0x53,0x6f,0x6d,0x65,0x74,0x68,0x69,0x6e,0x67,0x20,0x77,0x72,0x6f,0x6e,0x67,0x20,0x69,0x6e,0x20,0x74,
    0x68,0x65,0x20,0x6c,0x6f,0x67,0x20,0x66,0x6c,0x75,0x6d,0x65,0x20,0x74,0x72,0x61,0x63,0x6b,0x0a,0x00,0x66,0x63,0x31,0x5f,
    0x6d,0x32,0x2e,0x6c,0x6c,0x73,0x00,0x00,0x66,0x63,0x31,0x5f,0x6d,0x31,0x2e,0x6c,0x6c,0x73,0x00,0x00,0x66,0x63,0x32,0x5f,
    0x6d,0x31,0x2e,0x6c,0x6c,0x73,0x00,0x00,0x66,0x63,0x33,0x5f,0x6d,0x32,0x2e,0x6c,0x6c,0x73,0x00,0x00,0x66,0x63,0x33,0x5f,
    0x6d,0x31,0x2e,0x6c,0x6c,0x73,0x00,0x00,0x66,0x63,0x34,0x5f,0x6d,0x2e,0x6c,0x6c,0x73,0x00,0x00,0x00,0x74,0x75,0x6e,0x65,
    0x6c,0x5f,0x6d,0x2e,0x6c,0x6c,0x73,0x00,0x63,0x73,0x61,0x77,0x32,0x5f,0x6d,0x2e,0x6c,0x6c,0x73,0x00,0x68,0x75,0x70,0x31,
    0x5f,0x6d,0x32,0x2e,0x6c,0x6c,0x73,0x00,0x68,0x75,0x70,0x31,0x5f,0x6d,0x31,0x2e,0x6c,0x6c,0x73,0x00,0x6c,0x66,0x5f,0x73,
    0x70,0x6c,0x61,0x73,0x68,0x2e,0x6c,0x6c,0x73,0x00,0x00,0x00,0x64,0x72,0x6f,0x70,0x32,0x5f,0x6d,0x2e,0x6c,0x6c,0x73,0x00,
    0x64,0x72,0x6f,0x70,0x31,0x5f,0x6d,0x2e,0x6c,0x6c,0x73,0x00,0x4c,0x4f,0x47,0x20,0x46,0x4c,0x55,0x4d,0x45,0x20,0x48,0x4f,
    0x4c,0x44,0x20,0x55,0x50,0x00,0x00,0x00,0x4c,0x4f,0x47,0x20,0x46,0x4c,0x55,0x4d,0x45,0x20,0x44,0x52,0x4f,0x50,0x00,0x00,
    0x4c,0x4f,0x47,0x20,0x46,0x4c,0x55,0x4d,0x45,0x20,0x54,0x55,0x4e,0x4e,0x45,0x4c,0x00,0x00,0x00,0x00,0x4c,0x4f,0x47,0x20,
    0x46,0x4c,0x55,0x4d,0x45,0x20,0x43,0x53,0x41,0x57,0x00,0x00,0x4c,0x4f,0x47,0x20,0x46,0x4c,0x55,0x4d,0x45,0x20,0x53,0x50,
    0x45,0x43,0x49,0x41,0x4c,0x20,0x43,0x4f,0x52,0x4e,0x45,0x52,0x20,0x34,0x00,0x00,0x4c,0x4f,0x47,0x20,0x46,0x4c,0x55,0x4d,
    0x45,0x20,0x53,0x50,0x45,0x43,0x49,0x41,0x4c,0x20,0x43,0x4f,0x52,0x4e,0x45,0x52,0x20,0x33,0x00,0x00,0x4c,0x4f,0x47,0x20,
    0x46,0x4c,0x55,0x4d,0x45,0x20,0x53,0x50,0x45,0x43,0x49,0x41,0x4c,0x20,0x43,0x4f,0x52,0x4e,0x45,0x52,0x20,0x32,0x00,0x00,
    0x4c,0x4f,0x47,0x20,0x46,0x4c,0x55,0x4d,0x45,0x20,0x53,0x50,0x45,0x43,0x49,0x41,0x4c,0x20,0x43,0x4f,0x52,0x4e,0x45,0x52,
    0x20,0x31,0x00,0x00,0x4c,0x4f,0x47,0x20,0x46,0x4c,0x55,0x4d,0x45,0x20,0x54,0x52,0x41,0x43,0x4b,0x00,0x4c,0x4f,0x47,0x20,
    0x46,0x4c,0x55,0x4d,0x45,0x20,0x45,0x4e,0x54,0x52,0x41,0x4e,0x43,0x45,0x00,0x00,0x7f,0x00,0x00,0x00,0x00,0x00,0x00,0x00,
    0x00,0x00,0x00,0x00,0x00,0x00,0x00,0x00,0x00,0x00,0x00,0x00,0x03,0x00,0x00,0x00,0x00,0x00,0x00,0x00,0x7f,0x00,0x00,0x00,
    0x7f,0x00,0x00,0x00,0x00,0x00,0x00,0x00,0x00,0x00,0x00,0x00,0x00,0x00,0x00,0x00,0x03,0x00,0x00,0x00,0x03,0x00,0x00,0x00,
    0x00,0x00,0x00,0x00,0x8c,0x00,0x00,0x00,0x00,0x00,0x01,0x00,0x02,0x00,0x03,0x00,0x06,0x00,0x07,0x00,0x04,0x00,0x05,0x00,
    0x0a,0x00,0x0c,0x00,0x0f,0x00,0x09,0x00,0x0b,0x00,0x0d,0x00,0x0e,0x00,0x08,0x00,0x12,0x00,0x14,0x00,0x16,0x00,0x10,0x00,
    0x13,0x00,0x15,0x00,0x17,0x00,0x11,0x00,0x18,0x00,0x1d,0x00,0x1c,0x00,0x19,0x00,0x1a,0x00,0x1b,0x00,0x1a,0x00,0x1b,0x00,
    0x20,0x00,0x21,0x00,0x1e,0x00,0x1f,0x00,0x24,0x00,0x25,0x00,0x22,0x00,0x23,0x00,0x27,0x00,0x28,0x00,0x29,0x00,0x26,0x00,
    0x2a,0x00,0x2a,0x00,0x2a,0x00,0x2a,0x00,0x2e,0x00,0x2b,0x00,0x2c,0x00,0x2d,0x00,0x31,0x00,0x32,0x00,0x2f,0x00,0x30,0x00,
    0x34,0x00,0x35,0x00,0x36,0x00,0x33,0x00,0x54,0x49,0x4c,0x45,0x53,0x20,0x46,0x4f,0x52,0x20,0x44,0x53,0x43,0x48,0x4f,0x4f,
    0x4c,0x00,0x00,0x00,0x44,0x53,0x43,0x48,0x4f,0x4f,0x4c,0x20,0x4c,0x49,0x47,0x48,0x54,0x53,0x00,0x00,0x00,0x00,0x00,0x00,
    0x7f,0x00,0x00,0x00,0x6d,0x61,0x6e,0x62,0x6f,0x78,0x3f,0x3f,0x00,0x00,0x00,0x00,0x04,0x4d,0x4b,0x00,0x00,0x00,0x00,0x00,
    0x00,0x00,0x00,0x00,0x42,0x00,0x00,0x00,0x42,0x00,0x00,0x00,0x2f,0x00,0x00,0x00,0x2f,0x00,0x00,0x00,0x50,0x00,0x00,0x00,
    0x50,0x00,0x00,0x00,0x30,0x00,0x00,0x00,0x30,0x00,0x00,0x00,0x3f,0x00,0x00,0x00,0x3f,0x00,0x00,0x00,0x3f,0x00,0x00,0x00,
    0x3f,0x00,0x00,0x00,0x30,0x00,0x00,0x00,0x30,0x00,0x00,0x00,0x20,0x00,0x00,0x00,0x20,0x00,0x00,0x00,0x4a,0x75,0x6e,0x67,
    0x6c,0x65,0x20,0x44,0x72,0x69,0x76,0x69,0x6e,0x67,0x30,0x31,0x2e,0x77,0x61,0x76,0x00,0x00,0x00,0x00,0x7a,0x5f,0x53,0x61,
    0x66,0x61,0x72,0x69,0x2e,0x6c,0x6c,0x73,0x00,0x00,0x00,0x00,0x5a,0x62,0x75,0x66,0x66,0x65,0x72,0x73,0x5c,0x53,0x61,0x66,
    0x61,0x72,0x69,0x6f,0x66,0x66,0x2e,0x62,0x6e,0x76,0x00,0x00,0x5a,0x62,0x75,0x66,0x66,0x65,0x72,0x73,0x5c,0x53,0x61,0x66,
    0x61,0x72,0x69,0x6f,0x6e,0x2e,0x62,0x6e,0x76,0x00,0x00,0x00,0x5a,0x62,0x75,0x66,0x66,0x65,0x72,0x73,0x5c,0x53,0x61,0x66,
    0x61,0x72,0x69,0x72,0x75,0x6e,0x2e,0x62,0x6e,0x76,0x00,0x00,0x53,0x41,0x46,0x41,0x52,0x49,0x20,0x52,0x49,0x44,0x45,0x00,
    0x7f,0x00,0x00,0x00,0x00,0x00,0x00,0x00,0x28,0x4e,0x4b,0x00,0x00,0x00,0x00,0x00,0x00,0x00,0x00,0x00,0x6d,0x61,0x6e,0x62,
    0x6f,0x78,0x3f,0x3f,0x00,0x00,0x00,0x00,0x20,0x00,0x00,0x00,0x1c,0x00,0x00,0x00,0x14,0x00,0x00,0x00,0x18,0x00,0x00,0x00,
    0x0c,0x00,0x00,0x00,0x10,0x00,0x00,0x00,0x14,0x00,0x00,0x00,0x0c,0x00,0x00,0x00,0x14,0x00,0x00,0x00,0x18,0x00,0x00,0x00,
    0x1c,0x00,0x00,0x00,0x21,0x00,0x00,0x00,0x24,0x00,0x00,0x00,0x21,0x00,0x00,0x00,0x24,0x00,0x00,0x00,0x20,0x00,0x00,0x00,
    0x14,0x00,0x00,0x00,0x18,0x00,0x00,0x00,0x20,0x00,0x00,0x00,0x18,0x00,0x00,0x00,0x20,0x00,0x00,0x00,0x20,0x00,0x00,0x00,
    0x18,0x00,0x00,0x00,0x20,0x00,0x00,0x00,0x14,0x00,0x00,0x00,0x18,0x00,0x00,0x00,0x10,0x00,0x00,0x00,0x0c,0x00,0x00,0x00,
    0x08,0x00,0x00,0x00,0x0c,0x00,0x00,0x00,0x12,0x00,0x00,0x00,0x14,0x00,0x00,0x00,0xeb,0xff,0xff,0xff,0xf5,0xff,0xff,0xff,
    0x53,0x70,0x69,0x64,0x65,0x72,0x30,0x34,0x2e,0x77,0x61,0x76,0x00,0x00,0x00,0x00,0x7a,0x5f,0x73,0x70,0x69,0x64,0x65,0x72,
    0x2e,0x6c,0x6c,0x73,0x00,0x00,0x00,0x00,0x53,0x70,0x69,0x64,0x65,0x72,0x48,0x75,0x74,0x4d,0x61,0x73,0x6b,0x32,0x2e,0x6c,
    0x6c,0x73,0x00,0x00,0x53,0x70,0x69,0x64,0x65,0x72,0x48,0x75,0x74,0x4d,0x61,0x73,0x6b,0x31,0x2e,0x6c,0x6c,0x73,0x00,0x00,
    0x5a,0x62,0x75,0x66,0x66,0x65,0x72,0x73,0x5c,0x73,0x70,0x69,0x64,0x65,0x72,0x6f,0x66,0x66,0x2e,0x62,0x6e,0x76,0x00,0x00,
    0x5a,0x62,0x75,0x66,0x66,0x65,0x72,0x73,0x5c,0x73,0x70,0x69,0x64,0x65,0x72,0x6f,0x6e,0x2e,0x62,0x6e,0x76,0x00,0x00,0x00,
    0x5a,0x62,0x75,0x66,0x66,0x65,0x72,0x73,0x5c,0x73,0x70,0x69,0x64,0x65,0x72,0x72,0x75,0x6e,0x2e,0x62,0x6e,0x76,0x00,0x00,
    0x53,0x50,0x49,0x44,0x45,0x52,0x20,0x52,0x49,0x44,0x45,0x00,0x7f,0x00,0x00,0x00,0x74,0x65,0x6d,0x70,0x6c,0x65,0x5f,0x6d,
    0x61,0x74,0x74,0x65,0x32,0x2e,0x6c,0x6c,0x73,0x00,0x00,0x00,0x74,0x65,0x6d,0x70,0x6c,0x65,0x5f,0x6d,0x61,0x74,0x74,0x65,
    0x31,0x2e,0x6c,0x6c,0x73,0x00,0x00,0x00,0x54,0x45,0x4d,0x50,0x4c,0x45,0x00,0x00,0x7f,0x00,0x00,0x00,0x6d,0x61,0x6e,0x62,
    0x6f,0x78,0x3f,0x3f,0x00,0x00,0x00,0x00,0x44,0x4f,0x4b,0x00,0x38,0x4f,0x4b,0x00,0x2c,0x4f,0x4b,0x00,0x20,0x4f,0x4b,0x00,
    0x40,0x45,0x3f,0x3c,0x51,0x53,0x53,0x50,0x6d,0x61,0x6e,0x62,0x6f,0x78,0x30,0x34,0x00,0x00,0x00,0x00,0x6d,0x61,0x6e,0x62,
    0x6f,0x78,0x30,0x33,0x00,0x00,0x00,0x00,0x6d,0x61,0x6e,0x62,0x6f,0x78,0x30,0x32,0x00,0x00,0x00,0x00,0x6d,0x61,0x6e,0x62,
    0x6f,0x78,0x30,0x31,0x00,0x00,0x00,0x00,0x74,0x65,0x6d,0x70,0x73,0x6c,0x69,0x64,0x65,0x5f,0x6d,0x61,0x74,0x74,0x65,0x2e,
    0x6c,0x6c,0x73,0x00,0x5a,0x62,0x75,0x66,0x66,0x65,0x72,0x73,0x5c,0x74,0x65,0x6d,0x70,0x73,0x6c,0x69,0x64,0x65,0x2e,0x62,
    0x6e,0x76,0x00,0x00,0x7a,0x5f,0x74,0x65,0x6d,0x70,0x73,0x6c,0x69,0x64,0x65,0x2e,0x6c,0x6c,0x73,0x00,0x54,0x45,0x4d,0x50,
    0x4c,0x45,0x20,0x53,0x4c,0x49,0x44,0x45,0x00,0x00,0x00,0x00,0x00,0x00,0x00,0x00,0x7f,0x00,0x00,0x00,0x00,0x00,0x00,0x00,
    0xf4,0x4f,0x4b,0x00,0x00,0x00,0x00,0x00,0x00,0x00,0x00,0x00,0xdc,0x4f,0x4b,0x00,0x00,0x00,0x00,0x00,0x00,0x00,0x00,0x00,
    0xcc,0x4f,0x4b,0x00,0x00,0x00,0x00,0x00,0x00,0x00,0x00,0x00,0x46,0x6f,0x75,0x6e,0x74,0x61,0x69,0x6e,0x30,0x31,0x2e,0x77,
    0x61,0x76,0x00,0x00,0x73,0x70,0x72,0x61,0x79,0x20,0x6f,0x72,0x20,0x66,0x6f,0x75,0x6e,0x74,0x61,0x69,0x6e,0x2e,0x77,0x61,
    0x76,0x00,0x00,0x00,0x57,0x61,0x74,0x65,0x72,0x77,0x6f,0x72,0x6b,0x73,0x53,0x68,0x6f,0x77,0x65,0x72,0x30,0x31,0x2e,0x77,
    0x61,0x76,0x00,0x00,0x74,0x6f,0x70,0x77,0x61,0x74,0x65,0x72,0x2e,0x6c,0x6c,0x73,0x00,0x00,0x00,0x00,0x57,0x41,0x54,0x45,
    0x52,0x20,0x57,0x4f,0x52,0x4b,0x53,0x20,0x49,0x4d,0x41,0x47,0x45,0x20,0x4c,0x49,0x53,0x54,0x00,0x00,0x42,0x61,0x64,0x20,
    0x42,0x6c,0x6f,0x63,0x6b,0x20,0x49,0x6e,0x64,0x65,0x78,0x20,0x28,0x25,0x64,0x29,0x0a,0x00,0x00,0x00,0x42,0x61,0x64,0x20,
    0x53,0x70,0x72,0x69,0x74,0x65,0x20,0x69,0x6e,0x20,0x57,0x61,0x74,0x65,0x72,0x77,0x6f,0x72,0x6b,0x73,0x20,0x62,0x6c,0x6f,
    0x63,0x6b,0x0a,0x00,0x73,0x68,0x6f,0x77,0x65,0x72,0x2e,0x6c,0x6c,0x73,0x00,0x00,0x77,0x77,0x5f,0x65,0x6c,0x73,0x71,0x75,
    0x69,0x72,0x74,0x2e,0x6c,0x6c,0x73,0x00,0x57,0x41,0x54,0x45,0x52,0x20,0x57,0x4f,0x52,0x4b,0x53,0x20,0x43,0x52,0x4f,0x43,
    0x4f,0x44,0x49,0x4c,0x45,0x20,0x46,0x4f,0x55,0x4e,0x54,0x41,0x49,0x4e,0x00,0x00,0x57,0x41,0x54,0x45,0x52,0x20,0x57,0x4f,
    0x52,0x4b,0x53,0x20,0x45,0x4c,0x45,0x50,0x48,0x41,0x4e,0x54,0x20,0x46,0x4f,0x55,0x4e,0x54,0x41,0x49,0x4e,0x00,0x00,0x00,
    0x57,0x41,0x54,0x45,0x52,0x20,0x57,0x4f,0x52,0x4b,0x53,0x20,0x53,0x48,0x4f,0x57,0x45,0x52,0x00,0x00,0x57,0x41,0x54,0x45,
    0x52,0x20,0x57,0x4f,0x52,0x4b,0x53,0x20,0x57,0x41,0x54,0x45,0x52,0x20,0x42,0x4c,0x4f,0x43,0x4b,0x00,0x57,0x41,0x54,0x45,
    0x52,0x20,0x57,0x4f,0x52,0x4b,0x53,0x20,0x45,0x4e,0x54,0x52,0x41,0x4e,0x43,0x45,0x00,0x00,0x00,0x00,0x00,0x00,0x00,0x00,
    0x7f,0x00,0x00,0x00,0x00,0x00,0x00,0x00,0x00,0x00,0x00,0x00,0x01,0x00,0x00,0x00,0x00,0x00,0x00,0x00,0xff,0xff,0xff,0xff,
    0xff,0xff,0xff,0xff,0x00,0x00,0x00,0x00,0x01,0x00,0x00,0x00,0x00,0x00,0x00,0x00,0x00,0x00,0x00,0x00,0xff,0xff,0xff,0xff,
    0x00,0x00,0x00,0x00,0x01,0x00,0x00,0x00,0x01,0x00,0x00,0x00,0x00,0x00,0x00,0x00,0xff,0xff,0xff,0xff,0x00,0x00,0x00,0x00,
    0x00,0x00,0x87,0x43,0x00,0x00,0x34,0x43,0x00,0x00,0x80,0x3f,0x00,0x00,0x80,0xbf,0x00,0x00,0xb4,0x43,0x00,0x00,0x87,0x43,
    0x00,0x00,0x80,0x3f,0x00,0x00,0x80,0x3f,0x00,0x00,0xb4,0x42,0x00,0x00,0x00,0x00,0x00,0x00,0x80,0xbf,0x00,0x00,0x80,0x3f,
    0x00,0x00,0x34,0x43,0x00,0x00,0xb4,0x42,0x00,0x00,0x80,0xbf,0x00,0x00,0x80,0xbf,0x00,0x00,0xb4,0x42,0x00,0x00,0x34,0x43,
    0x00,0x00,0x80,0xbf,0x00,0x00,0x80,0xbf,0x00,0x00,0x34,0x43,0x00,0x00,0x87,0x43,0x00,0x00,0x80,0x3f,0x00,0x00,0x80,0xbf,
    0x00,0x00,0x87,0x43,0x00,0x00,0xb4,0x43,0x00,0x00,0x80,0x3f,0x00,0x00,0x80,0x3f,0x00,0x00,0x00,0x00,0x00,0x00,0xb4,0x42,
    0x00,0x00,0x80,0xbf,0x00,0x00,0x80,0x3f,0xda,0xff,0xff,0xff,0xe4,0xff,0xff,0xff,0xd8,0xff,0xff,0xff,0xe0,0xff,0xff,0xff,
    0xd0,0xff,0xff,0xff,0xdc,0xff,0xff,0xff,0xcc,0xff,0xff,0xff,0xda,0xff,0xff,0xff,0xc4,0xff,0xff,0xff,0xd8,0xff,0xff,0xff,
    0xcc,0xff,0xff,0xff,0xdc,0xff,0xff,0xff,0xd4,0xff,0xff,0xff,0xdc,0xff,0xff,0xff,0xe0,0xff,0xff,0xff,0xdc,0xff,0xff,0xff,
    0xda,0xff,0xff,0xff,0xdc,0xff,0xff,0xff,0xd4,0xff,0xff,0xff,0xda,0xff,0xff,0xff,0xd9,0xff,0xff,0xff,0xda,0xff,0xff,0xff,
    0xe3,0xff,0xff,0xff,0xd7,0xff,0xff,0xff,0xec,0xff,0xff,0xff,0xd8,0xff,0xff,0xff,0xe1,0xff,0xff,0xff,0xd6,0xff,0xff,0xff,
    0xdc,0xff,0xff,0xff,0xd8,0xff,0xff,0xff,0xd6,0xff,0xff,0xff,0xde,0xff,0xff,0xff,0x7f,0x00,0x00,0x00,0x00,0x00,0x00,0x00,
    0x00,0x00,0x00,0x00,0xfb,0xff,0xff,0xff,0x04,0x00,0x00,0x00,0xff,0xff,0xff,0xff,0x00,0x00,0x00,0x00,0x00,0x00,0x00,0x00,
    0x00,0x00,0x00,0x00,0x00,0x00,0x00,0x00,0x04,0x00,0x00,0x00,0x04,0x00,0x00,0x00,0x00,0x00,0x00,0x00,0x00,0x00,0x00,0x00,
    0x00,0xff,0xff,0xff,0x00,0x00,0x00,0x00,0x00,0xff,0xff,0xff,0x10,0x01,0x00,0x00,0x00,0xff,0xff,0xff,0x20,0x02,0x00,0x00,
    0x00,0xfe,0xff,0xff,0x30,0x02,0x00,0x00,0x00,0xfd,0xff,0xff,0x30,0x02,0x00,0x00,0x00,0xfc,0xff,0xff,0x30,0x02,0x00,0x00,
    0xec,0x52,0x4b,0x00,0x00,0x00,0x00,0x00,0x00,0x00,0x00,0x00,0xd8,0x52,0x4b,0x00,0x00,0x00,0x00,0x00,0x00,0x00,0x00,0x00,
    0x57,0x61,0x76,0x69,0x6e,0x67,0x20,0x4d,0x65,0x72,0x6d,0x61,0x69,0x64,0x2e,0x77,0x61,0x76,0x00,0x00,0x42,0x6f,0x61,0x74,
    0x20,0x4e,0x6f,0x69,0x73,0x65,0x2e,0x77,0x61,0x76,0x00,0x00,0x62,0x73,0x5f,0x72,0x61,0x69,0x6c,0x6d,0x2e,0x6c,0x6c,0x73,
    0x00,0x00,0x00,0x00,0x62,0x73,0x5f,0x68,0x75,0x6c,0x6c,0x6d,0x61,0x73,0x6b,0x2e,0x6c,0x6c,0x73,0x00,0x42,0x4f,0x41,0x54,
    0x49,0x4e,0x47,0x20,0x53,0x43,0x48,0x4f,0x4f,0x4c,0x20,0x42,0x4f,0x41,0x54,0x53,0x00,0x00,0x00,0x00,0x42,0x4f,0x41,0x54,
    0x49,0x4e,0x47,0x20,0x53,0x43,0x48,0x4f,0x4f,0x4c,0x20,0x54,0x49,0x4c,0x45,0x20,0x4d,0x41,0x50,0x50,0x49,0x4e,0x47,0x00,
    0x7f,0x00,0x00,0x00,0x42,0x4f,0x41,0x54,0x49,0x4e,0x47,0x20,0x53,0x43,0x48,0x4f,0x4f,0x4c,0x20,0x4d,0x45,0x52,0x4d,0x41,
    0x49,0x44,0x00,0x00,0x42,0x4f,0x41,0x54,0x49,0x4e,0x47,0x20,0x53,0x43,0x48,0x4f,0x4f,0x4c,0x00,0x00,0x42,0x4f,0x41,0x54,
    0x49,0x4e,0x47,0x20,0x53,0x43,0x48,0x4f,0x4f,0x4c,0x20,0x57,0x41,0x54,0x45,0x52,0x00,0x00,0x00,0x00,0x7f,0x00,0x00,0x00,
    0x43,0x61,0x6e,0x27,0x74,0x20,0x66,0x69,0x6e,0x64,0x20,0x73,0x61,0x6d,0x70,0x6c,0x65,0x73,0x20,0x66,0x6f,0x72,0x20,0x6d,
    0x65,0x72,0x6d,0x61,0x69,0x64,0x0a,0x00,0x7f,0x00,0x00,0x00,0x00,0x00,0x00,0x00,0xfe,0xff,0xff,0xff,0xfe,0xff,0xff,0xff,
    0x02,0x00,0x00,0x00,0x02,0x00,0x00,0x00,0x00,0x00,0x00,0x00,0x05,0x0a,0x0a,0x0a,0x08,0x09,0x00,0x00,0x00,0x0c,0x09,0x00,
    0x00,0x00,0x0c,0x09,0x00,0x00,0x00,0x0c,0x06,0x0b,0x0b,0x0b,0x07,0x09,0x00,0x00,0x00,0x0c,0x09,0x00,0x00,0x00,0x0c,0x09,
    0x00,0x00,0x00,0x0c,0x09,0x00,0x00,0x00,0x0c,0x06,0x0b,0x0b,0x0b,0x07,0x05,0x0a,0x0a,0x0a,0x0a,0x09,0x00,0x00,0x00,0x00,
    0x09,0x00,0x00,0x00,0x00,0x09,0x00,0x00,0x00,0x00,0x06,0x0b,0x0b,0x0b,0x0b,0x09,0x00,0x00,0x00,0x01,0x09,0x00,0x00,0x00,
    0x00,0x09,0x00,0x00,0x00,0x00,0x09,0x00,0x00,0x00,0x00,0x06,0x0b,0x0b,0x0b,0x0b,0x05,0x0a,0x0a,0x0a,0x08,0x09,0x00,0x00,
    0x00,0x0c,0x09,0x00,0x00,0x00,0x0c,0x09,0x00,0x00,0x00,0x0c,0x09,0x00,0x00,0x00,0x0c,0x09,0x00,0x00,0x00,0x0c,0x09,0x00,
    0x00,0x00,0x0c,0x09,0x00,0x00,0x00,0x0c,0x09,0x00,0x00,0x00,0x0c,0x09,0x00,0x00,0x00,0x0c,0x05,0x0a,0x0a,0x0a,0x0a,0x09,
    0x00,0x00,0x00,0x00,0x09,0x00,0x00,0x00,0x00,0x09,0x00,0x00,0x00,0x00,0x09,0x00,0x00,0x00,0x04,0x09,0x00,0x00,0x00,0x01,
    0x09,0x00,0x00,0x00,0x00,0x09,0x00,0x00,0x00,0x00,0x09,0x00,0x00,0x00,0x00,0x09,0x00,0x00,0x00,0x04,0x0a,0x0a,0x0a,0x0a,
    0x08,0x00,0x00,0x00,0x00,0x0c,0x00,0x00,0x00,0x00,0x0c,0x00,0x00,0x00,0x00,0x0c,0x0b,0x0b,0x0b,0x0b,0x07,0x02,0x00,0x00,
    0x00,0x0c,0x00,0x00,0x00,0x00,0x0c,0x00,0x00,0x00,0x00,0x0c,0x00,0x00,0x00,0x00,0x0c,0x0b,0x0b,0x0b,0x0b,0x07,0x0a,0x0a,
    0x0a,0x0a,0x0a,0x00,0x00,0x00,0x00,0x00,0x00,0x00,0x00,0x00,0x00,0x00,0x00,0x00,0x00,0x00,0x0b,0x0b,0x0b,0x0b,0x0b,0x02,
    0x00,0x00,0x00,0x01,0x00,0x00,0x00,0x00,0x00,0x00,0x00,0x00,0x00,0x00,0x00,0x00,0x00,0x00,0x00,0x0b,0x0b,0x0b,0x0b,0x0b,
    0x0a,0x0a,0x0a,0x0a,0x08,0x00,0x00,0x00,0x00,0x0c,0x00,0x00,0x00,0x00,0x0c,0x00,0x00,0x00,0x00,0x0c,0x03,0x00,0x00,0x00,
    0x0c,0x02,0x00,0x00,0x00,0x0c,0x00,0x00,0x00,0x00,0x0c,0x00,0x00,0x00,0x00,0x0c,0x00,0x00,0x00,0x00,0x0c,0x03,0x00,0x00,
    0x00,0x0c,0x0a,0x0a,0x0a,0x0a,0x0a,0x00,0x00,0x00,0x00,0x00,0x00,0x00,0x00,0x00,0x00,0x00,0x00,0x00,0x00,0x00,0x03,0x00,
    0x00,0x00,0x04,0x02,0x00,0x00,0x00,0x01,0x00,0x00,0x00,0x00,0x00,0x00,0x00,0x00,0x00,0x00,0x00,0x00,0x00,0x00,0x00,0x03,
    0x00,0x00,0x00,0x04,0x00,0x00,0x00,0x00,0x7f,0x00,0x00,0x00,0x00,0x00,0x00,0x00,0x00,0x00,0x00,0x00,0x00,0x00,0x00,0x00,
    0x02,0x00,0x00,0x00,0x02,0x00,0x00,0x00,0x00,0x00,0x00,0x00,0x00,0x00,0xfe,0xff,0x02,0x00,0x00,0x00,0x00,0x00,0x02,0x00,
    0xfe,0xff,0x00,0x00,0x7f,0x00,0x00,0x00,0x7f,0x00,0x00,0x00,0x00,0x00,0x00,0x00,0x00,0x00,0x80,0x40,0x00,0x00,0x00,0x41,
    0x00,0x00,0x80,0x41,0x63,0x6f,0x61,0x73,0x74,0x65,0x72,0x74,0x72,0x61,0x69,0x6e,0x2e,0x74,0x61,0x69,0x6c,0x63,0x61,0x72,
    0x00,0x00,0x00,0x00,0x63,0x6f,0x61,0x73,0x74,0x65,0x72,0x74,0x72,0x61,0x69,0x6e,0x2e,0x6d,0x69,0x64,0x63,0x61,0x72,0x00,
    0x63,0x6f,0x61,0x73,0x74,0x65,0x72,0x74,0x72,0x61,0x69,0x6e,0x2e,0x68,0x65,0x61,0x64,0x63,0x61,0x72,0x00,0x00,0x00,0x00,
    0x7f,0x00,0x00,0x00,0x01,0x00,0x00,0x00,0x7f,0x00,0x00,0x00,0xe0,0xac,0x82,0x00,0x4c,0x88,0x4d,0x00,0xcc,0x87,0x4d,0x00,
    0x1c,0x00,0x00,0x00,0x02,0x00,0x00,0x00,0xab,0xaa,0x2a,0x3e,0x00,0x00,0x80,0xbf,0xab,0xaa,0xaa,0xbe,0xab,0xaa,0xaa,0x3e,
    0x00,0x00,0x80,0x3f,0x00,0x00,0x80,0x3d,0x00,0x00,0xd8,0xbf,0x00,0x00,0xd8,0x3f,0x00,0x00,0x80,0xbd,0xab,0xaa,0x2a,0x3e,
    0x7f,0x00,0x00,0x00,0x00,0x00,0x00,0x00,0x7f,0x00,0x00,0x00,0x00,0x00,0x00,0x00,0xd0,0xf8,0x41,0x00,0xa0,0xfb,0x41,0x00,
    0x7f,0x00,0x00,0x00,0x00,0x00,0x00,0x00,0x80,0xfd,0x41,0x00,0x80,0xff,0x41,0x00,0x00,0x00,0x00,0x00,0xa6,0xaa,0x2a,0x3e,
    0x00,0x00,0x00,0x3f,0xaa,0xaa,0xaa,0x3e,0x00,0x00,0x00,0x3f,0xaa,0xaa,0xaa,0x3e,0x00,0x00,0x80,0x3f,0xa6,0xaa,0x2a,0x3e,
    0x7f,0x00,0x00,0x00,0x2e,0x2e,0x5c,0x2e,0x2e,0x5c,0x2e,0x2e,0x00,0x00,0x00,0x00,0x52,0x4f,0x4c,0x4c,0x45,0x52,0x43,0x4f,
    0x41,0x53,0x54,0x45,0x52,0x00,0x00,0x00,0x52,0x6f,0x6c,0x6c,0x65,0x72,0x43,0x6f,0x61,0x73,0x74,0x65,0x72,0x5c,0x52,0x6f,
    0x6c,0x6c,0x65,0x72,0x43,0x6f,0x61,0x73,0x74,0x65,0x72,0x5c,0x43,0x72,0x65,0x61,0x74,0x65,0x64,0x44,0x61,0x74,0x61,0x00,
    0x25,0x73,0x2e,0x6c,0x6d,0x73,0x00,0x00,0x25,0x73,0x2e,0x6c,0x66,0x6d,0x00,0x00,0x25,0x73,0x2e,0x6c,0x74,0x78,0x00,0x00,
    0x52,0x6f,0x6c,0x6c,0x65,0x72,0x63,0x6f,0x61,0x73,0x74,0x65,0x72,0x2e,0x6c,0x70,0x74,0x00,0x00,0x00,0x00,0x00,0x00,0x00,
    0x7f,0x00,0x00,0x00,0x00,0x00,0x00,0x00,0x00,0x00,0x00,0x00,0x00,0x00,0x00,0x00,0x00,0x00,0x80,0xbf,0x00,0x00,0x00,0x00,
    0x00,0x00,0x00,0x00,0x00,0x00,0x80,0x3f,0x00,0x00,0x80,0x3f,0x00,0x00,0x00,0x00,0x00,0x00,0x00,0x00,0x00,0x00,0x80,0xbf,
    0x00,0x00,0x00,0x00,0x00,0x00,0x00,0x00,0x00,0x00,0x00,0x00,0x00,0x00,0x80,0x3f,0x00,0x00,0x00,0x00,0x00,0x00,0x00,0x00,
    0x00,0x00,0x80,0xbf,0x00,0x00,0x00,0x00,0x00,0x00,0x00,0x00,0x00,0x00,0x01,0x00,0x02,0x00,0x00,0x00,0x00,0x00,0x00,0x00,
    0x00,0x00,0x00,0x00,0x00,0x00,0x02,0x00,0x03,0x00,0x00,0x00,0x00,0x00,0x00,0x00,0x00,0x00,0x01,0x00,0x07,0x00,0x06,0x00,
    0x05,0x00,0x00,0x00,0x00,0x00,0x00,0x00,0x00,0x00,0x01,0x00,0x07,0x00,0x05,0x00,0x04,0x00,0x00,0x00,0x00,0x00,0x00,0x00,
    0x00,0x00,0x02,0x00,0x00,0x00,0x05,0x00,0x01,0x00,0x00,0x00,0x00,0x00,0x00,0x00,0x00,0x00,0x02,0x00,0x00,0x00,0x04,0x00,
    0x05,0x00,0x00,0x00,0x00,0x00,0x00,0x00,0x00,0x00,0x03,0x00,0x02,0x00,0x07,0x00,0x03,0x00,0x00,0x00,0x00,0x00,0x00,0x00,
    0x00,0x00,0x03,0x00,0x02,0x00,0x06,0x00,0x07,0x00,0x00,0x00,0x00,0x00,0x00,0x00,0x00,0x00,0x04,0x00,0x01,0x00,0x06,0x00,
    0x02,0x00,0x00,0x00,0x00,0x00,0x00,0x00,0x00,0x00,0x03,0x00,0x01,0x00,0x05,0x00,0x06,0x00,0x00,0x00,0x00,0x00,0x00,0x00,
    0x00,0x00,0x05,0x00,0x03,0x00,0x04,0x00,0x00,0x00,0x00,0x00,0x00,0x00,0x00,0x00,0x00,0x00,0x03,0x00,0x03,0x00,0x07,0x00,
    0x04,0x00,0x00,0x00,0x00,0x00,0x00,0x00,0x00,0x00,0x00,0x00,0x00,0x00,0x01,0x00,0x02,0x00,0x00,0x00,0x00,0x00,0x00,0x00,
    0x00,0x00,0x00,0x00,0x00,0x00,0x02,0x00,0x03,0x00,0x00,0x00,0x00,0x00,0x00,0x00,0x00,0x00,0x01,0x00,0x07,0x00,0x06,0x00,
    0x05,0x00,0x00,0x00,0x00,0x00,0x00,0x00,0x00,0x00,0x01,0x00,0x07,0x00,0x05,0x00,0x04,0x00,0x00,0x00,0x00,0x00,0x00,0x00,
    0x00,0x00,0x02,0x00,0x00,0x00,0x05,0x00,0x01,0x00,0x00,0x00,0x00,0x00,0x00,0x00,0x00,0x00,0x02,0x00,0x00,0x00,0x04,0x00,
    0x05,0x00,0x00,0x00,0x00,0x00,0x00,0x00,0x00,0x00,0x03,0x00,0x02,0x00,0x07,0x00,0x03,0x00,0x00,0x00,0x00,0x00,0x00,0x00,
    0x00,0x00,0x03,0x00,0x02,0x00,0x06,0x00,0x07,0x00,0x00,0x00,0x00,0x00,0x00,0x00,0x00,0x00,0x04,0x00,0x01,0x00,0x06,0x00,
    0x02,0x00,0x00,0x00,0x00,0x00,0x00,0x00,0x00,0x00,0x03,0x00,0x01,0x00,0x05,0x00,0x06,0x00,0x00,0x00,0x00,0x00,0x00,0x00,
    0x00,0x00,0x05,0x00,0x03,0x00,0x04,0x00,0x00,0x00,0x00,0x00,0x00,0x00,0x00,0x00,0x00,0x00,0x03,0x00,0x03,0x00,0x07,0x00,
    0x04,0x00,0x00,0x00,0x00,0x00,0x00,0x00,0x08,0x00,0x00,0x00,0x00,0x00,0x00,0x00,0x0c,0x00,0x00,0x00,0x00,0x00,0x00,0x00,
    0x00,0x57,0x4b,0x00,0x00,0x00,0x00,0x00,0x48,0x57,0x4b,0x00,0x0c,0x00,0x00,0x00,0x00,0x00,0x00,0x00,0x00,0x00,0x00,0x00,
    0x00,0x00,0x00,0x00,0x00,0x00,0x00,0x00,0x00,0x00,0x00,0x00,0x00,0x00,0x00,0x00,0x00,0x00,0x00,0x00,0x00,0x00,0x00,0x00,
    0x00,0x00,0x00,0x00,0x00,0x00,0x00,0x00,0x00,0x00,0x00,0x00,0x00,0x00,0x00,0x00,0x00,0x00,0x00,0x00,0x00,0x00,0x00,0x00,
    0x00,0x00,0x00,0x00,0x00,0x00,0x00,0x00,0x00,0x00,0x00,0x00,0x00,0x00,0x00,0x00,0x00,0x00,0x00,0x00,0x00,0x00,0x00,0x00,
    0x00,0x00,0x00,0x00,0x00,0x00,0x00,0x00,0x00,0x00,0x00,0x00,0x00,0x00,0x00,0x00,0x00,0x00,0x00,0x00,0x00,0x00,0x00,0x00,
    0x00,0x00,0x00,0x00,0x00,0x00,0x00,0x00,0x01,0x00,0x00,0x00,0x00,0x00,0x00,0x00,0x7f,0x00,0x00,0x00,0x19,0x19,0x19,0x00,
    0x22,0x1a,0xf1,0x00,0xd8,0x59,0x4b,0x00,0xd0,0x59,0x4b,0x00,0x22,0x1a,0xf1,0x00,0x4a,0x8b,0x00,0x00,0xc0,0x59,0x4b,0x00,
    0xd0,0x59,0x4b,0x00,0x00,0x00,0x00,0x00,0x01,0x00,0x00,0x00,0x00,0xff,0x00,0x00,0x00,0x00,0xff,0x00,0x46,0x61,0x63,0x65,
    0x30,0x31,0x00,0x00,0x00,0x00,0x00,0x00,0x00,0x00,0x00,0x00,0x00,0x00,0x00,0x00,0x46,0x61,0x63,0x65,0x30,0x32,0x00,0x00,
    0x00,0x00,0x00,0x00,0x00,0x00,0x00,0x00,0x00,0x00,0x00,0x00,0x00,0x00,0x00,0x00,0x43,0x68,0x65,0x73,0x74,0x20,0x67,0x69,
    0x72,0x6c,0x79,0x32,0x00,0x00,0x00,0x00,0x46,0x61,0x63,0x65,0x30,0x31,0x00,0x00,0x43,0x68,0x65,0x73,0x74,0x20,0x76,0x69,
    0x73,0x69,0x74,0x6f,0x72,0x31,0x00,0x00,0x73,0x69,0x74,0x2e,0x6c,0x6f,0x67,0x69,0x72,0x6c,0x73,0x69,0x74,0x00,0x00,0x00,
    0x73,0x69,0x74,0x2e,0x6c,0x6f,0x6d,0x61,0x6e,0x73,0x69,0x74,0x00,0x00,0x00,0x00,0x7f,0x00,0x00,0x00,0x00,0x00,0x00,0x00,
    0x00,0x00,0x80,0x3f,0x00,0x00,0x00,0x00,0x00,0x00,0x00,0x00,0x00,0x00,0x00,0x00,0x00,0x00,0x80,0x3f,0x00,0x00,0x00,0x00,
    0x00,0x00,0x00,0x00,0x00,0x00,0x00,0x00,0x00,0x00,0x80,0x3f,0x00,0x00,0x00,0x00,0x00,0x00,0x80,0xbf,0x00,0x00,0x00,0x00,
    0x00,0x00,0x00,0x00,0x00,0x00,0x00,0x00,0x00,0x00,0x80,0xbf,0x00,0x00,0x00,0x00,0x00,0x00,0x00,0x00,0x00,0x00,0x00,0x00,
    0x00,0x00,0x80,0x3f,0x00,0x00,0x00,0x00,0x00,0x00,0x00,0x00,0x00,0x00,0x80,0x3f,0x00,0x00,0x00,0x00,0x00,0x00,0x80,0xbf,
    0x00,0x00,0x00,0x00,0x00,0x00,0x00,0x00,0x00,0x00,0x00,0x00,0x00,0x00,0x00,0x00,0x00,0x00,0x80,0x3f,0x00,0x00,0x00,0x00,
    0x00,0x00,0x00,0x00,0x00,0x00,0x80,0xbf,0x00,0x00,0x00,0x00,0x00,0x00,0x80,0x3f,0x00,0x00,0x00,0x00,0x00,0x00,0x00,0x00,
    0x00,0x00,0x00,0x00,0x00,0x00,0x00,0x00,0x00,0x00,0x80,0x3f,0x10,0x5a,0x4b,0x00,0x38,0x5a,0x4b,0x00,0x60,0x5a,0x4b,0x00,
    0x88,0x5a,0x4b,0x00,0x00,0x00,0x00,0xc0,0x00,0x00,0x00,0x40,0x00,0x00,0x80,0x3f,0x00,0x00,0x80,0x3f,0x00,0x00,0x40,0x40,
    0x00,0x00,0x40,0xc0,0x00,0x00,0x80,0xbf,0x00,0x00,0x00,0xc0,0x00,0x00,0x00,0x00,0x00,0x00,0x00,0x00,0x00,0x00,0x00,0x00,
    0x00,0x00,0x80,0x3f,0x00,0x00,0x00,0x00,0x00,0x00,0x80,0x3f,0x00,0x00,0x00,0x00,0x00,0x00,0x00,0x00,0x25,0x73,0x25,0x30,
    0x34,0x64,0x00,0x00,0x25,0x73,0x2e,0x6f,0x62,0x6a,0x00,0x00,0x25,0x73,0x2e,0x74,0x78,0x74,0x00,0x00,0x7f,0x00,0x00,0x00,
    0x7f,0x00,0x00,0x00,0x00,0x00,0x00,0x00,0xfc,0x98,0x57,0x00,0x70,0x38,0x4e,0x00,0x00,0x00,0x00,0x00,0xff,0x00,0x00,0x00,
    0x00,0x00,0x00,0x00,0x00,0x00,0xff,0x00,0x00,0xff,0x00,0x00,0x70,0xd8,0x4d,0x00,0x7f,0x00,0x00,0x00,0x00,0x00,0x00,0x00,
    0x01,0x00,0x00,0x00,0x00,0x00,0x00,0x00,0x00,0x00,0x00,0x00,0x02,0x00,0x00,0x00,0x00,0x00,0x00,0x00,0x04,0x00,0x00,0x00,
    0x00,0x00,0x00,0x00,0x40,0x39,0x42,0x00,0x70,0x39,0x42,0x00,0x90,0x39,0x42,0x00,0x00,0x00,0x00,0x00,0x00,0x00,0x00,0x00,
    0x00,0x00,0x00,0x00,0x43,0x41,0x53,0x54,0x4c,0x45,0x5f,0x44,0x55,0x4d,0x4d,0x59,0x00,0x00,0x00,0x00,0x52,0x4f,0x4c,0x4c,
    0x45,0x52,0x5f,0x43,0x4f,0x41,0x53,0x54,0x45,0x52,0x5f,0x53,0x41,0x56,0x45,0x00,0x52,0x4f,0x4c,0x4c,0x45,0x52,0x5f,0x43,
    0x4f,0x41,0x53,0x54,0x45,0x52,0x5f,0x4c,0x4f,0x41,0x44,0x00,0x53,0x51,0x55,0x41,0x52,0x45,0x5f,0x54,0x52,0x41,0x43,0x4b,
    0x5f,0x48,0x45,0x49,0x47,0x48,0x54,0x5f,0x50,0x41,0x54,0x48,0x00,0x00,0x00,0x00,0x53,0x51,0x55,0x41,0x52,0x45,0x5f,0x54,
    0x52,0x41,0x43,0x4b,0x5f,0x48,0x45,0x49,0x47,0x48,0x54,0x5f,0x30,0x00,0x00,0x00,0x53,0x51,0x55,0x41,0x52,0x45,0x5f,0x54,
    0x52,0x41,0x43,0x4b,0x5f,0x48,0x45,0x49,0x47,0x48,0x54,0x00,0x53,0x51,0x55,0x41,0x52,0x45,0x5f,0x54,0x52,0x41,0x43,0x4b,
    0x00,0x00,0x00,0x00,0x43,0x41,0x53,0x54,0x4c,0x45,0x20,0x4f,0x42,0x4a,0x00,0x00,0x7f,0x00,0x00,0x00,0x3f,0x3a,0xcd,0x3f,
    0x3f,0x3a,0xcd,0xbf,0x00,0x00,0x00,0x00,0x00,0x00,0x00,0x00,0x6d,0x3b,0x4d,0x3f,0x6d,0x3b,0x4d,0x3f,0x98,0x69,0xfb,0x3f,
    0x00,0x00,0x00,0x00,0xfb,0xcb,0x4c,0x40,0xfb,0xcb,0x4c,0x40,0x00,0x00,0x00,0x00,0x00,0xff,0xff,0x46,0x00,0x00,0x00,0x00,
    0x00,0x00,0x00,0x00,0x00,0x00,0x00,0x00,0x00,0x00,0x80,0x3f,0x3f,0x3a,0xcd,0x3f,0x3f,0x3a,0xcd,0xbf,0x00,0x00,0x00,0x00,
    0x00,0x00,0x00,0x00,0x6d,0x3b,0x4d,0x3f,0x6d,0x3b,0x4d,0x3f,0x98,0x69,0xfb,0x3f,0x00,0x00,0x00,0x00,0xfb,0xcb,0x4c,0x40,
    0xfb,0xcb,0x4c,0x40,0x00,0x00,0x00,0x00,0x00,0xff,0xff,0x46,0x00,0x00,0x00,0x00,0x00,0x00,0x00,0x00,0x00,0x00,0x00,0x00,
    0x00,0x00,0x80,0x3f,0x00,0x00,0x7c,0x42,0x00,0x00,0x00,0x00,0x00,0x00,0x00,0x00,0x00,0x00,0x80,0xbf,0x00,0x00,0x7c,0x42,
    0x00,0x00,0x00,0x00,0x00,0x00,0x00,0x00,0x00,0x00,0x80,0xbf,0x00,0x00,0x20,0x42,0xd7,0xa3,0x70,0x3e,0xd7,0xa3,0xb0,0x3e,
    0x00,0x00,0x80,0xbf,0x7f,0x00,0x00,0x00,0x54,0x72,0x61,0x63,0x6b,0x20,0x25,0x32,0x78,0x2c,0x20,0x54,0x79,0x70,0x65,0x20,
    0x25,0x32,0x78,0x20,0x61,0x74,0x20,0x28,0x25,0x32,0x78,0x2c,0x20,0x25,0x32,0x78,0x29,0x0a,0x00,0x00,0x52,0x6f,0x6c,0x6c,
    0x65,0x72,0x43,0x6f,0x61,0x73,0x74,0x65,0x72,0x5c,0x52,0x6f,0x6c,0x6c,0x65,0x72,0x43,0x6f,0x61,0x73,0x74,0x65,0x72,0x2e,
    0x73,0x61,0x76,0x00,0x7f,0x00,0x00,0x00,0x7f,0x00,0x00,0x00,0x00,0x00,0x00,0x00,0x00,0x00,0x00,0x00,0x00,0x00,0x00,0x00,
    0x00,0x00,0x00,0x00,0x0f,0x00,0x00,0x00,0x00,0x00,0x00,0x00,0x0f,0x00,0x00,0x00,0x00,0x00,0x00,0x00,0x40,0x7a,0x42,0x00,
    0x80,0x7a,0x42,0x00,0xe0,0x86,0x42,0x00,0xc0,0x75,0x42,0x00,0xb0,0x75,0x42,0x00,0x00,0x00,0x00,0x00,0x00,0x00,0x00,0x00,
    0x01,0x00,0x00,0x00,0x19,0x00,0x00,0x00,0x19,0x00,0x00,0x00,0x0f,0x00,0x00,0x00,0x00,0x00,0x00,0x00,0x0f,0x00,0x00,0x00,
    0x00,0x00,0x00,0x00,0x30,0x7c,0x42,0x00,0x70,0x7c,0x42,0x00,0xe0,0x86,0x42,0x00,0xc0,0x75,0x42,0x00,0xb0,0x75,0x42,0x00,
    0x00,0x00,0x00,0x00,0x00,0x00,0x00,0x00,0x01,0x00,0x00,0x00,0x02,0x00,0x00,0x00,0x02,0x00,0x00,0x00,0x0f,0x00,0x00,0x00,
    0x00,0x00,0x00,0x00,0x0f,0x00,0x00,0x00,0x00,0x00,0x00,0x00,0x30,0x7c,0x42,0x00,0x70,0x7c,0x42,0x00,0xe0,0x86,0x42,0x00,
    0xc0,0x75,0x42,0x00,0xb0,0x75,0x42,0x00,0x00,0x00,0x00,0x00,0x00,0x00,0x00,0x00,0x01,0x00,0x00,0x00,0x0f,0x00,0x00,0x00,
    0x0f,0x00,0x00,0x00,0x0f,0x00,0x00,0x00,0x00,0x00,0x00,0x00,0x0f,0x00,0x00,0x00,0x00,0x00,0x00,0x00,0x30,0x7c,0x42,0x00,
    0x70,0x7c,0x42,0x00,0xe0,0x86,0x42,0x00,0xf0,0x7f,0x42,0x00,0x70,0x7f,0x42,0x00,0x01,0x00,0x00,0x00,0x00,0x00,0x00,0x00,
    0x00,0x00,0x80,0x3f,0x00,0x00,0x00,0x00,0x00,0x00,0x00,0x00,0x00,0x00,0x00,0x40,0x00,0x00,0x80,0x3f,0x00,0x00,0x00,0x00,
    0x00,0x00,0x80,0x3f,0x00,0x00,0x00,0x40,0x00,0x00,0x00,0x00,0x00,0x00,0x00,0x00,0x00,0x00,0x80,0x3f,0x00,0x00,0x00,0x00,
    0x00,0x00,0x00,0x3f,0x00,0x00,0x00,0x00,0x00,0x00,0x00,0x00,0x00,0x00,0x00,0xbf,0x00,0x00,0x00,0x00,0x00,0x00,0x00,0x00,
    0x00,0x00,0x00,0x00,0x00,0x00,0x00,0x3f,0x00,0x00,0x00,0x00,0x00,0x00,0x00,0x00,0x00,0x00,0x00,0xbf,0x00,0x00,0x00,0x00,
    0x00,0x00,0x80,0x3f,0x00,0x00,0x00,0x00,0x00,0x00,0x00,0x00,0x00,0x00,0x00,0x00,0x00,0x00,0x80,0xbf,0x00,0x00,0x00,0x00,
    0x00,0x00,0x80,0xbf,0x00,0x00,0x00,0x00,0x00,0x00,0x00,0x00,0x00,0x00,0x00,0x00,0x00,0x00,0x80,0x3f,0x00,0x00,0x00,0x00,
    0x00,0x00,0x00,0x00,0x00,0x00,0x00,0x00,0x00,0x00,0x00,0x00,0x00,0x00,0x00,0x40,0x00,0x00,0x00,0x00,0x00,0x00,0x00,0x00,
    0x00,0x00,0x00,0x40,0x00,0x00,0x00,0x40,0x00,0x00,0x00,0x00,0x00,0x00,0x00,0x00,0x00,0x00,0x00,0x40,0x00,0x00,0x00,0x00,
    0x00,0x00,0x00,0x00,0x02,0x00,0x00,0x00,0x01,0x00,0x00,0x00,0x03,0x00,0x00,0x00,0x00,0x00,0x00,0x00,0x00,0x00,0x00,0x00,
    0x00,0x00,0x00,0x00,0x00,0x00,0x00,0x00,0xfc,0xff,0xff,0xff,0xfe,0xff,0xff,0xff,0x00,0x00,0x00,0x00,0x02,0x00,0x00,0x00,
    0x04,0x00,0x00,0x00,0x00,0x00,0x00,0x00,0x03,0x00,0x00,0x00,0x02,0x00,0x00,0x00,0x03,0x00,0x00,0x00,0x02,0x00,0x00,0x00,
    0x01,0x00,0x00,0x00,0x00,0x00,0x00,0x00,0x01,0x00,0x00,0x00,0x00,0x00,0xc0,0x3f,0x00,0x00,0x00,0x3f,0x00,0x00,0x00,0x3f,
    0x00,0x00,0xc0,0x3f,0x00,0x00,0xc0,0x3f,0x00,0x00,0x00,0x3f,0x00,0x00,0x00,0x3f,0x00,0x00,0xc0,0x3f,0x42,0x41,0x53,0x49,
    0x43,0x20,0x54,0x49,0x4c,0x45,0x53,0x20,0x31,0x00,0x00,0x00,0x00,0x00,0x00,0x00,0x7f,0x00,0x00,0x00,0x00,0x00,0x00,0x00,
    0x60,0x88,0x42,0x00,0x60,0x88,0x42,0x00,0x7f,0x00,0x00,0x00,0x00,0x00,0x00,0x00,0x00,0x00,0x00,0x00,0x00,0x00,0x00,0x00,
    0x00,0x00,0x00,0x00,0x00,0x00,0x00,0x00,0xc8,0x39,0x61,0x00,0xb8,0x48,0x61,0x00,0x08,0x27,0x61,0x00,0x00,0x00,0x00,0x00,
    0x00,0x00,0x80,0x3f,0x00,0x00,0x80,0x3f,0x00,0x00,0x00,0x00,0x00,0x00,0x80,0xbf,0x00,0x00,0x80,0x3f,0x00,0x00,0x00,0x00,
    0x00,0x00,0x80,0xbf,0x00,0x00,0x80,0xbf,0x00,0x00,0x00,0x00,0x00,0x00,0x80,0x3f,0x00,0x00,0x80,0xbf,0x00,0x00,0x00,0x00,
    0x00,0x00,0x80,0x3f,0x00,0x00,0x80,0x3f,0x00,0x00,0x00,0x00,0x00,0x00,0x80,0xbf,0x00,0x00,0x80,0x3f,0x00,0x00,0x00,0x00,
    0x00,0x00,0x80,0xbf,0x00,0x00,0x80,0xbf,0x00,0x00,0x00,0x00,0x00,0x00,0x80,0x3f,0x00,0x00,0x80,0xbf,0x00,0x00,0x00,0x00,
    0x00,0x00,0x80,0x3f,0x00,0x00,0x80,0x3f,0x00,0x00,0x00,0x00,0x00,0x00,0x80,0xbf,0x00,0x00,0x80,0x3f,0x00,0x00,0x00,0x00,
    0x00,0x00,0x80,0xbf,0x00,0x00,0x80,0xbf,0x00,0x00,0x00,0x00,0x00,0x00,0x80,0x3f,0x00,0x00,0x80,0xbf,0x00,0x00,0x00,0x00,
    0x00,0x00,0x04,0x00,0x00,0x00,0x01,0x00,0x04,0x00,0x00,0x00,0x00,0x00,0x00,0x00,0x00,0x00,0x04,0x00,0x04,0x00,0x01,0x00,
    0x05,0x00,0x00,0x00,0x00,0x00,0x00,0x00,0x00,0x00,0x04,0x00,0x01,0x00,0x02,0x00,0x05,0x00,0x00,0x00,0x00,0x00,0x00,0x00,
    0x00,0x00,0x04,0x00,0x05,0x00,0x02,0x00,0x06,0x00,0x00,0x00,0x00,0x00,0x00,0x00,0x00,0x00,0x04,0x00,0x02,0x00,0x03,0x00,
    0x06,0x00,0x00,0x00,0x00,0x00,0x00,0x00,0x00,0x00,0x04,0x00,0x06,0x00,0x03,0x00,0x07,0x00,0x00,0x00,0x00,0x00,0x00,0x00,
    0x00,0x00,0x04,0x00,0x03,0x00,0x00,0x00,0x07,0x00,0x00,0x00,0x00,0x00,0x00,0x00,0x00,0x00,0x04,0x00,0x07,0x00,0x00,0x00,
    0x04,0x00,0x00,0x00,0x00,0x00,0x00,0x00,0x00,0x00,0x00,0x00,0x04,0x00,0x05,0x00,0x08,0x00,0x00,0x00,0x00,0x00,0x00,0x00,
    0x00,0x00,0x00,0x00,0x08,0x00,0x05,0x00,0x09,0x00,0x00,0x00,0x00,0x00,0x00,0x00,0x00,0x00,0x01,0x00,0x05,0x00,0x06,0x00,
    0x09,0x00,0x00,0x00,0x00,0x00,0x00,0x00,0x00,0x00,0x01,0x00,0x09,0x00,0x06,0x00,0x0a,0x00,0x00,0x00,0x00,0x00,0x00,0x00,
    0x00,0x00,0x02,0x00,0x06,0x00,0x07,0x00,0x0a,0x00,0x00,0x00,0x00,0x00,0x00,0x00,0x00,0x00,0x02,0x00,0x0a,0x00,0x07,0x00,
    0x0b,0x00,0x00,0x00,0x00,0x00,0x00,0x00,0x00,0x00,0x03,0x00,0x07,0x00,0x04,0x00,0x0b,0x00,0x00,0x00,0x00,0x00,0x00,0x00,
    0x00,0x00,0x03,0x00,0x0b,0x00,0x04,0x00,0x08,0x00,0x00,0x00,0x00,0x00,0x00,0x00,0x00,0x00,0x80,0x3f,0x00,0x00,0x00,0x00,
    0x00,0x00,0x00,0x00,0x00,0x00,0x00,0x00,0x00,0x00,0x80,0x3f,0x00,0x00,0x80,0x3f,0x00,0x00,0x80,0xbf,0x00,0x00,0x00,0x00,
    0x00,0x00,0x00,0x00,0x00,0x00,0x00,0x00,0x00,0x00,0x80,0xbf,0x00,0x00,0x00,0x00,0x00,0x00,0x00,0x00,0x00,0x00,0x00,0x00,
    0x00,0x00,0x80,0xbf,0x00,0x00,0x00,0x00,0x0c,0x00,0x00,0x00,0x00,0x00,0x00,0x00,0x10,0x00,0x00,0x00,0xe8,0x37,0x61,0x00,
    0x10,0x61,0x4b,0x00,0x00,0x00,0x00,0x00,0x10,0x60,0x4b,0x00,0x10,0x00,0x00,0x00,0x00,0x00,0x00,0x00,0x00,0x00,0x00,0x00,
    0x00,0x00,0x00,0x00,0x00,0x00,0x00,0x00,0x00,0x00,0x00,0x00,0x00,0x00,0x00,0x00,0x00,0x00,0x00,0x00,0x00,0x00,0x00,0x00,
    0x00,0x00,0x00,0x00,0x00,0x00,0x00,0x00,0x00,0x00,0x00,0x00,0x00,0x00,0x00,0x00,0x00,0x00,0x00,0x00,0x00,0x00,0x00,0x00,
    0x00,0x00,0x00,0x00,0x00,0x00,0x00,0x00,0x00,0x00,0x00,0x00,0x00,0x00,0x00,0x00,0x00,0x00,0x00,0x00,0x00,0x00,0x00,0x00,
    0x00,0x00,0x00,0x00,0x00,0x00,0x00,0x00,0x00,0x00,0x00,0x00,0x00,0x00,0x00,0x00,0x00,0x00,0x00,0x00,0x00,0x00,0x00,0x00,
    0x00,0x00,0x00,0x00,0x00,0x00,0x00,0x00,0x00,0x00,0x80,0x3f,0x00,0x00,0x80,0xbf,0x00,0x00,0x80,0xbf,0x00,0x00,0x80,0x3f,
    0x00,0x00,0x80,0x3f,0x00,0x00,0x80,0xbf,0x00,0x00,0x80,0xbf,0x00,0x00,0x80,0x3f,0x00,0x00,0x80,0xbf,0x00,0x00,0x80,0xbf,
    0x00,0x00,0x80,0xbf,0x00,0x00,0x80,0xbf,0x00,0x00,0x80,0x3f,0x00,0x00,0x80,0xbf,0x00,0x00,0x80,0x3f,0x00,0x00,0x80,0x3f,
    0x00,0x00,0x80,0x3f,0x00,0x00,0x80,0x3f,0x00,0x00,0x80,0xbf,0x00,0x00,0x80,0x3f,0x00,0x00,0x80,0x3f,0x00,0x00,0x80,0xbf,
    0x00,0x00,0x80,0xbf,0x00,0x00,0x80,0x3f,0x00,0x00,0x00,0x00,0x00,0x00,0x00,0x00,0x00,0x00,0x80,0xbf,0x00,0x00,0x00,0x00,
    0x00,0x00,0x00,0x00,0x00,0x00,0x80,0x3f,0x00,0x00,0x80,0x3f,0x00,0x00,0x00,0x00,0x00,0x00,0x00,0x00,0x00,0x00,0x80,0xbf,
    0x00,0x00,0x00,0x00,0x00,0x00,0x00,0x00,0x00,0x00,0x00,0x00,0x00,0x00,0x01,0x00,0x02,0x00,0x00,0x00,0x00,0x00,0x00,0x00,
    0x00,0x00,0x00,0x00,0x00,0x00,0x02,0x00,0x03,0x00,0x00,0x00,0x00,0x00,0x00,0x00,0x00,0x00,0x01,0x00,0x07,0x00,0x06,0x00,
    0x05,0x00,0x00,0x00,0x00,0x00,0x00,0x00,0x00,0x00,0x01,0x00,0x07,0x00,0x05,0x00,0x04,0x00,0x00,0x00,0x00,0x00,0x00,0x00,
    0x00,0x00,0x02,0x00,0x00,0x00,0x05,0x00,0x01,0x00,0x00,0x00,0x00,0x00,0x00,0x00,0x00,0x00,0x02,0x00,0x00,0x00,0x04,0x00,
    0x05,0x00,0x00,0x00,0x00,0x00,0x00,0x00,0x00,0x00,0x03,0x00,0x02,0x00,0x07,0x00,0x03,0x00,0x00,0x00,0x00,0x00,0x00,0x00,
    0x00,0x00,0x03,0x00,0x02,0x00,0x06,0x00,0x07,0x00,0x00,0x00,0x00,0x00,0x00,0x00,0x01,0x00,0x00,0x00,0x00,0x00,0x00,0x00,
    0x00,0x00,0x00,0x00,0x00,0x00,0x00,0x00,0x08,0x00,0x00,0x00,0x00,0x00,0x00,0x00,0x08,0x00,0x00,0x00,0x58,0x48,0x61,0x00,
    0x40,0x62,0x4b,0x00,0x00,0x00,0x00,0x00,0x70,0x62,0x4b,0x00,0x08,0x00,0x00,0x00,0x00,0x00,0x00,0x00,0x00,0x00,0x00,0x00,
    0x00,0x00,0x00,0x00,0x00,0x00,0x00,0x00,0x00,0x00,0x00,0x00,0x00,0x00,0x00,0x00,0x00,0x00,0x00,0x00,0x00,0x00,0x00,0x00,
    0x00,0x00,0x00,0x00,0x00,0x00,0x00,0x00,0x00,0x00,0x00,0x00,0x00,0x00,0x00,0x00,0x00,0x00,0x00,0x00,0x00,0x00,0x00,0x00,
    0x00,0x00,0x00,0x00,0x00,0x00,0x00,0x00,0x00,0x00,0x00,0x00,0x00,0x00,0x00,0x00,0x00,0x00,0x00,0x00,0x00,0x00,0x00,0x00,
    0x00,0x00,0x00,0x00,0x00,0x00,0x00,0x00,0x00,0x00,0x00,0x00,0x00,0x00,0x00,0x00,0x00,0x00,0x00,0x00,0x00,0x00,0x00,0x00,
    0x00,0x00,0x00,0x00,0x00,0x00,0x00,0x00,0x7f,0x00,0x00,0x00,0x00,0x00,0x00,0x00,0x00,0x00,0xa0,0x41,0x00,0x00,0x00,0x00,
    0x00,0x00,0x00,0x00,0x00,0x00,0x20,0x42,0x00,0x00,0xa0,0x41,0x00,0x00,0x00,0x00,0x00,0x00,0xa0,0x41,0x00,0x00,0x20,0x42,
    0x00,0x00,0x00,0x00,0x00,0x00,0x00,0x00,0x00,0x00,0xa0,0x41,0x00,0x00,0x00,0x00,0x00,0x00,0x20,0x41,0x00,0x00,0x00,0x00,
    0x00,0x00,0x00,0x00,0x00,0x00,0x00,0x00,0x00,0x00,0x20,0x41,0x00,0x00,0x00,0x00,0x00,0x00,0x20,0xc1,0x00,0x00,0x00,0x00,
    0x00,0x00,0x00,0x00,0x00,0x00,0x00,0x00,0x00,0x00,0x20,0xc1,0x00,0x00,0x00,0x00,0x7f,0x00,0x00,0x00,0x20,0x9e,0x42,0x00,
    0x7f,0x00,0x00,0x00,0x7f,0x00,0x00,0x00,0x00,0x00,0x00,0x00,0x02,0x00,0x00,0x00,0x01,0x00,0x00,0x00,0x63,0x6f,0x61,0x73,
    0x74,0x65,0x72,0x74,0x72,0x61,0x69,0x6e,0x2e,0x77,0x68,0x65,0x65,0x6c,0x30,0x31,0x00,0x00,0x00,0x00,0x7f,0x00,0x00,0x00,
    0x5a,0x62,0x75,0x66,0x66,0x65,0x72,0x73,0x5c,0x62,0x61,0x6c,0x6c,0x6f,0x6f,0x6e,0x7a,0x2e,0x62,0x6e,0x76,0x00,0x00,0x00,
    0x7a,0x5f,0x42,0x61,0x6c,0x6c,0x6f,0x6f,0x6e,0x32,0x2e,0x6c,0x6c,0x73,0x00,0x00,0x42,0x5a,0x42,0x6c,0x75,0x65,0x43,0x61,
    0x72,0x4d,0x31,0x2e,0x6c,0x6c,0x73,0x00,0x42,0x5a,0x47,0x72,0x65,0x65,0x6e,0x43,0x61,0x72,0x4d,0x31,0x2e,0x6c,0x6c,0x73,
    0x00,0x00,0x00,0x00,0x42,0x5a,0x52,0x65,0x64,0x43,0x61,0x72,0x4d,0x31,0x2e,0x6c,0x6c,0x73,0x00,0x00,0x42,0x61,0x6c,0x6c,
    0x62,0x61,0x73,0x65,0x6d,0x33,0x2e,0x6c,0x6c,0x73,0x00,0x00,0x42,0x61,0x6c,0x6c,0x62,0x61,0x73,0x65,0x6d,0x32,0x2e,0x6c,
    0x6c,0x73,0x00,0x00,0x42,0x61,0x6c,0x6c,0x62,0x61,0x73,0x65,0x6d,0x31,0x2e,0x6c,0x6c,0x73,0x00,0x00,0x42,0x6c,0x6f,0x6b,
    0x65,0x3f,0x3f,0x00,0x00,0x00,0x00,0x00,0x7f,0x00,0x00,0x00,0x42,0x6c,0x6f,0x6b,0x65,0x42,0x6f,0x78,0x3f,0x3f,0x00,0x00,
    0x0c,0x65,0x4b,0x00,0x00,0x00,0x00,0x00,0x00,0x00,0x00,0x00,0xf0,0x64,0x4b,0x00,0x00,0x00,0x00,0x00,0x00,0x00,0x00,0x00,
    0x43,0x61,0x72,0x6f,0x75,0x73,0x65,0x6c,0x20,0x62,0x72,0x65,0x61,0x6b,0x69,0x6e,0x67,0x20,0x64,0x6f,0x77,0x6e,0x2e,0x77,
    0x61,0x76,0x00,0x00,0x43,0x61,0x72,0x6f,0x75,0x73,0x65,0x6c,0x2e,0x77,0x61,0x76,0x00,0x00,0x00,0x00,0x43,0x61,0x72,0x6f,
    0x75,0x73,0x65,0x6c,0x20,0x45,0x6e,0x74,0x72,0x61,0x6e,0x63,0x65,0x20,0x4d,0x61,0x74,0x74,0x65,0x32,0x2e,0x6c,0x6c,0x73,
    0x00,0x00,0x00,0x00,0x43,0x61,0x72,0x6f,0x75,0x73,0x65,0x6c,0x20,0x45,0x6e,0x74,0x72,0x61,0x6e,0x63,0x65,0x20,0x4d,0x61,
    0x74,0x74,0x65,0x2e,0x6c,0x6c,0x73,0x00,0x5a,0x62,0x75,0x66,0x66,0x65,0x72,0x73,0x5c,0x43,0x61,0x72,0x6f,0x75,0x73,0x65,
    0x6c,0x4f,0x66,0x66,0x2e,0x62,0x6e,0x76,0x00,0x00,0x00,0x00,0x5a,0x62,0x75,0x66,0x66,0x65,0x72,0x73,0x5c,0x43,0x61,0x72,
    0x6f,0x75,0x73,0x65,0x6c,0x2e,0x62,0x6e,0x76,0x00,0x00,0x00,0x5a,0x62,0x75,0x66,0x66,0x65,0x72,0x73,0x5c,0x43,0x61,0x72,
    0x6f,0x75,0x73,0x65,0x6c,0x4f,0x6e,0x2e,0x62,0x6e,0x76,0x00,0x7a,0x5f,0x43,0x61,0x72,0x6f,0x75,0x73,0x65,0x6c,0x2e,0x6c,
    0x6c,0x73,0x00,0x00,0x00,0x00,0x00,0x00,0x7f,0x00,0x00,0x00,0x00,0x00,0x00,0x00,0x00,0x00,0x00,0x00,0x04,0x00,0x00,0x00,
    0x00,0x00,0x00,0x00,0x03,0x00,0x00,0x00,0x00,0x00,0x00,0x00,0x02,0x00,0x00,0x00,0x00,0x00,0x00,0x00,0x01,0x00,0x00,0x00,
    0x45,0x61,0x72,0x74,0x68,0x53,0x6c,0x69,0x64,0x65,0x45,0x6e,0x74,0x72,0x61,0x6e,0x63,0x65,0x4d,0x61,0x74,0x74,0x65,0x32,
    0x2e,0x6c,0x6c,0x73,0x00,0x00,0x00,0x00,0x45,0x61,0x72,0x74,0x68,0x53,0x6c,0x69,0x64,0x65,0x20,0x45,0x6e,0x74,0x72,0x61,
    0x6e,0x63,0x65,0x20,0x4d,0x61,0x74,0x74,0x65,0x2e,0x6c,0x6c,0x73,0x00,0x00,0x00,0x33,0x64,0x64,0x61,0x74,0x61,0x5c,0x65,
    0x61,0x72,0x74,0x68,0x73,0x6c,0x69,0x64,0x65,0x2e,0x72,0x69,0x6e,0x00,0x00,0x00,0x2e,0x00,0x00,0x00,0x33,0x64,0x64,0x61,
    0x74,0x61,0x5c,0x65,0x61,0x72,0x74,0x68,0x2e,0x70,0x6f,0x73,0x00,0x00,0x00,0x00,0x7f,0x00,0x00,0x00,0x78,0x09,0x00,0x00,
    0x78,0x0d,0x00,0x00,0x78,0x08,0x00,0x00,0x78,0x0c,0x00,0x00,0x00,0x00,0x00,0x00,0x74,0x66,0x4b,0x00,0x00,0x00,0x00,0x00,
    0x00,0x00,0x00,0x00,0x74,0x75,0x72,0x6e,0x73,0x74,0x79,0x6c,0x65,0x73,0x2e,0x77,0x61,0x76,0x00,0x00,0x62,0x6f,0x6f,0x74,
    0x68,0x31,0x2e,0x6c,0x6c,0x73,0x00,0x00,0x65,0x6e,0x74,0x72,0x61,0x6e,0x63,0x65,0x5f,0x6d,0x61,0x74,0x74,0x65,0x34,0x2e,
    0x6c,0x6c,0x73,0x00,0x65,0x6e,0x74,0x72,0x61,0x6e,0x63,0x65,0x5f,0x6d,0x61,0x74,0x74,0x65,0x33,0x2e,0x6c,0x6c,0x73,0x00,
    0x65,0x6e,0x74,0x72,0x61,0x6e,0x63,0x65,0x5f,0x6d,0x61,0x74,0x74,0x65,0x32,0x2e,0x6c,0x6c,0x73,0x00,0x65,0x6e,0x74,0x72,
    0x61,0x6e,0x63,0x65,0x5f,0x6d,0x61,0x74,0x74,0x65,0x31,0x2e,0x6c,0x6c,0x73,0x00,0x7f,0x00,0x00,0x00,0x00,0x00,0x00,0x00,
    0xb4,0x6e,0x4b,0x00,0x00,0x00,0x00,0x00,0x00,0x00,0x00,0x00,0xfe,0xff,0xff,0xff,0x00,0x00,0x00,0x00,0x80,0x00,0x00,0x00,
    0x80,0x00,0x00,0x00,0x01,0x00,0x00,0x00,0x03,0x00,0x00,0x00,0xfe,0xff,0xff,0xff,0x01,0x00,0x00,0x00,0x80,0x00,0x00,0x00,
    0x96,0x00,0x00,0x00,0x01,0x00,0x00,0x00,0x05,0x00,0x00,0x00,0xfe,0xff,0xff,0xff,0x01,0x00,0x00,0x00,0xb0,0xff,0xff,0xff,
    0x96,0x00,0x00,0x00,0x00,0x00,0x00,0x00,0x04,0x00,0x00,0x00,0xfe,0xff,0xff,0xff,0x01,0x00,0x00,0x00,0x80,0x00,0x00,0x00,
    0x96,0x00,0x00,0x00,0x00,0x00,0x00,0x00,0x04,0x00,0x00,0x00,0xfe,0xff,0xff,0xff,0x00,0x00,0x00,0x00,0x80,0x00,0x00,0x00,
    0x80,0x00,0x00,0x00,0x01,0x00,0x00,0x00,0x05,0x00,0x00,0x00,0xfc,0xff,0xff,0xff,0x02,0x00,0x00,0x00,0x00,0x00,0x00,0x00,
    0x8c,0x00,0x00,0x00,0x01,0x00,0x00,0x00,0x03,0x00,0x00,0x00,0xfd,0xff,0xff,0xff,0x02,0x00,0x00,0x00,0x80,0x00,0x00,0x00,
    0x8c,0x00,0x00,0x00,0x01,0x00,0x00,0x00,0x05,0x00,0x00,0x00,0xfd,0xff,0xff,0xff,0x02,0x00,0x00,0x00,0x00,0x00,0x00,0x00,
    0xc4,0xff,0xff,0xff,0x00,0x00,0x00,0x00,0x04,0x00,0x00,0x00,0xfd,0xff,0xff,0xff,0x03,0x00,0x00,0x00,0x00,0x00,0x00,0x00,
    0x00,0x00,0x00,0x00,0x00,0x00,0x00,0x00,0x04,0x00,0x00,0x00,0xfc,0xff,0xff,0xff,0x00,0x00,0x00,0x00,0x00,0x00,0x00,0x00,
    0x00,0x00,0x00,0x00,0x01,0x00,0x00,0x00,0x03,0x00,0x00,0x00,0xfe,0xff,0xff,0xff,0x00,0x00,0x00,0x00,0x80,0x00,0x00,0x00,
    0x80,0x00,0x00,0x00,0x01,0x00,0x00,0x00,0x03,0x00,0x00,0x00,0xfe,0xff,0xff,0xff,0xff,0xff,0xff,0xff,0x80,0x00,0x00,0x00,
    0x64,0x00,0x00,0x00,0x01,0x00,0x00,0x00,0x02,0x00,0x00,0x00,0xfe,0xff,0xff,0xff,0xff,0xff,0xff,0xff,0xa6,0xff,0xff,0xff,
    0x64,0x00,0x00,0x00,0x00,0x00,0x00,0x00,0x01,0x00,0x00,0x00,0xfe,0xff,0xff,0xff,0xff,0xff,0xff,0xff,0x80,0x00,0x00,0x00,
    0x64,0x00,0x00,0x00,0x00,0x00,0x00,0x00,0x01,0x00,0x00,0x00,0xfe,0xff,0xff,0xff,0x00,0x00,0x00,0x00,0x80,0x00,0x00,0x00,
    0x80,0x00,0x00,0x00,0x01,0x00,0x00,0x00,0x02,0x00,0x00,0x00,0x00,0x00,0x00,0x00,0x09,0x00,0x00,0x00,0x0a,0x00,0x00,0x00,
    0x0a,0x00,0x00,0x00,0x09,0x00,0x00,0x00,0x0a,0x00,0x00,0x00,0x09,0x00,0x00,0x00,0x0a,0x00,0x00,0x00,0x0a,0x00,0x00,0x00,
    0x0a,0x00,0x00,0x00,0x09,0x00,0x00,0x00,0x0a,0x00,0x00,0x00,0x09,0x00,0x00,0x00,0x0a,0x00,0x00,0x00,0x0a,0x00,0x00,0x00,
    0x0a,0x00,0x00,0x00,0x09,0x00,0x00,0x00,0x0a,0x00,0x00,0x00,0x0a,0x00,0x00,0x00,0x09,0x00,0x00,0x00,0x0a,0x00,0x00,0x00,
    0x09,0x00,0x00,0x00,0x0a,0x00,0x00,0x00,0x0a,0x00,0x00,0x00,0x09,0x00,0x00,0x00,0x0a,0x00,0x00,0x00,0x0a,0x00,0x00,0x00,
    0x0a,0x00,0x00,0x00,0x09,0x00,0x00,0x00,0x0a,0x00,0x00,0x00,0x0a,0x00,0x00,0x00,0x09,0x00,0x00,0x00,0x00,0x00,0x00,0x00,
    0x00,0x00,0x00,0x00,0x09,0x00,0x00,0x00,0x09,0x00,0x00,0x00,0x0a,0x00,0x00,0x00,0x09,0x00,0x00,0x00,0x09,0x00,0x00,0x00,
    0x0a,0x00,0x00,0x00,0x09,0x00,0x00,0x00,0x09,0x00,0x00,0x00,0x0a,0x00,0x00,0x00,0x09,0x00,0x00,0x00,0x09,0x00,0x00,0x00,
    0x09,0x00,0x00,0x00,0x0a,0x00,0x00,0x00,0x09,0x00,0x00,0x00,0x09,0x00,0x00,0x00,0x0a,0x00,0x00,0x00,0x09,0x00,0x00,0x00,
    0x09,0x00,0x00,0x00,0x0a,0x00,0x00,0x00,0x09,0x00,0x00,0x00,0x09,0x00,0x00,0x00,0x0a,0x00,0x00,0x00,0x09,0x00,0x00,0x00,
    0x09,0x00,0x00,0x00,0x09,0x00,0x00,0x00,0x0a,0x00,0x00,0x00,0x09,0x00,0x00,0x00,0x09,0x00,0x00,0x00,0x0a,0x00,0x00,0x00,
    0x09,0x00,0x00,0x00,0x09,0x00,0x00,0x00,0x00,0x00,0x00,0x00,0x00,0x00,0x00,0x00,0xa0,0x6e,0x4b,0x00,0x00,0x00,0x00,0x00,
    0x00,0x00,0x00,0x00,0x8c,0x6e,0x4b,0x00,0x00,0x00,0x00,0x00,0x00,0x00,0x00,0x00,0x78,0x6e,0x4b,0x00,0x00,0x00,0x00,0x00,
    0x00,0x00,0x00,0x00,0x00,0x00,0x00,0x00,0x80,0x02,0x00,0x00,0x80,0x00,0x00,0x00,0x00,0x03,0x00,0x00,0x80,0x02,0x00,0x00,
    0x00,0x03,0x00,0x00,0x80,0xfd,0xff,0xff,0x80,0xfe,0xff,0xff,0x80,0xfd,0xff,0xff,0x80,0xfe,0xff,0xff,0x80,0x02,0x00,0x00,
    0xc0,0x02,0x00,0x00,0x00,0xff,0xff,0xff,0x00,0x05,0x00,0x00,0xc0,0xfc,0xff,0xff,0x40,0x00,0x00,0x00,0x00,0xfd,0xff,0xff,
    0x80,0x02,0x00,0x00,0xc0,0xfa,0xff,0xff,0x00,0x00,0x00,0x00,0x40,0xfd,0xff,0xff,0xc0,0xfd,0xff,0xff,0x00,0xfb,0xff,0xff,
    0x00,0xfe,0xff,0xff,0x40,0xff,0xff,0xff,0xc0,0xfb,0xff,0xff,0x00,0xfd,0xff,0xff,0x00,0xfe,0xff,0xff,0xc0,0xff,0xff,0xff,
    0xc0,0xfb,0xff,0xff,0x00,0x02,0x00,0x00,0x00,0x00,0x00,0x00,0xc0,0x01,0x00,0x00,0xc0,0xfd,0xff,0xff,0x40,0x04,0x00,0x00,
    0x40,0x00,0x00,0x00,0x00,0x02,0x00,0x00,0x80,0x02,0x00,0x00,0x40,0x04,0x00,0x00,0xc0,0x02,0x00,0x00,0x00,0x00,0x00,0x00,
    0x20,0x05,0x00,0x00,0x60,0x02,0x00,0x00,0x00,0x00,0x00,0x00,0xff,0xff,0xff,0xff,0xff,0xff,0xff,0xff,0x05,0x00,0x00,0x00,
    0x00,0x00,0x00,0x00,0xff,0xff,0xff,0xff,0x02,0x00,0x00,0x00,0x06,0x00,0x00,0x00,0x00,0x00,0x00,0x00,0xff,0xff,0xff,0xff,
    0x02,0x00,0x00,0x00,0x07,0x00,0x00,0x00,0x00,0x00,0x00,0x00,0xff,0xff,0xff,0xff,0x02,0x00,0x00,0x00,0x08,0x00,0x00,0x00,
    0x00,0x00,0x00,0x00,0xff,0xff,0xff,0xff,0x02,0x00,0x00,0x00,0x09,0x00,0x00,0x00,0x00,0x00,0x00,0x00,0x02,0x00,0x00,0x00,
    0x03,0x00,0x00,0x00,0x0a,0x00,0x00,0x00,0x00,0x00,0x00,0x00,0x02,0x00,0x00,0x00,0x03,0x00,0x00,0x00,0x0b,0x00,0x00,0x00,
    0x00,0x00,0x00,0x00,0x02,0x00,0x00,0x00,0x03,0x00,0x00,0x00,0x0c,0x00,0x00,0x00,0x00,0x00,0x00,0x00,0x01,0x00,0x00,0x00,
    0x04,0x00,0x00,0x00,0x0d,0x00,0x00,0x00,0x00,0x00,0x00,0x00,0x01,0x00,0x00,0x00,0x04,0x00,0x00,0x00,0x0e,0x00,0x00,0x00,
    0x00,0x00,0x00,0x00,0xff,0xff,0xff,0xff,0x01,0x00,0x00,0x00,0x0f,0x00,0x00,0x00,0x00,0x00,0x00,0x00,0x01,0x00,0x00,0x00,
    0x04,0x00,0x00,0x00,0x10,0x00,0x00,0x00,0x00,0x00,0x00,0x00,0xff,0xff,0xff,0xff,0x01,0x00,0x00,0x00,0x11,0x00,0x00,0x00,
    0x00,0x00,0x00,0x00,0xff,0xff,0xff,0xff,0x01,0x00,0x00,0x00,0x12,0x00,0x00,0x00,0x00,0x00,0x00,0x00,0xff,0xff,0xff,0xff,
    0xff,0xff,0xff,0xff,0x13,0x00,0x00,0x00,0x00,0x00,0x00,0x00,0xff,0xff,0xff,0xff,0x01,0x00,0x00,0x00,0x14,0x00,0x00,0x00,
    0x00,0x00,0x00,0x00,0xd0,0xfe,0xff,0xff,0x80,0x00,0x00,0x00,0xd0,0xfe,0xff,0xff,0x30,0x01,0x00,0x00,0x00,0x00,0x00,0x00,
    0x30,0x01,0x00,0x00,0xa0,0x00,0x00,0x00,0x00,0x00,0x00,0x00,0x30,0x01,0x00,0x00,0x80,0xff,0xff,0xff,0x30,0x01,0x00,0x00,
    0xd0,0xfe,0xff,0xff,0x00,0x00,0x00,0x00,0xd0,0xfe,0xff,0xff,0x80,0xff,0xff,0xff,0x00,0x00,0x00,0x00,0x30,0x01,0x00,0x00,
    0x80,0x00,0x00,0x00,0x30,0x01,0x00,0x00,0xd0,0xfe,0xff,0xff,0x00,0x00,0x00,0x00,0xd0,0xfe,0xff,0xff,0x80,0x00,0x00,0x00,
    0x00,0x00,0x00,0x00,0x10,0xff,0xff,0xff,0x80,0xff,0xff,0xff,0x10,0xff,0xff,0xff,0x28,0x01,0x00,0x00,0x00,0x00,0x00,0x00,
    0x28,0x01,0x00,0x00,0xa0,0xff,0xff,0xff,0xf0,0xfe,0xff,0xff,0x00,0x00,0x00,0x00,0xf0,0xfe,0xff,0xff,0xa0,0xff,0xff,0xff,
    0x00,0x00,0x00,0x00,0xf0,0x00,0x00,0x00,0x80,0xff,0xff,0xff,0xf0,0x00,0x00,0x00,0x00,0x00,0x00,0x00,0xd0,0xfe,0xff,0xff,
    0x80,0xff,0xff,0xff,0xd0,0xfe,0xff,0xff,0x00,0x00,0x00,0x00,0x07,0x00,0x00,0x00,0x02,0x00,0x00,0x00,0x05,0x00,0x00,0x00,
    0x00,0x00,0x00,0x00,0x07,0x00,0x00,0x00,0x02,0x00,0x00,0x00,0x05,0x00,0x00,0x00,0x03,0x00,0x00,0x00,0x06,0x00,0x00,0x00,
    0x01,0x00,0x00,0x00,0x04,0x00,0x00,0x00,0x08,0x00,0x00,0x00,0x0a,0x00,0x00,0x00,0x01,0x00,0x00,0x00,0x04,0x00,0x00,0x00,
    0x02,0x00,0x00,0x00,0x05,0x00,0x00,0x00,0x00,0x00,0x00,0x00,0x07,0x00,0x00,0x00,0x02,0x00,0x00,0x00,0x05,0x00,0x00,0x00,
    0x00,0x00,0x00,0x00,0x07,0x00,0x00,0x00,0x01,0x00,0x00,0x00,0x04,0x00,0x00,0x00,0x08,0x00,0x00,0x00,0x06,0x00,0x00,0x00,
    0x01,0x00,0x00,0x00,0x04,0x00,0x00,0x00,0x03,0x00,0x00,0x00,0x06,0x00,0x00,0x00,0x01,0x00,0x00,0x00,0x01,0x00,0x00,0x00,
    0x01,0x00,0x00,0x00,0x01,0x00,0x00,0x00,0x01,0x00,0x00,0x00,0x01,0x00,0x00,0x00,0x01,0x00,0x00,0x00,0x01,0x00,0x00,0x00,
    0x01,0x00,0x00,0x00,0x01,0x00,0x00,0x00,0x01,0x00,0x00,0x00,0x13,0x00,0x00,0x00,0x05,0x00,0x00,0x00,0x05,0x00,0x00,0x00,
    0x05,0x00,0x00,0x00,0x04,0x00,0x00,0x00,0x03,0x00,0x00,0x00,0x03,0x00,0x00,0x00,0x02,0x00,0x00,0x00,0x01,0x00,0x00,0x00,
    0x01,0x00,0x00,0x00,0x01,0x00,0x00,0x00,0x13,0x00,0x00,0x00,0x05,0x00,0x00,0x00,0x05,0x00,0x00,0x00,0x05,0x00,0x00,0x00,
    0x05,0x00,0x00,0x00,0x03,0x00,0x00,0x00,0x03,0x00,0x00,0x00,0x02,0x00,0x00,0x00,0x01,0x00,0x00,0x00,0x01,0x00,0x00,0x00,
    0x01,0x00,0x00,0x00,0x13,0x00,0x00,0x00,0x0d,0x00,0x00,0x00,0x0c,0x00,0x00,0x00,0x0b,0x00,0x00,0x00,0x0b,0x00,0x00,0x00,
    0x0a,0x00,0x00,0x00,0x07,0x00,0x00,0x00,0x07,0x00,0x00,0x00,0x06,0x00,0x00,0x00,0x06,0x00,0x00,0x00,0x01,0x00,0x00,0x00,
    0x13,0x00,0x00,0x00,0x0d,0x00,0x00,0x00,0x0d,0x00,0x00,0x00,0x0b,0x00,0x00,0x00,0x0b,0x00,0x00,0x00,0x0a,0x00,0x00,0x00,
    0x07,0x00,0x00,0x00,0x07,0x00,0x00,0x00,0x07,0x00,0x00,0x00,0x07,0x00,0x00,0x00,0x01,0x00,0x00,0x00,0x13,0x00,0x00,0x00,
    0x0e,0x00,0x00,0x00,0x0e,0x00,0x00,0x00,0x0d,0x00,0x00,0x00,0x0d,0x00,0x00,0x00,0x0a,0x00,0x00,0x00,0x0a,0x00,0x00,0x00,
    0x08,0x00,0x00,0x00,0x08,0x00,0x00,0x00,0x07,0x00,0x00,0x00,0x01,0x00,0x00,0x00,0x13,0x00,0x00,0x00,0x0f,0x00,0x00,0x00,
    0x0f,0x00,0x00,0x00,0x0d,0x00,0x00,0x00,0x0d,0x00,0x00,0x00,0x0a,0x00,0x00,0x00,0x0a,0x00,0x00,0x00,0x08,0x00,0x00,0x00,
    0x08,0x00,0x00,0x00,0x07,0x00,0x00,0x00,0x01,0x00,0x00,0x00,0x13,0x00,0x00,0x00,0x13,0x00,0x00,0x00,0x13,0x00,0x00,0x00,
    0x0d,0x00,0x00,0x00,0x0d,0x00,0x00,0x00,0x0f,0x00,0x00,0x00,0x0f,0x00,0x00,0x00,0x08,0x00,0x00,0x00,0x08,0x00,0x00,0x00,
    0x07,0x00,0x00,0x00,0x01,0x00,0x00,0x00,0x13,0x00,0x00,0x00,0x13,0x00,0x00,0x00,0x13,0x00,0x00,0x00,0x13,0x00,0x00,0x00,
    0x12,0x00,0x00,0x00,0x11,0x00,0x00,0x00,0x11,0x00,0x00,0x00,0x10,0x00,0x00,0x00,0x08,0x00,0x00,0x00,0x07,0x00,0x00,0x00,
    0x01,0x00,0x00,0x00,0x13,0x00,0x00,0x00,0x13,0x00,0x00,0x00,0x13,0x00,0x00,0x00,0x13,0x00,0x00,0x00,0x13,0x00,0x00,0x00,
    0x11,0x00,0x00,0x00,0x11,0x00,0x00,0x00,0x10,0x00,0x00,0x00,0x0f,0x00,0x00,0x00,0x0f,0x00,0x00,0x00,0x01,0x00,0x00,0x00,
    0x13,0x00,0x00,0x00,0x13,0x00,0x00,0x00,0x13,0x00,0x00,0x00,0x13,0x00,0x00,0x00,0x13,0x00,0x00,0x00,0x13,0x00,0x00,0x00,
    0x13,0x00,0x00,0x00,0x13,0x00,0x00,0x00,0x13,0x00,0x00,0x00,0x13,0x00,0x00,0x00,0x01,0x00,0x00,0x00,0x13,0x00,0x00,0x00,
    0x13,0x00,0x00,0x00,0x13,0x00,0x00,0x00,0x13,0x00,0x00,0x00,0x13,0x00,0x00,0x00,0x13,0x00,0x00,0x00,0x13,0x00,0x00,0x00,
    0x13,0x00,0x00,0x00,0x13,0x00,0x00,0x00,0x13,0x00,0x00,0x00,0x01,0x00,0x00,0x00,0x52,0x65,0x73,0x74,0x4c,0x69,0x66,0x74,
    0x53,0x74,0x6f,0x70,0x2e,0x77,0x61,0x76,0x00,0x00,0x00,0x00,0x52,0x65,0x73,0x74,0x4c,0x69,0x66,0x74,0x4d,0x6f,0x76,0x65,
    0x2e,0x77,0x61,0x76,0x00,0x00,0x00,0x00,0x52,0x65,0x73,0x74,0x4c,0x69,0x66,0x74,0x53,0x74,0x61,0x72,0x74,0x2e,0x77,0x61,
    0x76,0x00,0x00,0x00,0x44,0x72,0x61,0x67,0x6f,0x6e,0x20,0x42,0x42,0x51,0x30,0x31,0x2e,0x77,0x61,0x76,0x00,0x00,0x00,0x00,
    0x42,0x52,0x4f,0x4c,0x4c,0x59,0x20,0x49,0x4d,0x41,0x47,0x45,0x53,0x00,0x00,0x00,0x52,0x65,0x73,0x74,0x4d,0x61,0x73,0x6b,
    0x4c,0x65,0x76,0x65,0x6c,0x33,0x2e,0x6c,0x6c,0x73,0x00,0x00,0x52,0x65,0x73,0x74,0x4d,0x61,0x73,0x6b,0x4c,0x65,0x76,0x65,
    0x6c,0x32,0x2e,0x6c,0x6c,0x73,0x00,0x00,0x52,0x65,0x73,0x74,0x4d,0x61,0x73,0x6b,0x4c,0x65,0x76,0x65,0x6c,0x31,0x2e,0x6c,
    0x6c,0x73,0x00,0x00,0x52,0x65,0x73,0x74,0x4d,0x61,0x73,0x6b,0x4c,0x65,0x76,0x65,0x6c,0x31,0x61,0x61,0x2e,0x6c,0x6c,0x73,
    0x00,0x00,0x00,0x00,0x52,0x65,0x73,0x74,0x4d,0x61,0x73,0x6b,0x5f,0x4d,0x61,0x69,0x6e,0x2e,0x6c,0x6c,0x73,0x00,0x00,0x00,
    0x52,0x32,0x54,0x6f,0x77,0x65,0x72,0x5f,0x6d,0x2e,0x6c,0x6c,0x73,0x00,0x00,0x00,0x52,0x32,0x42,0x64,0x6f,0x6f,0x72,0x5f,
    0x6d,0x2e,0x6c,0x6c,0x73,0x00,0x00,0x00,0x52,0x32,0x46,0x64,0x6f,0x6f,0x72,0x5f,0x6d,0x31,0x2e,0x6c,0x6c,0x73,0x00,0x00,
    0x52,0x32,0x46,0x64,0x6f,0x6f,0x72,0x5f,0x6d,0x2e,0x6c,0x6c,0x73,0x00,0x00,0x00,0x4f,0x63,0x74,0x54,0x61,0x62,0x48,0x42,
    0x2e,0x6c,0x6c,0x73,0x00,0x00,0x00,0x00,0x4f,0x63,0x74,0x54,0x61,0x62,0x48,0x41,0x2e,0x6c,0x6c,0x73,0x00,0x00,0x00,0x00,
    0x4f,0x63,0x74,0x54,0x61,0x62,0x47,0x42,0x2e,0x6c,0x6c,0x73,0x00,0x00,0x00,0x00,0x4f,0x63,0x74,0x54,0x61,0x62,0x47,0x41,
    0x2e,0x6c,0x6c,0x73,0x00,0x00,0x00,0x00,0x4f,0x63,0x74,0x54,0x61,0x62,0x46,0x42,0x2e,0x6c,0x6c,0x73,0x00,0x00,0x00,0x00,
    0x4f,0x63,0x74,0x54,0x61,0x62,0x46,0x41,0x2e,0x6c,0x6c,0x73,0x00,0x00,0x00,0x00,0x4f,0x63,0x74,0x54,0x61,0x62,0x45,0x42,
    0x2e,0x6c,0x6c,0x73,0x00,0x00,0x00,0x00,0x4f,0x63,0x74,0x54,0x61,0x62,0x45,0x41,0x2e,0x6c,0x6c,0x73,0x00,0x00,0x00,0x00,
    0x4f,0x63,0x74,0x54,0x61,0x62,0x44,0x42,0x2e,0x6c,0x6c,0x73,0x00,0x00,0x00,0x00,0x4f,0x63,0x74,0x54,0x61,0x62,0x44,0x41,
    0x2e,0x6c,0x6c,0x73,0x00,0x00,0x00,0x00,0x4f,0x63,0x74,0x54,0x61,0x62,0x43,0x42,0x2e,0x6c,0x6c,0x73,0x00,0x00,0x00,0x00,
    0x4f,0x63,0x74,0x54,0x61,0x62,0x43,0x41,0x2e,0x6c,0x6c,0x73,0x00,0x00,0x00,0x00,0x4f,0x63,0x74,0x54,0x61,0x62,0x42,0x42,
    0x2e,0x6c,0x6c,0x73,0x00,0x00,0x00,0x00,0x4f,0x63,0x74,0x54,0x61,0x62,0x42,0x41,0x2e,0x6c,0x6c,0x73,0x00,0x00,0x00,0x00,
    0x4f,0x63,0x74,0x54,0x61,0x62,0x41,0x42,0x2e,0x6c,0x6c,0x73,0x00,0x00,0x00,0x00,0x4f,0x63,0x74,0x54,0x61,0x62,0x41,0x41,
    0x2e,0x6c,0x6c,0x73,0x00,0x00,0x00,0x00,0x4f,0x63,0x74,0x6f,0x4b,0x69,0x6f,0x73,0x6b,0x2e,0x6c,0x6c,0x73,0x00,0x00,0x00,
    0x4f,0x63,0x74,0x54,0x65,0x6e,0x74,0x48,0x2e,0x6c,0x6c,0x73,0x00,0x00,0x00,0x00,0x4f,0x63,0x74,0x54,0x65,0x6e,0x74,0x47,
    0x2e,0x6c,0x6c,0x73,0x00,0x00,0x00,0x00,0x4f,0x63,0x74,0x54,0x65,0x6e,0x74,0x46,0x2e,0x6c,0x6c,0x73,0x00,0x00,0x00,0x00,
    0x4f,0x63,0x74,0x54,0x65,0x6e,0x74,0x45,0x2e,0x6c,0x6c,0x73,0x00,0x00,0x00,0x00,0x4f,0x63,0x74,0x54,0x65,0x6e,0x74,0x44,
    0x2e,0x6c,0x6c,0x73,0x00,0x00,0x00,0x00,0x4f,0x63,0x74,0x54,0x65,0x6e,0x74,0x43,0x2e,0x6c,0x6c,0x73,0x00,0x00,0x00,0x00,
    0x4f,0x63,0x74,0x54,0x65,0x6e,0x74,0x42,0x2e,0x6c,0x6c,0x73,0x00,0x00,0x00,0x00,0x4f,0x63,0x74,0x54,0x65,0x6e,0x74,0x41,
    0x2e,0x6c,0x6c,0x73,0x00,0x00,0x00,0x00,0x7f,0x00,0x00,0x00,0x48,0x45,0x44,0x47,0x45,0x20,0x49,0x4d,0x41,0x47,0x45,0x53,
    0x00,0x00,0x00,0x00,0x46,0x4c,0x4f,0x57,0x45,0x52,0x53,0x20,0x31,0x00,0x00,0x00,0x46,0x4c,0x4f,0x57,0x45,0x52,0x53,0x00,
    0x48,0x45,0x44,0x47,0x45,0x00,0x00,0x00,0x7f,0x00,0x00,0x00,0x00,0x00,0x00,0x00,0x00,0x00,0x00,0x00,0x01,0x00,0x00,0x00,
    0x00,0x00,0x00,0x00,0xff,0xff,0xff,0xff,0xff,0xff,0xff,0xff,0x00,0x00,0x00,0x00,0x01,0x00,0x00,0x00,0x00,0x00,0x00,0x00,
    0x00,0x00,0x00,0x00,0xff,0xff,0xff,0xff,0x00,0x00,0x00,0x00,0x01,0x00,0x00,0x00,0x01,0x00,0x00,0x00,0x00,0x00,0x00,0x00,
    0xff,0xff,0xff,0xff,0x00,0x00,0x00,0x00,0x00,0x00,0x87,0x43,0x00,0x00,0x34,0x43,0x00,0x00,0x80,0x3f,0x00,0x00,0x80,0xbf,
    0x00,0x00,0xb4,0x43,0x00,0x00,0x87,0x43,0x00,0x00,0x80,0x3f,0x00,0x00,0x80,0x3f,0x00,0x00,0xb4,0x42,0x00,0x00,0x00,0x00,
    0x00,0x00,0x80,0xbf,0x00,0x00,0x80,0x3f,0x00,0x00,0x34,0x43,0x00,0x00,0xb4,0x42,0x00,0x00,0x80,0xbf,0x00,0x00,0x80,0xbf,
    0x00,0x00,0xb4,0x42,0x00,0x00,0x34,0x43,0x00,0x00,0x80,0xbf,0x00,0x00,0x80,0xbf,0x00,0x00,0x34,0x43,0x00,0x00,0x87,0x43,
    0x00,0x00,0x80,0x3f,0x00,0x00,0x80,0xbf,0x00,0x00,0x87,0x43,0x00,0x00,0xb4,0x43,0x00,0x00,0x80,0x3f,0x00,0x00,0x80,0x3f,
    0x00,0x00,0x00,0x00,0x00,0x00,0xb4,0x42,0x00,0x00,0x80,0xbf,0x00,0x00,0x80,0x3f,0x7f,0x00,0x00,0x00,0x62,0x72,0x69,0x6a,
    0x6d,0x61,0x73,0x6b,0x2e,0x6c,0x6c,0x73,0x00,0x00,0x00,0x00,0x6d,0x66,0x69,0x73,0x68,0x32,0x2e,0x6c,0x6c,0x73,0x00,0x00,
    0x7f,0x00,0x00,0x00,0x00,0x00,0x00,0x00,0x00,0x00,0x00,0x00,0xfb,0xff,0xff,0xff,0x04,0x00,0x00,0x00,0xff,0xff,0xff,0xff,
    0x00,0x00,0x00,0x00,0x00,0x00,0x00,0x00,0x00,0x00,0x00,0x00,0x00,0x00,0x00,0x00,0x04,0x00,0x00,0x00,0x04,0x00,0x00,0x00,
    0x00,0x00,0x00,0x00,0x00,0x00,0x00,0x00,0x00,0x00,0x00,0x00,0xfb,0xff,0xff,0xff,0x04,0x00,0x00,0x00,0xff,0xff,0xff,0xff,
    0x00,0x00,0x00,0x00,0x00,0x00,0x00,0x00,0x00,0x00,0x00,0x00,0x00,0x00,0x00,0x00,0x04,0x00,0x00,0x00,0x04,0x00,0x00,0x00,
    0x00,0x00,0x00,0x00,0x00,0x00,0x00,0x00,0x00,0xff,0xff,0xff,0x00,0x00,0x00,0x00,0xe0,0xfd,0xff,0xff,0x00,0x00,0x00,0x00,
    0xc0,0xfc,0xff,0xff,0x00,0x00,0x00,0x00,0xc0,0xfc,0xff,0xff,0x28,0x01,0x00,0x00,0xc0,0xfc,0xff,0xff,0x50,0x02,0x00,0x00,
    0x6a,0x75,0x6e,0x67,0x6d,0x61,0x73,0x6b,0x2e,0x6c,0x6c,0x73,0x00,0x00,0x00,0x00,0x4a,0x55,0x4e,0x47,0x4c,0x45,0x20,0x43,
    0x52,0x55,0x49,0x53,0x45,0x20,0x42,0x4f,0x41,0x54,0x53,0x00,0x00,0x00,0x00,0x00,0x7f,0x00,0x00,0x00,0x05,0x0a,0x0a,0x0a,
    0x08,0x09,0x00,0x00,0x00,0x0c,0x09,0x00,0x00,0x00,0x0c,0x09,0x00,0x00,0x00,0x0c,0x06,0x0b,0x0b,0x0b,0x07,0x09,0x00,0x00,
    0x00,0x0c,0x09,0x00,0x00,0x00,0x0c,0x09,0x00,0x00,0x00,0x0c,0x09,0x00,0x00,0x00,0x0c,0x06,0x0b,0x0b,0x0b,0x07,0x05,0x0a,
    0x0a,0x0a,0x0a,0x09,0x00,0x00,0x00,0x00,0x09,0x00,0x00,0x00,0x00,0x09,0x00,0x00,0x00,0x00,0x06,0x0b,0x0b,0x0b,0x0b,0x09,
    0x00,0x00,0x00,0x01,0x09,0x00,0x00,0x00,0x00,0x09,0x00,0x00,0x00,0x00,0x09,0x00,0x00,0x00,0x00,0x06,0x0b,0x0b,0x0b,0x0b,
    0x05,0x0a,0x0a,0x0a,0x08,0x09,0x00,0x00,0x00,0x0c,0x09,0x00,0x00,0x00,0x0c,0x09,0x00,0x00,0x00,0x0c,0x09,0x00,0x00,0x00,
    0x0c,0x09,0x00,0x00,0x00,0x0c,0x09,0x00,0x00,0x00,0x0c,0x09,0x00,0x00,0x00,0x0c,0x09,0x00,0x00,0x00,0x0c,0x09,0x00,0x00,
    0x00,0x0c,0x05,0x0a,0x0a,0x0a,0x0a,0x09,0x00,0x00,0x00,0x00,0x09,0x00,0x00,0x00,0x00,0x09,0x00,0x00,0x00,0x00,0x09,0x00,
    0x00,0x00,0x04,0x09,0x00,0x00,0x00,0x01,0x09,0x00,0x00,0x00,0x00,0x09,0x00,0x00,0x00,0x00,0x09,0x00,0x00,0x00,0x00,0x09,
    0x00,0x00,0x00,0x04,0x0a,0x0a,0x0a,0x0a,0x08,0x00,0x00,0x00,0x00,0x0c,0x00,0x00,0x00,0x00,0x0c,0x00,0x00,0x00,0x00,0x0c,
    0x0b,0x0b,0x0b,0x0b,0x07,0x02,0x00,0x00,0x00,0x0c,0x00,0x00,0x00,0x00,0x0c,0x00,0x00,0x00,0x00,0x0c,0x00,0x00,0x00,0x00,
    0x0c,0x0b,0x0b,0x0b,0x0b,0x07,0x0a,0x0a,0x0a,0x0a,0x0a,0x00,0x00,0x00,0x00,0x00,0x00,0x00,0x00,0x00,0x00,0x00,0x00,0x00,
    0x00,0x00,0x0b,0x0b,0x0b,0x0b,0x0b,0x02,0x00,0x00,0x00,0x01,0x00,0x00,0x00,0x00,0x00,0x00,0x00,0x00,0x00,0x00,0x00,0x00,
    0x00,0x00,0x00,0x0b,0x0b,0x0b,0x0b,0x0b,0x0a,0x0a,0x0a,0x0a,0x08,0x00,0x00,0x00,0x00,0x0c,0x00,0x00,0x00,0x00,0x0c,0x00,
    0x00,0x00,0x00,0x0c,0x03,0x00,0x00,0x00,0x0c,0x02,0x00,0x00,0x00,0x0c,0x00,0x00,0x00,0x00,0x0c,0x00,0x00,0x00,0x00,0x0c,
    0x00,0x00,0x00,0x00,0x0c,0x03,0x00,0x00,0x00,0x0c,0x0a,0x0a,0x0a,0x0a,0x0a,0x00,0x00,0x00,0x00,0x00,0x00,0x00,0x00,0x00,
    0x00,0x00,0x00,0x00,0x00,0x00,0x03,0x00,0x00,0x00,0x04,0x02,0x00,0x00,0x00,0x01,0x00,0x00,0x00,0x00,0x00,0x00,0x00,0x00,
    0x00,0x00,0x00,0x00,0x00,0x00,0x00,0x03,0x00,0x00,0x00,0x04,0x00,0x00,0x00,0x00,0xfe,0xff,0xff,0xff,0xfe,0xff,0xff,0xff,
    0x02,0x00,0x00,0x00,0x02,0x00,0x00,0x00,0x00,0x00,0x00,0x00,0x7f,0x00,0x00,0x00,0x47,0x5f,0x53,0x74,0x6f,0x72,0x65,0x20,
    0x4d,0x61,0x74,0x74,0x65,0x32,0x2e,0x4c,0x4c,0x53,0x00,0x00,0x47,0x5f,0x53,0x74,0x6f,0x72,0x65,0x20,0x4d,0x61,0x74,0x74,
    0x65,0x2e,0x4c,0x4c,0x53,0x00,0x00,0x00,0x53,0x68,0x65,0x72,0x69,0x66,0x73,0x68,0x75,0x74,0x20,0x4d,0x61,0x74,0x74,0x65,
    0x2e,0x4c,0x4c,0x53,0x00,0x00,0x00,0x00,0x4a,0x61,0x69,0x6c,0x43,0x65,0x6c,0x6c,0x4d,0x61,0x73,0x6b,0x2e,0x4c,0x4c,0x53,
    0x00,0x00,0x00,0x00,0x42,0x61,0x6e,0x6b,0x20,0x4d,0x61,0x74,0x74,0x65,0x2e,0x6c,0x6c,0x73,0x00,0x00,0x53,0x61,0x6c,0x6f,
    0x6f,0x6e,0x4d,0x61,0x74,0x74,0x65,0x32,0x2e,0x4c,0x4c,0x53,0x00,0x00,0x00,0x00,0x53,0x61,0x6c,0x6f,0x6f,0x6e,0x4d,0x61,
    0x74,0x74,0x65,0x31,0x2e,0x4c,0x4c,0x53,0x00,0x00,0x00,0x00,0x4c,0x65,0x67,0x6f,0x20,0x53,0x68,0x6f,0x70,0x20,0x31,0x20,
    0x4d,0x61,0x74,0x74,0x65,0x2e,0x4c,0x4c,0x53,0x00,0x00,0x00,0x4c,0x65,0x67,0x6f,0x20,0x53,0x68,0x6f,0x70,0x20,0x32,0x20,
    0x4d,0x61,0x74,0x74,0x65,0x2e,0x4c,0x4c,0x53,0x00,0x00,0x00,0x4c,0x65,0x67,0x4d,0x65,0x64,0x69,0x61,0x53,0x68,0x6f,0x70,
    0x4d,0x61,0x73,0x6b,0x32,0x2e,0x4c,0x4c,0x53,0x00,0x00,0x00,0x4c,0x65,0x67,0x4d,0x65,0x64,0x69,0x61,0x53,0x68,0x6f,0x70,
    0x4d,0x61,0x73,0x6b,0x31,0x2e,0x4c,0x4c,0x53,0x00,0x00,0x00,0x45,0x78,0x70,0x6c,0x6f,0x72,0x65,0x72,0x73,0x20,0x49,0x6e,
    0x73,0x74,0x69,0x74,0x75,0x74,0x65,0x20,0x4d,0x61,0x74,0x74,0x65,0x2e,0x4c,0x4c,0x53,0x00,0x00,0x00,0x4c,0x45,0x47,0x4f,
    0x20,0x4d,0x45,0x44,0x49,0x41,0x20,0x53,0x48,0x4f,0x50,0x00,0x4c,0x45,0x47,0x4f,0x20,0x53,0x48,0x4f,0x50,0x20,0x32,0x00,
    0x4c,0x45,0x47,0x4f,0x20,0x53,0x48,0x4f,0x50,0x20,0x31,0x00,0x45,0x58,0x50,0x4c,0x4f,0x52,0x45,0x52,0x53,0x20,0x49,0x4e,
    0x53,0x54,0x49,0x54,0x55,0x54,0x45,0x00,0x53,0x41,0x4c,0x4f,0x4f,0x4e,0x00,0x00,0x42,0x41,0x4e,0x4b,0x00,0x00,0x00,0x00,
    0x4a,0x41,0x49,0x4c,0x20,0x43,0x45,0x4c,0x4c,0x00,0x00,0x00,0x53,0x48,0x45,0x52,0x49,0x46,0x46,0x00,0x47,0x45,0x4e,0x45,
    0x52,0x41,0x4c,0x20,0x53,0x54,0x4f,0x52,0x45,0x00,0x00,0x00,0x00,0x00,0x00,0x00,0x7f,0x00,0x00,0x00,0x00,0x00,0x00,0x00,
    0x28,0x78,0x4b,0x00,0x00,0x00,0x00,0x00,0x00,0x00,0x00,0x00,0x00,0x00,0x00,0x00,0x00,0x00,0x00,0x00,0x01,0x00,0x00,0x00,
    0xd0,0x00,0x00,0x00,0x00,0x00,0x00,0x00,0x00,0x00,0x00,0x00,0x02,0x00,0x00,0x00,0x00,0x00,0x00,0x00,0x00,0x00,0x00,0x00,
    0x00,0x00,0x00,0x00,0x01,0x00,0x00,0x00,0x00,0x00,0x00,0x00,0x00,0x00,0x00,0x00,0xff,0xff,0xff,0xff,0x01,0x00,0x00,0x00,
    0x80,0x00,0x00,0x00,0x80,0x00,0x00,0x00,0xff,0xff,0xff,0xff,0x00,0x00,0x00,0x00,0x00,0x00,0x00,0x00,0x80,0x00,0x00,0x00,
    0xff,0xff,0xff,0xff,0x00,0x00,0x00,0x00,0x00,0x00,0x00,0x00,0x00,0x00,0x00,0x00,0x02,0x00,0x00,0x00,0x28,0x76,0x4b,0x00,
    0x01,0x00,0x00,0x00,0x48,0x76,0x4b,0x00,0x02,0x00,0x00,0x00,0x58,0x76,0x4b,0x00,0x01,0x00,0x00,0x00,0x78,0x76,0x4b,0x00,
    0x88,0x76,0x4b,0x00,0x90,0x76,0x4b,0x00,0x98,0x76,0x4b,0x00,0xa0,0x76,0x4b,0x00,0x04,0x00,0x00,0x00,0xa8,0x76,0x4b,0x00,
    0x00,0x00,0x00,0x00,0x01,0x00,0x00,0x00,0x00,0x00,0x00,0x00,0xf0,0x00,0x00,0x00,0xff,0xff,0xff,0xff,0x00,0x00,0x00,0x00,
    0x00,0x00,0x00,0x00,0x00,0x00,0x00,0x00,0xff,0xff,0xff,0xff,0x00,0x00,0x00,0x00,0x00,0x00,0x00,0x00,0x00,0x00,0x00,0x00,
    0x00,0x00,0x00,0x00,0x01,0x00,0x00,0x00,0x00,0x00,0x00,0x00,0x00,0x00,0x00,0x00,0x00,0x00,0x00,0x00,0x00,0x00,0x00,0x00,
    0x00,0x00,0x00,0x00,0x80,0x00,0x00,0x00,0x00,0x00,0x00,0x00,0x01,0x00,0x00,0x00,0x00,0x00,0x00,0x00,0x00,0x00,0x00,0x00,
    0x02,0x00,0x00,0x00,0xc0,0x76,0x4b,0x00,0x01,0x00,0x00,0x00,0xe0,0x76,0x4b,0x00,0x02,0x00,0x00,0x00,0xf0,0x76,0x4b,0x00,
    0x01,0x00,0x00,0x00,0x10,0x77,0x4b,0x00,0x20,0x77,0x4b,0x00,0x28,0x77,0x4b,0x00,0x30,0x77,0x4b,0x00,0x38,0x77,0x4b,0x00,
    0x04,0x00,0x00,0x00,0x40,0x77,0x4b,0x00,0x04,0x00,0x00,0x00,0xb8,0x76,0x4b,0x00,0x03,0x00,0x00,0x00,0xb8,0x76,0x4b,0x00,
    0x04,0x00,0x00,0x00,0x50,0x77,0x4b,0x00,0x03,0x00,0x00,0x00,0x50,0x77,0x4b,0x00,0x02,0x00,0x00,0x00,0x50,0x77,0x4b,0x00,
    0x01,0x00,0x00,0x00,0x50,0x77,0x4b,0x00,0x02,0x00,0x00,0x00,0xb8,0x76,0x4b,0x00,0x01,0x00,0x00,0x00,0xb8,0x76,0x4b,0x00,
    0x10,0x00,0x00,0x00,0x1a,0x00,0x00,0x00,0x29,0x00,0x00,0x00,0x27,0x00,0x00,0x00,0x05,0x00,0x00,0x00,0x10,0x00,0x00,0x00,
    0x1f,0x00,0x00,0x00,0x28,0x00,0x00,0x00,0x14,0x00,0x00,0x00,0x07,0x00,0x00,0x00,0x1b,0x00,0x00,0x00,0x14,0x00,0x00,0x00,
    0x30,0x00,0x00,0x00,0x1f,0x00,0x00,0x00,0x01,0x00,0x00,0x00,0x18,0x00,0x00,0x00,0x28,0x00,0x00,0x00,0x30,0x00,0x00,0x00,
    0x1c,0x00,0x00,0x00,0x03,0x00,0x00,0x00,0x00,0x00,0x00,0x00,0x02,0x00,0x00,0x00,0x01,0x00,0x00,0x00,0x02,0x00,0x00,0x00,
    0xff,0xff,0xff,0xff,0x01,0x00,0x00,0x00,0xff,0xff,0xff,0xff,0x00,0x00,0x00,0x00,0xff,0xff,0xff,0xff,0xff,0xff,0xff,0xff,
    0x01,0x00,0x00,0x00,0xff,0xff,0xff,0xff,0x03,0x00,0x00,0x00,0x01,0x00,0x00,0x00,0x03,0x00,0x00,0x00,0x00,0x00,0x00,0x00,
    0x53,0x70,0x61,0x63,0x65,0x20,0x54,0x6f,0x77,0x65,0x72,0x30,0x31,0x2e,0x77,0x61,0x76,0x00,0x00,0x00,0x53,0x70,0x61,0x63,
    0x65,0x74,0x20,0x4d,0x61,0x74,0x74,0x65,0x32,0x2e,0x6c,0x6c,0x73,0x00,0x00,0x00,0x53,0x70,0x61,0x63,0x65,0x74,0x20,0x4d,
    0x61,0x74,0x74,0x65,0x31,0x2e,0x6c,0x6c,0x73,0x00,0x00,0x00,0x53,0x70,0x61,0x63,0x65,0x54,0x6f,0x77,0x65,0x72,0x20,0x53,
    0x65,0x61,0x74,0x33,0x20,0x4d,0x61,0x74,0x74,0x65,0x2e,0x6c,0x6c,0x73,0x00,0x00,0x53,0x70,0x61,0x63,0x65,0x54,0x6f,0x77,
    0x65,0x72,0x20,0x53,0x65,0x61,0x74,0x32,0x20,0x4d,0x61,0x74,0x74,0x65,0x2e,0x6c,0x6c,0x73,0x00,0x00,0x53,0x50,0x41,0x43,
    0x45,0x20,0x54,0x4f,0x57,0x45,0x52,0x20,0x52,0x49,0x44,0x45,0x00,0x00,0x00,0x00,0x7f,0x00,0x00,0x00,0x42,0x6f,0x78,0x42,
    0x6c,0x6f,0x6b,0x65,0x3f,0x3f,0x00,0x00,0x53,0x70,0x69,0x6e,0x6e,0x69,0x6e,0x67,0x42,0x61,0x72,0x72,0x65,0x6c,0x73,0x45,
    0x6e,0x74,0x72,0x61,0x6e,0x63,0x65,0x4d,0x61,0x74,0x74,0x65,0x32,0x2e,0x6c,0x6c,0x73,0x00,0x00,0x00,0x53,0x70,0x69,0x6e,
    0x6e,0x69,0x6e,0x67,0x42,0x61,0x72,0x72,0x65,0x6c,0x73,0x45,0x6e,0x74,0x72,0x61,0x6e,0x63,0x65,0x4d,0x61,0x74,0x74,0x65,
    0x2e,0x6c,0x6c,0x73,0x00,0x00,0x00,0x00,0x5a,0x62,0x75,0x66,0x66,0x65,0x72,0x73,0x5c,0x42,0x6f,0x78,0x42,0x6c,0x6f,0x6b,
    0x65,0x73,0x4f,0x66,0x66,0x2e,0x62,0x6e,0x76,0x00,0x00,0x00,0x5a,0x62,0x75,0x66,0x66,0x65,0x72,0x73,0x5c,0x53,0x70,0x69,
    0x6e,0x6e,0x69,0x6e,0x67,0x42,0x61,0x72,0x72,0x65,0x6c,0x73,0x2e,0x62,0x6e,0x76,0x00,0x00,0x00,0x00,0x5a,0x62,0x75,0x66,
    0x66,0x65,0x72,0x73,0x5c,0x42,0x6f,0x78,0x42,0x6c,0x6f,0x6b,0x65,0x73,0x4f,0x6e,0x31,0x2e,0x62,0x6e,0x76,0x00,0x00,0x00,
    0x7a,0x5f,0x53,0x70,0x69,0x6e,0x6e,0x69,0x6e,0x67,0x42,0x61,0x72,0x72,0x65,0x6c,0x73,0x2e,0x6c,0x6c,0x73,0x00,0x00,0x00,
    0x53,0x50,0x49,0x4e,0x4e,0x49,0x4e,0x47,0x20,0x42,0x41,0x52,0x52,0x45,0x4c,0x53,0x20,0x52,0x49,0x44,0x45,0x00,0x00,0x00,
    0x7f,0x00,0x00,0x00,0x67,0x73,0x68,0x65,0x64,0x6d,0x61,0x74,0x74,0x65,0x2e,0x6c,0x6c,0x73,0x00,0x00,0x4d,0x65,0x63,0x68,
    0x48,0x75,0x74,0x4d,0x61,0x73,0x6b,0x2e,0x6c,0x6c,0x73,0x00,0x00,0x00,0x00,0x00,0x7f,0x00,0x00,0x00,0x6d,0x61,0x6e,0x62,
    0x6f,0x78,0x3f,0x3f,0x00,0x00,0x00,0x00,0xeb,0xff,0xff,0xff,0xf5,0xff,0xff,0xff,0x04,0x7a,0x4b,0x00,0x00,0x00,0x00,0x00,
    0x00,0x00,0x00,0x00,0xe8,0x79,0x4b,0x00,0x00,0x00,0x00,0x00,0x00,0x00,0x00,0x00,0x61,0x69,0x72,0x70,0x6c,0x61,0x6e,0x65,
    0x73,0x20,0x62,0x72,0x65,0x61,0x6b,0x69,0x6e,0x67,0x20,0x64,0x6f,0x77,0x6e,0x2e,0x77,0x61,0x76,0x00,0x61,0x69,0x72,0x70,
    0x6c,0x61,0x6e,0x65,0x73,0x30,0x32,0x2e,0x77,0x61,0x76,0x00,0x7a,0x5f,0x5a,0x6f,0x6f,0x6d,0x65,0x72,0x2e,0x6c,0x6c,0x73,
    0x00,0x00,0x00,0x00,0x5a,0x62,0x75,0x66,0x66,0x65,0x72,0x73,0x5c,0x5a,0x6f,0x6f,0x6d,0x65,0x72,0x30,0x66,0x66,0x2e,0x62,
    0x6e,0x76,0x00,0x00,0x5a,0x62,0x75,0x66,0x66,0x65,0x72,0x73,0x5c,0x5a,0x6f,0x6f,0x6d,0x65,0x72,0x30,0x6e,0x2e,0x62,0x6e,
    0x76,0x00,0x00,0x00,0x5a,0x62,0x75,0x66,0x66,0x65,0x72,0x73,0x5c,0x5a,0x6f,0x6f,0x6d,0x65,0x72,0x69,0x64,0x65,0x2e,0x62,
    0x6e,0x76,0x00,0x00,0x50,0x4c,0x41,0x4e,0x45,0x20,0x52,0x49,0x44,0x45,0x00,0x00,0x70,0x6f,0x6f,0x72,0x2e,0x6c,0x6c,0x73,
    0x00,0x00,0x00,0x00,0x68,0x61,0x70,0x70,0x79,0x2e,0x6c,0x6c,0x73,0x00,0x00,0x00,0x25,0x73,0x25,0x73,0x00,0x00,0x00,0x00,
    0x46,0x69,0x6c,0x65,0x2e,0x62,0x6d,0x70,0x00,0x00,0x00,0x00,0x46,0x6f,0x6c,0x64,0x65,0x72,0x2e,0x62,0x6d,0x70,0x00,0x00,
    0x44,0x72,0x69,0x76,0x65,0x2e,0x62,0x6d,0x70,0x00,0x00,0x00,0x7f,0x00,0x00,0x00,0x00,0x00,0x00,0x00,0x7b,0xc6,0x73,0x29,
    0x10,0x00,0x8c,0x4a,0xbd,0xce,0xde,0xf7,0x18,0x21,0xff,0xff,0xff,0xff,0xd6,0x00,0x00,0x00,0x80,0x3f,0x00,0x00,0x80,0x3f,
    0x00,0x00,0x00,0x00,0x01,0x00,0x00,0x00,0x02,0x00,0x00,0x00,0x00,0x00,0x00,0x00,0x02,0x00,0x00,0x00,0x01,0x00,0x00,0x00,
    0x01,0x00,0x00,0x00,0xff,0xff,0xff,0xff,0xff,0xff,0xff,0xff,0xff,0xff,0xff,0xff,0x01,0x00,0x00,0x00,0x01,0x00,0x00,0x00,
    0x2e,0x5c,0x33,0x64,0x64,0x61,0x74,0x61,0x5c,0x6e,0x65,0x77,0x5c,0x25,0x73,0x5c,0x25,0x73,0x00,0x00,0x54,0x72,0x61,0x63,
    0x79,0x57,0x61,0x6c,0x6b,0x2e,0x54,0x72,0x61,0x63,0x65,0x57,0x61,0x6c,0x6b,0x2e,0x33,0x64,0x00,0x00,0x74,0x72,0x61,0x63,
    0x79,0x2e,0x6c,0x6f,0x63,0x00,0x00,0x00,0x74,0x72,0x61,0x63,0x79,0x00,0x00,0x00,0x47,0x65,0x6f,0x66,0x50,0x6f,0x75,0x72,
    0x2e,0x47,0x65,0x6f,0x66,0x50,0x6f,0x75,0x72,0x2e,0x33,0x64,0x00,0x00,0x00,0x00,0x67,0x65,0x6f,0x66,0x57,0x61,0x6c,0x6b,
    0x2e,0x47,0x65,0x6f,0x66,0x57,0x61,0x6c,0x6b,0x2e,0x33,0x64,0x00,0x00,0x00,0x00,0x67,0x65,0x6f,0x66,0x66,0x2e,0x6c,0x6f,
    0x63,0x00,0x00,0x00,0x67,0x65,0x6f,0x66,0x66,0x00,0x00,0x00,0x61,0x6c,0x74,0x77,0x6f,0x6d,0x61,0x6e,0x2e,0x74,0x78,0x74,
    0x00,0x00,0x00,0x00,0x61,0x6c,0x74,0x6d,0x61,0x6e,0x2e,0x74,0x78,0x74,0x00,0x00,0x4e,0x65,0x77,0x50,0x72,0x6f,0x6a,0x65,
    0x63,0x74,0x2e,0x74,0x78,0x74,0x00,0x00,0x4d,0x61,0x6e,0x50,0x61,0x6e,0x2e,0x4d,0x61,0x6e,0x50,0x61,0x6e,0x2e,0x33,0x64,
    0x00,0x00,0x00,0x00,0x4d,0x61,0x6e,0x50,0x61,0x6e,0x57,0x61,0x6c,0x6b,0x2e,0x4d,0x61,0x6e,0x50,0x61,0x6e,0x57,0x61,0x6c,
    0x6b,0x2e,0x33,0x64,0x00,0x00,0x00,0x00,0x4d,0x61,0x6e,0x53,0x74,0x61,0x6e,0x64,0x2e,0x4d,0x61,0x6e,0x53,0x74,0x61,0x6e,
    0x64,0x2e,0x33,0x64,0x00,0x00,0x00,0x00,0x4d,0x61,0x6e,0x57,0x61,0x76,0x65,0x2e,0x4d,0x61,0x6e,0x57,0x61,0x76,0x65,0x2e,
    0x33,0x64,0x00,0x00,0x4d,0x61,0x6e,0x53,0x69,0x74,0x2e,0x4d,0x61,0x6e,0x53,0x69,0x74,0x2e,0x33,0x64,0x00,0x00,0x00,0x00,
    0x4d,0x61,0x6e,0x57,0x61,0x6c,0x6b,0x2e,0x4d,0x61,0x6e,0x57,0x61,0x6c,0x6b,0x2e,0x33,0x64,0x00,0x00,0x57,0x6f,0x6d,0x61,
    0x6e,0x50,0x61,0x6e,0x2e,0x57,0x6f,0x6d,0x61,0x6e,0x50,0x61,0x6e,0x2e,0x33,0x64,0x00,0x00,0x00,0x00,0x57,0x6f,0x6d,0x61,
    0x6e,0x50,0x61,0x6e,0x57,0x61,0x6c,0x6b,0x2e,0x57,0x6f,0x6d,0x50,0x61,0x6e,0x57,0x61,0x6c,0x6b,0x2e,0x33,0x64,0x00,0x00,
    0x57,0x6f,0x6d,0x61,0x6e,0x53,0x74,0x61,0x6e,0x64,0x2e,0x57,0x6f,0x6d,0x61,0x6e,0x53,0x74,0x61,0x6e,0x64,0x2e,0x33,0x64,
    0x00,0x00,0x00,0x00,0x57,0x6f,0x6d,0x61,0x6e,0x57,0x61,0x76,0x65,0x2e,0x57,0x6f,0x6d,0x61,0x6e,0x57,0x61,0x76,0x65,0x2e,
    0x33,0x64,0x00,0x00,0x57,0x6f,0x6d,0x61,0x6e,0x53,0x69,0x74,0x2e,0x57,0x6f,0x6d,0x61,0x6e,0x53,0x69,0x74,0x2e,0x33,0x64,
    0x00,0x00,0x00,0x00,0x57,0x6f,0x6d,0x61,0x6e,0x57,0x61,0x6c,0x6b,0x2e,0x57,0x6f,0x6d,0x61,0x6e,0x57,0x61,0x6c,0x6b,0x2e,
    0x33,0x64,0x00,0x00,0x4e,0x65,0x77,0x50,0x72,0x6f,0x6a,0x65,0x63,0x74,0x2e,0x6c,0x6f,0x63,0x00,0x00,0x76,0x69,0x73,0x69,
    0x74,0x6f,0x72,0x00,0x25,0x73,0x5c,0x25,0x73,0x2e,0x6c,0x6c,0x73,0x00,0x00,0x00,0x25,0x73,0x20,0x25,0x69,0x20,0x25,0x69,
    0x20,0x25,0x69,0x20,0x25,0x69,0x20,0x25,0x69,0x00,0x00,0x00,0x63,0x68,0x65,0x73,0x74,0x20,0x67,0x69,0x72,0x6c,0x79,0x32,
    0x00,0x00,0x00,0x00,0x63,0x68,0x65,0x73,0x74,0x20,0x67,0x69,0x72,0x6c,0x79,0x31,0x00,0x00,0x00,0x00,0x7f,0x00,0x00,0x00,
    0x7f,0x00,0x00,0x00,0x46,0x61,0x69,0x6c,0x65,0x64,0x20,0x74,0x6f,0x20,0x6c,0x6f,0x61,0x64,0x20,0x74,0x65,0x78,0x74,0x75,
    0x72,0x65,0x20,0x25,0x73,0x00,0x00,0x00,0x25,0x73,0x5c,0x25,0x73,0x25,0x30,0x34,0x64,0x2e,0x42,0x4d,0x50,0x00,0x00,0x00,
    0x7f,0x00,0x00,0x00,0x00,0x00,0x80,0x3f,0x28,0x00,0x00,0x00,0x00,0x00,0x00,0x00,0x00,0x00,0x00,0x00,0x01,0x00,0x10,0x00,
    0x00,0x00,0x00,0x00,0x00,0x00,0x00,0x00,0x00,0x00,0x00,0x00,0x00,0x00,0x00,0x00,0x00,0x00,0x00,0x00,0x00,0x00,0x00,0x00,
    0x45,0x78,0x69,0x74,0x20,0x41,0x64,0x76,0x69,0x73,0x6f,0x72,0x00,0x00,0x00,0x00,0x42,0x6c,0x74,0x41,0x64,0x76,0x69,0x73,
    0x6f,0x72,0x00,0x00,0x41,0x56,0x49,0x20,0x47,0x65,0x74,0x46,0x72,0x61,0x6d,0x65,0x00,0x00,0x00,0x00,0x53,0x65,0x74,0x56,
    0x69,0x64,0x41,0x6e,0x69,0x6d,0x00,0x00,0x41,0x44,0x5f,0x57,0x6f,0x62,0x62,0x6c,0x65,0x2e,0x61,0x76,0x69,0x00,0x00,0x00,
    0x41,0x44,0x5f,0x50,0x68,0x6f,0x6e,0x65,0x44,0x6f,0x77,0x6e,0x2e,0x61,0x76,0x69,0x00,0x00,0x00,0x00,0x41,0x44,0x5f,0x50,
    0x68,0x6f,0x6e,0x65,0x47,0x65,0x73,0x74,0x75,0x72,0x65,0x2e,0x61,0x76,0x69,0x00,0x41,0x44,0x5f,0x50,0x68,0x6f,0x6e,0x65,
    0x2e,0x61,0x76,0x69,0x00,0x00,0x00,0x00,0x41,0x44,0x5f,0x4c,0x52,0x2e,0x61,0x76,0x69,0x00,0x00,0x00,0x41,0x44,0x5f,0x42,
    0x6c,0x69,0x6e,0x6b,0x2e,0x61,0x76,0x69,0x00,0x00,0x00,0x00,0x7f,0x00,0x00,0x00,0xb0,0x43,0x44,0x00,0xe0,0x43,0x44,0x00,
    0x10,0x44,0x44,0x00,0x40,0x44,0x44,0x00,0x70,0x44,0x44,0x00,0xb0,0x44,0x44,0x00,0xf0,0x44,0x44,0x00,0x30,0x45,0x44,0x00,
    0x70,0x45,0x44,0x00,0xb0,0x45,0x44,0x00,0xf0,0x45,0x44,0x00,0x30,0x46,0x44,0x00,0x70,0x46,0x44,0x00,0xb0,0x46,0x44,0x00,
    0xf0,0x46,0x44,0x00,0x30,0x47,0x44,0x00,0x70,0x47,0x44,0x00,0xb0,0x47,0x44,0x00,0xf0,0x47,0x44,0x00,0x30,0x48,0x44,0x00,
    0x70,0x48,0x44,0x00,0xb0,0x48,0x44,0x00,0xf0,0x48,0x44,0x00,0x30,0x49,0x44,0x00,0x70,0x49,0x44,0x00,0x98,0x80,0x4b,0x00,
    0x88,0x80,0x4b,0x00,0x70,0x80,0x4b,0x00,0x5c,0x45,0x4b,0x00,0x64,0x80,0x4b,0x00,0x48,0x80,0x4b,0x00,0x34,0x80,0x4b,0x00,
    0x24,0x80,0x4b,0x00,0x14,0x80,0x4b,0x00,0x00,0x80,0x4b,0x00,0xe4,0x7f,0x4b,0x00,0xc8,0x7f,0x4b,0x00,0xac,0x7f,0x4b,0x00,
    0x90,0x7f,0x4b,0x00,0x80,0x7f,0x4b,0x00,0x6c,0x7f,0x4b,0x00,0x5c,0x7f,0x4b,0x00,0x4c,0x7f,0x4b,0x00,0x34,0x7f,0x4b,0x00,
    0x20,0x7f,0x4b,0x00,0x04,0x7f,0x4b,0x00,0xf4,0x7e,0x4b,0x00,0x5a,0x65,0x62,0x72,0x61,0x20,0x43,0x72,0x6f,0x73,0x73,0x69,
    0x6e,0x67,0x00,0x00,0x53,0x71,0x75,0x61,0x72,0x65,0x5f,0x54,0x72,0x61,0x63,0x6b,0x5f,0x48,0x65,0x69,0x67,0x68,0x74,0x5f,
    0x50,0x61,0x74,0x68,0x00,0x00,0x00,0x00,0x53,0x71,0x75,0x61,0x72,0x65,0x5f,0x54,0x72,0x61,0x63,0x6b,0x5f,0x48,0x65,0x69,
    0x67,0x68,0x74,0x00,0x52,0x6f,0x6c,0x6c,0x65,0x72,0x20,0x43,0x6f,0x61,0x73,0x74,0x65,0x72,0x20,0x54,0x72,0x61,0x63,0x6b,
    0x00,0x00,0x00,0x00,0x50,0x6f,0x74,0x74,0x69,0x6e,0x67,0x20,0x53,0x68,0x65,0x64,0x00,0x00,0x00,0x00,0x4d,0x65,0x63,0x68,
    0x61,0x6e,0x69,0x63,0x73,0x20,0x68,0x75,0x74,0x00,0x00,0x00,0x4c,0x6f,0x67,0x20,0x46,0x6c,0x75,0x6d,0x65,0x20,0x54,0x75,
    0x6e,0x6e,0x65,0x6c,0x00,0x00,0x00,0x00,0x4c,0x6f,0x67,0x20,0x46,0x6c,0x75,0x6d,0x65,0x20,0x54,0x72,0x61,0x63,0x6b,0x00,
    0x4c,0x6f,0x67,0x20,0x46,0x6c,0x75,0x6d,0x65,0x20,0x53,0x70,0x65,0x63,0x69,0x61,0x6c,0x20,0x43,0x6f,0x72,0x6e,0x65,0x72,
    0x20,0x34,0x00,0x00,0x4c,0x6f,0x67,0x20,0x46,0x6c,0x75,0x6d,0x65,0x20,0x53,0x70,0x65,0x63,0x69,0x61,0x6c,0x20,0x43,0x6f,
    0x72,0x6e,0x65,0x72,0x20,0x33,0x00,0x00,0x4c,0x6f,0x67,0x20,0x46,0x6c,0x75,0x6d,0x65,0x20,0x53,0x70,0x65,0x63,0x69,0x61,
    0x6c,0x20,0x43,0x6f,0x72,0x6e,0x65,0x72,0x20,0x32,0x00,0x00,0x4c,0x6f,0x67,0x20,0x46,0x6c,0x75,0x6d,0x65,0x20,0x53,0x70,
    0x65,0x63,0x69,0x61,0x6c,0x20,0x43,0x6f,0x72,0x6e,0x65,0x72,0x20,0x31,0x00,0x00,0x4c,0x6f,0x67,0x20,0x46,0x6c,0x75,0x6d,
    0x65,0x20,0x48,0x6f,0x6c,0x64,0x20,0x75,0x70,0x09,0x00,0x00,0x4c,0x6f,0x67,0x20,0x46,0x6c,0x75,0x6d,0x65,0x20,0x44,0x72,
    0x6f,0x70,0x00,0x00,0x4c,0x6f,0x67,0x20,0x46,0x6c,0x75,0x6d,0x65,0x20,0x43,0x53,0x41,0x57,0x00,0x00,0x4a,0x75,0x6e,0x67,
    0x6c,0x65,0x20,0x43,0x72,0x75,0x69,0x73,0x65,0x20,0x57,0x61,0x74,0x65,0x72,0x00,0x4a,0x75,0x6e,0x67,0x6c,0x65,0x20,0x43,
    0x72,0x75,0x69,0x73,0x65,0x20,0x4d,0x6f,0x6e,0x6b,0x65,0x79,0x20,0x42,0x72,0x69,0x64,0x67,0x65,0x00,0x45,0x6e,0x74,0x72,
    0x61,0x6e,0x63,0x65,0x20,0x31,0x00,0x00,0x44,0x72,0x69,0x76,0x69,0x6e,0x67,0x20,0x53,0x63,0x68,0x6f,0x6f,0x6c,0x20,0x50,
    0x75,0x6d,0x70,0x73,0x00,0x00,0x00,0x00,0x43,0x61,0x73,0x74,0x6c,0x65,0x20,0x44,0x75,0x6d,0x6d,0x79,0x00,0x00,0x00,0x00,
    0x42,0x6f,0x61,0x74,0x69,0x6e,0x67,0x20,0x53,0x63,0x68,0x6f,0x6f,0x6c,0x20,0x57,0x61,0x74,0x65,0x72,0x00,0x00,0x00,0x00,
    0x44,0x52,0x49,0x56,0x49,0x4e,0x47,0x20,0x53,0x43,0x48,0x4f,0x4f,0x4c,0x00,0x00,0x4a,0x55,0x4e,0x47,0x4c,0x45,0x20,0x43,
    0x52,0x55,0x49,0x53,0x45,0x00,0x00,0x00,0x41,0x70,0x70,0x5f,0x62,0x61,0x72,0x2e,0x6c,0x6c,0x73,0x00,0x41,0x70,0x70,0x5f,
    0x62,0x61,0x72,0x6d,0x61,0x72,0x6b,0x65,0x72,0x2e,0x6c,0x6c,0x73,0x00,0x00,0x00,0x41,0x70,0x70,0x5f,0x62,0x75,0x6c,0x6c,
    0x65,0x74,0x25,0x64,0x2e,0x6c,0x6c,0x73,0x00,0x00,0x00,0x00,0x41,0x70,0x70,0x5f,0x63,0x72,0x6f,0x73,0x73,0x25,0x64,0x2e,
    0x6c,0x6c,0x73,0x00,0x41,0x70,0x70,0x5f,0x74,0x69,0x63,0x6b,0x25,0x64,0x2e,0x6c,0x6c,0x73,0x00,0x00,0x55,0x6e,0x6c,0x69,
    0x6e,0x6b,0x65,0x64,0x20,0x4f,0x62,0x6a,0x65,0x63,0x74,0x20,0x25,0x73,0x0a,0x00,0x47,0x6f,0x42,0x61,0x63,0x6b,0x5f,0x6f,
    0x6e,0x5f,0x52,0x65,0x70,0x6f,0x72,0x74,0x2e,0x6c,0x6c,0x73,0x00,0x00,0x00,0x00,0x41,0x70,0x70,0x72,0x61,0x69,0x73,0x61,
    0x6c,0x42,0x4b,0x2e,0x6c,0x6c,0x73,0x00,0x50,0x72,0x65,0x76,0x69,0x6f,0x75,0x73,0x50,0x61,0x67,0x65,0x4c,0x69,0x74,0x2e,
    0x6c,0x6c,0x73,0x00,0x50,0x72,0x65,0x76,0x69,0x6f,0x75,0x73,0x50,0x61,0x67,0x65,0x2e,0x6c,0x6c,0x73,0x00,0x00,0x00,0x00,
    0x4e,0x65,0x78,0x74,0x50,0x61,0x67,0x65,0x4c,0x69,0x74,0x2e,0x6c,0x6c,0x73,0x00,0x4e,0x65,0x78,0x74,0x50,0x61,0x67,0x65,
    0x2e,0x6c,0x6c,0x73,0x00,0x00,0x00,0x00,0x54,0x45,0x58,0x54,0x25,0x30,0x34,0x64,0x2e,0x57,0x41,0x56,0x00,0x00,0x00,0x00,
    0x72,0x62,0x00,0x00,0x7f,0x00,0x00,0x00,0x60,0x82,0x4b,0x00,0x60,0x82,0x4b,0x00,0x4c,0x82,0x4b,0x00,0x38,0x82,0x4b,0x00,
    0x20,0x82,0x4b,0x00,0x0c,0x82,0x4b,0x00,0xf8,0x81,0x4b,0x00,0xe0,0x81,0x4b,0x00,0x2e,0x5c,0x67,0x72,0x61,0x70,0x68,0x69,
    0x63,0x73,0x5c,0x74,0x65,0x78,0x74,0x75,0x72,0x65,0x73,0x5c,0x00,0x00,0x00,0x00,0x2e,0x5c,0x67,0x72,0x61,0x70,0x68,0x69,
    0x63,0x73,0x5c,0x6d,0x6f,0x64,0x65,0x6c,0x73,0x5c,0x00,0x00,0x2e,0x5c,0x67,0x72,0x61,0x70,0x68,0x69,0x63,0x73,0x5c,0x69,
    0x63,0x6f,0x6e,0x73,0x5c,0x00,0x00,0x00,0x2e,0x5c,0x67,0x72,0x61,0x70,0x68,0x69,0x63,0x73,0x5c,0x6d,0x61,0x73,0x6b,0x73,
    0x5c,0x73,0x6d,0x61,0x6c,0x6c,0x5c,0x00,0x2e,0x5c,0x67,0x72,0x61,0x70,0x68,0x69,0x63,0x73,0x5c,0x6d,0x61,0x73,0x6b,0x73,
    0x5c,0x00,0x00,0x00,0x2e,0x5c,0x67,0x72,0x61,0x70,0x68,0x69,0x63,0x73,0x5c,0x73,0x6d,0x61,0x6c,0x6c,0x5c,0x00,0x00,0x00,
    0x2e,0x5c,0x67,0x72,0x61,0x70,0x68,0x69,0x63,0x73,0x5c,0x00,0x25,0x73,0x25,0x73,0x2e,0x4d,0x44,0x4c,0x00,0x00,0x00,0x00,
    0x2e,0x5c,0x67,0x72,0x61,0x70,0x68,0x69,0x63,0x73,0x5c,0x64,0x75,0x6b,0x65,0x5c,0x25,0x73,0x00,0x00,0x4c,0x6f,0x61,0x64,
    0x69,0x6e,0x67,0x20,0x42,0x4d,0x50,0x20,0x28,0x25,0x73,0x29,0x00,0x00,0x00,0x00,0x46,0x61,0x69,0x6c,0x65,0x64,0x20,0x74,
    0x6f,0x20,0x6c,0x6f,0x61,0x64,0x20,0x28,0x25,0x73,0x29,0x2e,0x20,0x00,0x00,0x00,0x46,0x61,0x69,0x6c,0x65,0x64,0x20,0x74,
    0x6f,0x20,0x6c,0x6f,0x61,0x64,0x20,0x28,0x25,0x73,0x29,0x0a,0x00,0x00,0x00,0x00,0x46,0x61,0x69,0x6c,0x65,0x64,0x20,0x74,
    0x6f,0x20,0x6c,0x6f,0x61,0x64,0x20,0x28,0x25,0x73,0x29,0x00,0x2e,0x6c,0x6c,0x7a,0x00,0x00,0x00,0x00,0x2e,0x6c,0x6c,0x73,
    0x00,0x00,0x00,0x00,0x2e,0x5c,0x67,0x72,0x61,0x70,0x68,0x69,0x63,0x73,0x5c,0x63,0x6f,0x6c,0x6f,0x75,0x72,0x73,0x2e,0x74,
    0x67,0x61,0x00,0x00,0x00,0x00,0x00,0x00,0x7f,0x00,0x00,0x00,0x00,0x00,0x00,0x00,0x00,0x10,0x00,0x00,0x00,0x00,0x00,0x00,
    0x00,0x35,0x00,0x00,0x00,0x28,0x00,0x00,0x00,0x10,0x00,0x00,0x00,0x00,0x00,0x00,0x00,0x00,0x00,0x00,0xe8,0x03,0x00,0x00,
    0x60,0x09,0x00,0x00,0xa0,0x0f,0x00,0x00,0x58,0x1b,0x00,0x00,0x41,0x00,0x00,0x00,0xcc,0x61,0x66,0x00,0x30,0x62,0x66,0x00,
    0x94,0x62,0x66,0x00,0xf8,0x62,0x66,0x00,0x5c,0x63,0x66,0x00,0xc0,0x63,0x66,0x00,0x24,0x64,0x66,0x00,0x88,0x64,0x66,0x00,
    0x10,0x49,0x48,0x00,0x70,0xf1,0x44,0x00,0xf0,0xeb,0x44,0x00,0x70,0xed,0x44,0x00,0x10,0x49,0x48,0x00,0x00,0x00,0x00,0x00,
    0x10,0xf6,0x44,0x00,0x10,0x49,0x48,0x00,0x10,0x49,0x48,0x00,0x10,0x49,0x48,0x00,0x10,0x49,0x48,0x00,0x10,0x49,0x48,0x00,
    0x10,0x49,0x48,0x00,0x80,0xfe,0x44,0x00,0x50,0x02,0x45,0x00,0x50,0x04,0x45,0x00,0x80,0xa4,0x49,0x00,0xb0,0xa4,0x49,0x00,
    0xe0,0xa4,0x49,0x00,0xf0,0xa7,0x49,0x00,0x30,0x03,0x45,0x00,0x10,0xba,0x49,0x00,0x20,0xbd,0x49,0x00,0x10,0xfe,0x44,0x00,
    0xa0,0xa4,0x49,0x00,0xd0,0xa4,0x49,0x00,0x45,0x4e,0x54,0x52,0x41,0x4e,0x43,0x45,0x20,0x31,0x00,0x00,0x53,0x48,0x41,0x52,
    0x4b,0x20,0x43,0x41,0x46,0x45,0x20,0x42,0x52,0x4f,0x4c,0x4c,0x59,0x00,0x00,0x00,0x5b,0x42,0x6c,0x6f,0x6b,0x65,0x20,0x25,
    0x63,0x5d,0x20,0x2d,0x20,0x25,0x73,0x0a,0x00,0x00,0x00,0x00,0x25,0x63,0x3a,0x25,0x73,0x00,0x00,0x00,0x4b,0x69,0x6c,0x6c,
    0x69,0x6e,0x67,0x20,0x4d,0x69,0x6e,0x69,0x46,0x69,0x67,0x3a,0x20,0x24,0x25,0x78,0x0a,0x00,0x00,0x00,0x57,0x61,0x6e,0x64,
    0x65,0x72,0x69,0x6e,0x67,0x2e,0x2e,0x2e,0x00,0x00,0x00,0x00,0x53,0x74,0x75,0x63,0x6b,0x2c,0x20,0x52,0x6f,0x75,0x74,0x69,
    0x6e,0x67,0x20,0x50,0x6f,0x69,0x6e,0x74,0x20,0x54,0x6f,0x20,0x50,0x6f,0x69,0x6e,0x74,0x2e,0x2e,0x2e,0x00,0x00,0x00,0x00,
    0x43,0x6f,0x75,0x6c,0x64,0x6e,0x27,0x74,0x20,0x61,0x6c,0x6c,0x6f,0x63,0x61,0x74,0x65,0x20,0x42,0x6c,0x6f,0x6b,0x65,0x4f,
    0x6e,0x52,0x69,0x64,0x65,0x20,0x66,0x6f,0x72,0x20,0x25,0x73,0x0a,0x00,0x00,0x00,0x43,0x6f,0x75,0x6c,0x64,0x6e,0x27,0x74,
    0x20,0x66,0x69,0x6e,0x64,0x20,0x69,0x6e,0x73,0x74,0x61,0x6e,0x63,0x65,0x20,0x6f,0x66,0x20,0x25,0x73,0x0a,0x00,0x00,0x00,
    0x49,0x20,0x63,0x61,0x6e,0x27,0x74,0x20,0x67,0x65,0x74,0x20,0x6f,0x6e,0x20,0x74,0x68,0x65,0x20,0x72,0x69,0x64,0x65,0x2e,
    0x00,0x00,0x00,0x00,0x49,0x27,0x6d,0x20,0x67,0x6f,0x69,0x6e,0x67,0x20,0x6f,0x6e,0x20,0x74,0x68,0x65,0x20,0x72,0x69,0x64,
    0x65,0x00,0x00,0x00,0x49,0x20,0x63,0x61,0x6e,0x27,0x74,0x20,0x67,0x6f,0x20,0x6f,0x6e,0x20,0x74,0x68,0x69,0x73,0x20,0x72,
    0x69,0x64,0x65,0x2e,0x20,0x49,0x74,0x27,0x73,0x20,0x6e,0x6f,0x74,0x20,0x77,0x6f,0x72,0x6b,0x69,0x6e,0x67,0x00,0x00,0x00,
    0x49,0x20,0x63,0x61,0x6e,0x27,0x74,0x20,0x67,0x6f,0x20,0x6f,0x6e,0x20,0x74,0x68,0x69,0x73,0x20,0x72,0x69,0x64,0x65,0x2e,
    0x20,0x49,0x74,0x20,0x69,0x73,0x20,0x66,0x75,0x6c,0x6c,0x00,0x49,0x27,0x76,0x65,0x20,0x62,0x65,0x65,0x6e,0x20,0x6f,0x6e,
    0x20,0x65,0x76,0x65,0x72,0x79,0x74,0x68,0x69,0x6e,0x67,0x20,0x61,0x6e,0x64,0x20,0x49,0x20,0x77,0x61,0x6e,0x74,0x20,0x74,
    0x6f,0x20,0x67,0x6f,0x20,0x68,0x6f,0x6d,0x65,0x2e,0x00,0x00,0x28,0x25,0x64,0x29,0x20,0x49,0x27,0x6c,0x6c,0x20,0x67,0x6f,
    0x20,0x74,0x6f,0x20,0x74,0x68,0x65,0x20,0x25,0x73,0x00,0x00,0x54,0x68,0x65,0x20,0x25,0x73,0x20,0x69,0x73,0x20,0x6e,0x6f,
    0x74,0x20,0x77,0x6f,0x72,0x74,0x68,0x20,0x67,0x6f,0x69,0x6e,0x67,0x20,0x6f,0x6e,0x2e,0x00,0x00,0x00,0x49,0x27,0x76,0x65,
    0x20,0x6a,0x75,0x73,0x74,0x20,0x62,0x65,0x65,0x6e,0x20,0x6f,0x6e,0x20,0x74,0x68,0x65,0x20,0x25,0x73,0x2e,0x00,0x00,0x00,
    0x50,0x72,0x6f,0x63,0x65,0x73,0x73,0x69,0x6e,0x67,0x20,0x79,0x6f,0x75,0x72,0x20,0x62,0x6c,0x6f,0x6b,0x65,0x0a,0x00,0x00,
    0x7f,0x00,0x00,0x00,0xff,0xff,0xff,0xff,0x44,0x72,0x69,0x76,0x65,0x20,0x25,0x73,0x20,0x63,0x6f,0x6e,0x74,0x61,0x69,0x6e,
    0x73,0x20,0x74,0x68,0x65,0x20,0x63,0x6f,0x72,0x72,0x65,0x63,0x74,0x20,0x43,0x44,0x00,0x00,0x00,0x00,0x43,0x44,0x46,0x53,
    0x00,0x00,0x00,0x00,0x47,0x65,0x74,0x74,0x69,0x6e,0x67,0x20,0x49,0x6e,0x66,0x6f,0x20,0x6f,0x6e,0x20,0x64,0x72,0x69,0x76,
    0x65,0x20,0x25,0x73,0x00,0x00,0x00,0x00,0x43,0x68,0x65,0x63,0x6b,0x69,0x6e,0x67,0x20,0x61,0x6c,0x6c,0x20,0x64,0x72,0x69,
    0x76,0x65,0x73,0x20,0x28,0x4d,0x61,0x73,0x6b,0x20,0x3d,0x20,0x25,0x64,0x29,0x00,0x63,0x3a,0x5c,0x00,0x5c,0x5c,0x2e,0x5c,
    0x76,0x77,0x69,0x6e,0x33,0x32,0x00,0x00,0x50,0x6c,0x65,0x61,0x73,0x65,0x20,0x69,0x6e,0x73,0x65,0x72,0x74,0x20,0x74,0x68,
    0x65,0x20,0x4c,0x45,0x47,0x4f,0x4c,0x41,0x4e,0x44,0x20,0x43,0x44,0x2d,0x52,0x4f,0x4d,0x20,0x69,0x6e,0x74,0x6f,0x20,0x64,
    0x72,0x69,0x76,0x65,0x20,0x25,0x73,0x00,0x4d,0x61,0x78,0x69,0x6d,0x69,0x73,0x69,0x6e,0x67,0x20,0x47,0x61,0x6d,0x65,0x00,
    0x50,0x6c,0x65,0x61,0x73,0x65,0x20,0x69,0x6e,0x73,0x65,0x72,0x74,0x20,0x74,0x68,0x65,0x20,0x4c,0x45,0x47,0x4f,0x4c,0x41,
    0x4e,0x44,0x20,0x43,0x44,0x2d,0x52,0x4f,0x4d,0x20,0x69,0x6e,0x74,0x6f,0x20,0x74,0x68,0x65,0x20,0x43,0x44,0x20,0x64,0x72,
    0x69,0x76,0x65,0x00,0x43,0x44,0x20,0x4d,0x69,0x73,0x73,0x69,0x6e,0x67,0x00,0x00,0x4d,0x69,0x6e,0x69,0x6d,0x69,0x73,0x69,
    0x6e,0x67,0x20,0x47,0x61,0x6d,0x65,0x00,0x4c,0x45,0x47,0x4f,0x4c,0x41,0x4e,0x44,0x00,0x00,0x00,0x00,0x7f,0x00,0x00,0x00,
    0x4c,0x65,0x67,0x6f,0x00,0x00,0x00,0x00,0x4c,0x65,0x67,0x6f,0x20,0x63,0x65,0x72,0x74,0x69,0x66,0x69,0x63,0x61,0x74,0x65,
    0x00,0x00,0x00,0x00,0x45,0x47,0x43,0x2e,0x62,0x6d,0x70,0x00,0x7f,0x00,0x00,0x00,0x7f,0x00,0x00,0x00,0x00,0x00,0x00,0x00,
    0xcc,0x4f,0x4b,0x00,0x00,0x00,0x00,0x00,0x00,0x00,0x00,0x00,0xdc,0x4f,0x4b,0x00,0x00,0x00,0x00,0x00,0x00,0x00,0x00,0x00,
    0xf4,0x4f,0x4b,0x00,0x00,0x00,0x00,0x00,0x00,0x00,0x00,0x00,0x84,0x88,0x4b,0x00,0x00,0x00,0x00,0x00,0x00,0x00,0x00,0x00,
    0x6c,0x88,0x4b,0x00,0x00,0x00,0x00,0x00,0x00,0x00,0x00,0x00,0x00,0x00,0x00,0x00,0x50,0x88,0x4b,0x00,0x00,0x00,0x00,0x00,
    0x00,0x00,0x00,0x00,0x3c,0x88,0x4b,0x00,0x00,0x00,0x00,0x00,0x00,0x00,0x00,0x00,0x30,0x88,0x4b,0x00,0x00,0x00,0x00,0x00,
    0x00,0x00,0x00,0x00,0x24,0x88,0x4b,0x00,0x00,0x00,0x00,0x00,0x00,0x00,0x00,0x00,0x18,0x88,0x4b,0x00,0x00,0x00,0x00,0x00,
    0x00,0x00,0x00,0x00,0x0c,0x88,0x4b,0x00,0x00,0x00,0x00,0x00,0x00,0x00,0x00,0x00,0x00,0x88,0x4b,0x00,0x00,0x00,0x00,0x00,
    0x00,0x00,0x00,0x00,0x00,0x00,0x00,0x00,0xd4,0x87,0x4b,0x00,0x00,0x00,0x00,0x00,0x00,0x00,0x00,0x00,0xc0,0x87,0x4b,0x00,
    0x00,0x00,0x00,0x00,0x00,0x00,0x00,0x00,0x43,0x61,0x73,0x68,0x20,0x52,0x65,0x67,0x69,0x73,0x74,0x65,0x72,0x2e,0x77,0x61,
    0x76,0x00,0x00,0x00,0x43,0x6f,0x69,0x6e,0x20,0x64,0x72,0x6f,0x70,0x20,0x66,0x6f,0x72,0x20,0x66,0x6f,0x6f,0x64,0x20,0x73,
    0x74,0x61,0x6e,0x64,0x73,0x20,0x6f,0x72,0x20,0x65,0x6e,0x74,0x72,0x61,0x6e,0x63,0x65,0x2e,0x77,0x61,0x76,0x00,0x00,0x00,
    0x44,0x69,0x6e,0x6f,0x30,0x35,0x2e,0x77,0x61,0x76,0x00,0x00,0x44,0x69,0x6e,0x6f,0x30,0x34,0x2e,0x77,0x61,0x76,0x00,0x00,
    0x44,0x69,0x6e,0x6f,0x30,0x33,0x2e,0x77,0x61,0x76,0x00,0x00,0x44,0x69,0x6e,0x6f,0x30,0x32,0x2e,0x77,0x61,0x76,0x00,0x00,
    0x44,0x69,0x6e,0x6f,0x30,0x31,0x2e,0x77,0x61,0x76,0x00,0x00,0x65,0x6c,0x65,0x63,0x74,0x72,0x69,0x63,0x69,0x74,0x79,0x30,
    0x31,0x2e,0x77,0x61,0x76,0x00,0x00,0x00,0x61,0x64,0x76,0x61,0x6e,0x63,0x65,0x64,0x20,0x70,0x6f,0x77,0x65,0x72,0x20,0x73,
    0x74,0x61,0x74,0x69,0x6f,0x6e,0x2e,0x77,0x61,0x76,0x00,0x00,0x57,0x61,0x74,0x65,0x72,0x77,0x6f,0x72,0x6b,0x73,0x53,0x68,
    0x6f,0x77,0x65,0x72,0x30,0x33,0x2e,0x77,0x61,0x76,0x00,0x00,0x57,0x61,0x74,0x65,0x72,0x77,0x6f,0x72,0x6b,0x73,0x53,0x68,
    0x6f,0x77,0x65,0x72,0x30,0x32,0x2e,0x77,0x61,0x76,0x00,0x00,0x4a,0x55,0x4e,0x47,0x4c,0x45,0x20,0x43,0x52,0x55,0x49,0x53,
    0x45,0x20,0x4d,0x4f,0x4e,0x4b,0x45,0x59,0x20,0x46,0x49,0x53,0x48,0x00,0x00,0x00,0x4a,0x55,0x4e,0x47,0x4c,0x45,0x20,0x43,
    0x52,0x55,0x49,0x53,0x45,0x20,0x4d,0x4f,0x4e,0x4b,0x45,0x59,0x20,0x54,0x52,0x45,0x45,0x00,0x00,0x00,0x4a,0x55,0x4e,0x47,
    0x4c,0x45,0x20,0x43,0x52,0x55,0x49,0x53,0x45,0x20,0x57,0x41,0x54,0x45,0x52,0x00,0x53,0x48,0x41,0x52,0x4b,0x20,0x43,0x41,
    0x46,0x45,0x00,0x00,0x43,0x48,0x55,0x43,0x4b,0x20,0x57,0x41,0x47,0x4f,0x4e,0x00,0x52,0x45,0x53,0x54,0x41,0x55,0x52,0x41,
    0x4e,0x54,0x20,0x32,0x00,0x00,0x00,0x00,0x52,0x45,0x53,0x54,0x41,0x55,0x52,0x41,0x4e,0x54,0x20,0x31,0x00,0x00,0x00,0x00,
    0x4f,0x43,0x54,0x4f,0x50,0x55,0x53,0x20,0x43,0x41,0x46,0x45,0x00,0x00,0x00,0x00,0x46,0x4f,0x4f,0x44,0x43,0x41,0x52,0x54,
    0x20,0x49,0x43,0x45,0x43,0x52,0x45,0x41,0x4d,0x00,0x00,0x00,0x46,0x4f,0x4f,0x44,0x43,0x41,0x52,0x54,0x20,0x46,0x4f,0x4f,
    0x44,0x00,0x00,0x00,0x46,0x4f,0x4f,0x44,0x43,0x41,0x52,0x54,0x20,0x44,0x52,0x49,0x4e,0x4b,0x00,0x00,0x43,0x41,0x53,0x54,
    0x4c,0x45,0x20,0x42,0x42,0x51,0x00,0x00,0x45,0x41,0x52,0x54,0x48,0x20,0x53,0x4c,0x49,0x44,0x45,0x20,0x52,0x49,0x44,0x45,
    0x00,0x00,0x00,0x00,0x42,0x41,0x4c,0x4c,0x4f,0x4f,0x4e,0x5a,0x00,0x00,0x00,0x00,0x43,0x41,0x52,0x4f,0x55,0x53,0x45,0x4c,
    0x00,0x00,0x00,0x00,0x4d,0x45,0x43,0x48,0x41,0x4e,0x49,0x43,0x53,0x20,0x48,0x55,0x54,0x00,0x00,0x00,0x50,0x4f,0x54,0x54,
    0x49,0x4e,0x47,0x20,0x53,0x48,0x45,0x44,0x00,0x00,0x00,0x00,0x5a,0x45,0x42,0x52,0x41,0x20,0x43,0x52,0x4f,0x53,0x53,0x49,
    0x4e,0x47,0x00,0x00,0x44,0x52,0x49,0x56,0x49,0x4e,0x47,0x20,0x53,0x43,0x48,0x4f,0x4f,0x4c,0x20,0x52,0x4f,0x41,0x44,0x53,
    0x00,0x00,0x00,0x00,0x44,0x52,0x49,0x56,0x49,0x4e,0x47,0x20,0x53,0x43,0x48,0x4f,0x4f,0x4c,0x20,0x50,0x55,0x4d,0x50,0x53,
    0x00,0x00,0x00,0x00,0x44,0x69,0x6e,0x6f,0x20,0x4d,0x69,0x6e,0x69,0x00,0x00,0x00,0x44,0x69,0x6e,0x6f,0x20,0x53,0x6d,0x61,
    0x6c,0x6c,0x00,0x00,0x44,0x69,0x6e,0x6f,0x20,0x42,0x69,0x67,0x00,0x00,0x00,0x00,0x73,0x6d,0x61,0x6c,0x6c,0x20,0x70,0x6f,
    0x77,0x65,0x72,0x20,0x73,0x74,0x61,0x74,0x69,0x6f,0x6e,0x00,0x63,0x72,0x79,0x73,0x74,0x61,0x6c,0x20,0x70,0x6f,0x77,0x65,
    0x72,0x20,0x73,0x74,0x61,0x74,0x69,0x6f,0x6e,0x00,0x00,0x00,0x46,0x4f,0x55,0x4e,0x54,0x41,0x49,0x4e,0x20,0x33,0x00,0x00,
    0x46,0x4f,0x55,0x4e,0x54,0x41,0x49,0x4e,0x20,0x32,0x00,0x00,0x46,0x4f,0x55,0x4e,0x54,0x41,0x49,0x4e,0x20,0x31,0x00,0x00,
    0x50,0x41,0x54,0x48,0x20,0x43,0x4f,0x4e,0x54,0x52,0x4f,0x4c,0x00,0x00,0x00,0x00,0x25,0x64,0x00,0x00,0x7f,0x00,0x00,0x00,
    0x10,0x00,0x00,0x00,0x00,0x08,0x00,0x00,0x08,0x00,0x00,0x00,0x6d,0x61,0x69,0x6e,0x20,0x74,0x68,0x72,0x65,0x61,0x64,0x00,
    0x45,0x78,0x63,0x65,0x70,0x74,0x69,0x6f,0x6e,0x20,0x65,0x6e,0x63,0x6f,0x75,0x6e,0x74,0x65,0x72,0x65,0x64,0x20,0x64,0x75,
    0x72,0x69,0x6e,0x67,0x20,0x73,0x74,0x61,0x63,0x6b,0x20,0x64,0x75,0x6d,0x70,0x2e,0x0d,0x0a,0x00,0x00,0x25,0x30,0x38,0x78,
    0x25,0x73,0x00,0x00,0x20,0x00,0x00,0x00,0x25,0x30,0x38,0x78,0x3a,0x20,0x00,0x00,0x0d,0x0a,0x53,0x74,0x61,0x63,0x6b,0x20,
    0x64,0x75,0x6d,0x70,0x3a,0x0d,0x0a,0x00,0x3f,0x3f,0x20,0x00,0x25,0x30,0x32,0x78,0x20,0x00,0x00,0x00,0x42,0x79,0x74,0x65,
    0x73,0x20,0x61,0x74,0x20,0x43,0x53,0x3a,0x45,0x49,0x50,0x3a,0x0d,0x0a,0x00,0x00,0x45,0x44,0x58,0x3d,0x25,0x30,0x38,0x78,
    0x20,0x45,0x53,0x3d,0x25,0x30,0x34,0x78,0x20,0x45,0x44,0x49,0x3d,0x25,0x30,0x38,0x78,0x20,0x47,0x53,0x3d,0x25,0x30,0x34,
    0x78,0x0d,0x0a,0x00,0x45,0x43,0x58,0x3d,0x25,0x30,0x38,0x78,0x20,0x44,0x53,0x3d,0x25,0x30,0x34,0x78,0x20,0x45,0x53,0x49,
    0x3d,0x25,0x30,0x38,0x78,0x20,0x46,0x53,0x3d,0x25,0x30,0x34,0x78,0x0d,0x0a,0x00,0x45,0x42,0x58,0x3d,0x25,0x30,0x38,0x78,
    0x20,0x53,0x53,0x3d,0x25,0x30,0x34,0x78,0x20,0x45,0x53,0x50,0x3d,0x25,0x30,0x38,0x78,0x20,0x45,0x42,0x50,0x3d,0x25,0x30,
    0x38,0x78,0x0d,0x0a,0x00,0x00,0x00,0x00,0x45,0x41,0x58,0x3d,0x25,0x30,0x38,0x78,0x20,0x43,0x53,0x3d,0x25,0x30,0x34,0x78,
    0x20,0x45,0x49,0x50,0x3d,0x25,0x30,0x38,0x78,0x20,0x45,0x46,0x4c,0x47,0x53,0x3d,0x25,0x30,0x38,0x78,0x0d,0x0a,0x00,0x00,
    0x52,0x65,0x67,0x69,0x73,0x74,0x65,0x72,0x73,0x3a,0x0d,0x0a,0x00,0x00,0x00,0x00,0x0d,0x0a,0x00,0x00,0x25,0x73,0x00,0x00,
    0x25,0x73,0x20,0x6c,0x6f,0x63,0x61,0x74,0x69,0x6f,0x6e,0x20,0x25,0x30,0x38,0x78,0x20,0x63,0x61,0x75,0x73,0x65,0x64,0x20,
    0x61,0x6e,0x20,0x61,0x63,0x63,0x65,0x73,0x73,0x20,0x76,0x69,0x6f,0x6c,0x61,0x74,0x69,0x6f,0x6e,0x2e,0x0d,0x0a,0x00,0x00,
    0x57,0x72,0x69,0x74,0x65,0x20,0x74,0x6f,0x00,0x00,0x00,0x00,0x52,0x65,0x61,0x64,0x20,0x66,0x72,0x6f,0x6d,0x00,0x00,0x00,
    0x45,0x78,0x63,0x65,0x70,0x74,0x69,0x6f,0x6e,0x20,0x68,0x61,0x6e,0x64,0x6c,0x65,0x72,0x20,0x63,0x61,0x6c,0x6c,0x65,0x64,
    0x20,0x69,0x6e,0x20,0x25,0x73,0x2e,0x0d,0x0a,0x00,0x00,0x00,0x25,0x73,0x20,0x63,0x61,0x75,0x73,0x65,0x64,0x20,0x25,0x73,
    0x20,0x69,0x6e,0x20,0x6d,0x6f,0x64,0x75,0x6c,0x65,0x20,0x25,0x73,0x20,0x61,0x74,0x20,0x25,0x30,0x34,0x78,0x3a,0x25,0x30,
    0x38,0x78,0x2e,0x0d,0x0a,0x00,0x00,0x00,0x45,0x72,0x72,0x6f,0x72,0x20,0x63,0x72,0x65,0x61,0x74,0x69,0x6e,0x67,0x20,0x65,
    0x78,0x63,0x65,0x70,0x74,0x69,0x6f,0x6e,0x20,0x72,0x65,0x70,0x6f,0x72,0x74,0x00,0x65,0x78,0x63,0x65,0x70,0x74,0x6c,0x6f,
    0x67,0x2e,0x74,0x78,0x74,0x00,0x00,0x00,0x55,0x6e,0x6b,0x6e,0x6f,0x77,0x6e,0x00,0x0d,0x0a,0x09,0x4d,0x6f,0x64,0x75,0x6c,
    0x65,0x20,0x6c,0x69,0x73,0x74,0x3a,0x20,0x6e,0x61,0x6d,0x65,0x73,0x2c,0x20,0x61,0x64,0x64,0x72,0x65,0x73,0x73,0x65,0x73,
    0x2c,0x20,0x73,0x69,0x7a,0x65,0x73,0x2c,0x20,0x74,0x69,0x6d,0x65,0x20,0x73,0x74,0x61,0x6d,0x70,0x73,0x20,0x61,0x6e,0x64,
    0x20,0x66,0x69,0x6c,0x65,0x20,0x74,0x69,0x6d,0x65,0x73,0x3a,0x0d,0x0a,0x00,0x00,0x25,0x73,0x2c,0x20,0x6c,0x6f,0x61,0x64,
    0x65,0x64,0x20,0x61,0x74,0x20,0x30,0x78,0x25,0x30,0x38,0x78,0x20,0x2d,0x20,0x25,0x64,0x20,0x62,0x79,0x74,0x65,0x73,0x20,
    0x2d,0x20,0x25,0x30,0x38,0x78,0x25,0x73,0x0d,0x0a,0x00,0x00,0x20,0x2d,0x20,0x66,0x69,0x6c,0x65,0x20,0x64,0x61,0x74,0x65,
    0x20,0x69,0x73,0x20,0x00,0x00,0x00,0x00,0x25,0x64,0x2f,0x25,0x64,0x2f,0x25,0x64,0x20,0x25,0x30,0x32,0x64,0x3a,0x25,0x30,
    0x32,0x64,0x3a,0x25,0x30,0x32,0x64,0x00,0x25,0x64,0x20,0x4d,0x42,0x79,0x74,0x65,0x73,0x20,0x70,0x68,0x79,0x73,0x69,0x63,
    0x61,0x6c,0x20,0x6d,0x65,0x6d,0x6f,0x72,0x79,0x2e,0x0d,0x0a,0x00,0x00,0x00,0x00,0x25,0x64,0x20,0x70,0x72,0x6f,0x63,0x65,
    0x73,0x73,0x6f,0x72,0x28,0x73,0x29,0x2c,0x20,0x74,0x79,0x70,0x65,0x20,0x25,0x64,0x2e,0x0d,0x0a,0x00,0x52,0x75,0x6e,0x20,
    0x62,0x79,0x20,0x25,0x73,0x20,0x6f,0x6e,0x20,0x6d,0x61,0x63,0x68,0x69,0x6e,0x65,0x20,0x25,0x73,0x2e,0x0d,0x0a,0x00,0x00,
    0x25,0x73,0x20,0x28,0x56,0x65,0x72,0x73,0x69,0x6f,0x6e,0x20,0x25,0x73,0x29,0x0d,0x0a,0x00,0x00,0x00,0x45,0x72,0x72,0x6f,
    0x72,0x20,0x6f,0x63,0x63,0x75,0x72,0x72,0x65,0x64,0x20,0x61,0x74,0x20,0x25,0x73,0x2e,0x0d,0x0a,0x00,0x55,0x6e,0x6b,0x6e,
    0x6f,0x77,0x6e,0x20,0x65,0x78,0x63,0x65,0x70,0x74,0x69,0x6f,0x6e,0x20,0x74,0x79,0x70,0x65,0x00,0x00,0x61,0x20,0x4d,0x69,
    0x63,0x72,0x6f,0x73,0x6f,0x66,0x74,0x20,0x43,0x2b,0x2b,0x20,0x45,0x78,0x63,0x65,0x70,0x74,0x69,0x6f,0x6e,0x00,0x00,0x00,
    0x61,0x20,0x44,0x4c,0x4c,0x20,0x49,0x6e,0x69,0x74,0x69,0x61,0x6c,0x69,0x7a,0x61,0x74,0x69,0x6f,0x6e,0x20,0x46,0x61,0x69,
    0x6c,0x65,0x64,0x00,0x61,0x20,0x53,0x74,0x61,0x63,0x6b,0x20,0x4f,0x76,0x65,0x72,0x66,0x6c,0x6f,0x77,0x00,0x00,0x00,0x00,
    0x61,0x20,0x50,0x72,0x69,0x76,0x69,0x6c,0x65,0x67,0x65,0x64,0x20,0x49,0x6e,0x73,0x74,0x72,0x75,0x63,0x74,0x69,0x6f,0x6e,
    0x00,0x00,0x00,0x00,0x61,0x6e,0x20,0x49,0x6e,0x74,0x65,0x67,0x65,0x72,0x20,0x4f,0x76,0x65,0x72,0x66,0x6c,0x6f,0x77,0x00,
    0x61,0x6e,0x20,0x49,0x6e,0x74,0x65,0x67,0x65,0x72,0x20,0x44,0x69,0x76,0x69,0x64,0x65,0x20,0x62,0x79,0x20,0x5a,0x65,0x72,
    0x6f,0x00,0x00,0x00,0x61,0x20,0x46,0x6c,0x6f,0x61,0x74,0x20,0x55,0x6e,0x64,0x65,0x72,0x66,0x6c,0x6f,0x77,0x00,0x00,0x00,
    0x61,0x20,0x46,0x6c,0x6f,0x61,0x74,0x20,0x53,0x74,0x61,0x63,0x6b,0x20,0x43,0x68,0x65,0x63,0x6b,0x00,0x61,0x20,0x46,0x6c,
    0x6f,0x61,0x74,0x20,0x4f,0x76,0x65,0x72,0x66,0x6c,0x6f,0x77,0x00,0x00,0x00,0x00,0x61,0x20,0x46,0x6c,0x6f,0x61,0x74,0x20,
    0x49,0x6e,0x76,0x61,0x6c,0x69,0x64,0x20,0x4f,0x70,0x65,0x72,0x61,0x74,0x69,0x6f,0x6e,0x00,0x00,0x00,0x61,0x20,0x46,0x6c,
    0x6f,0x61,0x74,0x20,0x49,0x6e,0x65,0x78,0x61,0x63,0x74,0x20,0x52,0x65,0x73,0x75,0x6c,0x74,0x00,0x00,0x61,0x20,0x46,0x6c,
    0x6f,0x61,0x74,0x20,0x44,0x69,0x76,0x69,0x64,0x65,0x20,0x62,0x79,0x20,0x5a,0x65,0x72,0x6f,0x00,0x00,0x61,0x20,0x46,0x6c,
    0x6f,0x61,0x74,0x20,0x44,0x65,0x6e,0x6f,0x72,0x6d,0x61,0x6c,0x20,0x4f,0x70,0x65,0x72,0x61,0x6e,0x64,0x00,0x00,0x00,0x00,
    0x61,0x20,0x41,0x72,0x72,0x61,0x79,0x20,0x42,0x6f,0x75,0x6e,0x64,0x73,0x20,0x45,0x78,0x63,0x65,0x65,0x64,0x65,0x64,0x00,
    0x61,0x6e,0x20,0x49,0x6e,0x76,0x61,0x6c,0x69,0x64,0x20,0x44,0x69,0x73,0x70,0x6f,0x73,0x69,0x74,0x69,0x6f,0x6e,0x00,0x00,
    0x61,0x20,0x4e,0x6f,0x6e,0x63,0x6f,0x6e,0x74,0x69,0x6e,0x75,0x61,0x62,0x6c,0x65,0x20,0x45,0x78,0x63,0x65,0x70,0x74,0x69,
    0x6f,0x6e,0x00,0x00,0x61,0x6e,0x20,0x49,0x6c,0x6c,0x65,0x67,0x61,0x6c,0x20,0x49,0x6e,0x73,0x74,0x72,0x75,0x63,0x74,0x69,
    0x6f,0x6e,0x00,0x00,0x61,0x20,0x4e,0x6f,0x20,0x4d,0x65,0x6d,0x6f,0x72,0x79,0x00,0x61,0x6e,0x20,0x49,0x6e,0x20,0x50,0x61,
    0x67,0x65,0x20,0x45,0x72,0x72,0x6f,0x72,0x00,0x00,0x00,0x00,0x61,0x6e,0x20,0x41,0x63,0x63,0x65,0x73,0x73,0x20,0x56,0x69,
    0x6f,0x6c,0x61,0x74,0x69,0x6f,0x6e,0x00,0x61,0x20,0x42,0x72,0x65,0x61,0x6b,0x70,0x6f,0x69,0x6e,0x74,0x00,0x00,0x00,0x00,
    0x61,0x20,0x44,0x61,0x74,0x61,0x74,0x79,0x70,0x65,0x20,0x4d,0x69,0x73,0x61,0x6c,0x69,0x67,0x6e,0x6d,0x65,0x6e,0x74,0x00,
    0x61,0x20,0x43,0x6f,0x6e,0x74,0x72,0x6f,0x6c,0x2d,0x42,0x72,0x65,0x61,0x6b,0x00,0x61,0x20,0x43,0x6f,0x6e,0x74,0x72,0x6f,
    0x6c,0x2d,0x43,0x00,0x7f,0x00,0x00,0x00,0x6d,0x69,0x5f,0x62,0x6f,0x72,0x65,0x64,0x2e,0x6c,0x6c,0x73,0x00,0x00,0x00,0x00,
    0x6f,0x70,0x69,0x6e,0x69,0x6f,0x6e,0x2e,0x6c,0x6c,0x73,0x00,0x66,0x61,0x76,0x6f,0x75,0x72,0x69,0x74,0x65,0x2e,0x6c,0x6c,
    0x73,0x00,0x00,0x00,0x67,0x72,0x65,0x61,0x74,0x2e,0x6c,0x6c,0x73,0x00,0x00,0x00,0x6d,0x69,0x5f,0x65,0x61,0x74,0x2e,0x6c,
    0x6c,0x73,0x00,0x00,0x6d,0x69,0x5f,0x68,0x6f,0x6d,0x65,0x2e,0x6c,0x6c,0x73,0x00,0x6d,0x69,0x5f,0x73,0x61,0x64,0x2e,0x6c,
    0x6c,0x73,0x00,0x00,0x6d,0x69,0x5f,0x68,0x61,0x70,0x70,0x79,0x2e,0x6c,0x6c,0x73,0x00,0x00,0x00,0x00,0x6d,0x69,0x5f,0x68,
    0x75,0x6e,0x67,0x72,0x79,0x2e,0x6c,0x6c,0x73,0x00,0x00,0x00,0x53,0x50,0x45,0x45,0x43,0x48,0x20,0x42,0x55,0x42,0x42,0x4c,
    0x45,0x00,0x00,0x00,0x44,0x43,0x3d,0x20,0x25,0x30,0x38,0x78,0x0a,0x00,0x00,0x00,0x43,0x72,0x65,0x61,0x74,0x69,0x6e,0x67,
    0x20,0x43,0x65,0x6c,0x6c,0x20,0x28,0x25,0x64,0x29,0x20,0x25,0x73,0x0a,0x00,0x00,0x44,0x65,0x6c,0x65,0x74,0x69,0x6e,0x67,
    0x20,0x43,0x65,0x6c,0x6c,0x20,0x28,0x25,0x64,0x29,0x20,0x25,0x73,0x0a,0x00,0x00,0x7f,0x00,0x00,0x00,0x6d,0x61,0x70,0x53,
    0x70,0x61,0x6e,0x6e,0x65,0x72,0x2e,0x6c,0x6c,0x73,0x00,0x00,0x4d,0x41,0x50,0x4c,0x49,0x47,0x48,0x54,0x53,0x2e,0x4c,0x4c,
    0x53,0x00,0x00,0x00,0x54,0x52,0x41,0x43,0x4b,0x53,0x54,0x49,0x43,0x4b,0x2e,0x4c,0x4c,0x53,0x00,0x00,0x54,0x52,0x41,0x43,
    0x4b,0x42,0x4c,0x4f,0x42,0x2e,0x4c,0x4c,0x53,0x00,0x00,0x00,0x7f,0x00,0x00,0x00,0x10,0x27,0x00,0x00,0x01,0x00,0x00,0x00,
    0x01,0x00,0x00,0x00,0x5c,0x53,0x74,0x72,0x69,0x6e,0x67,0x46,0x69,0x6c,0x65,0x49,0x6e,0x66,0x6f,0x5c,0x30,0x38,0x30,0x39,
    0x30,0x34,0x42,0x30,0x5c,0x50,0x72,0x6f,0x64,0x75,0x63,0x74,0x56,0x65,0x72,0x73,0x69,0x6f,0x6e,0x00,0x4c,0x65,0x67,0x6f,
    0x6c,0x61,0x6e,0x64,0x2e,0x65,0x78,0x65,0x00,0x00,0x00,0x00,0x54,0x69,0x74,0x6c,0x65,0x53,0x63,0x72,0x65,0x65,0x6e,0x31,
    0x2e,0x6c,0x6c,0x73,0x00,0x00,0x00,0x00,0x6f,0x62,0x6a,0x6c,0x69,0x73,0x74,0x25,0x64,0x2e,0x74,0x78,0x74,0x00,0x00,0x00,
    0x53,0x46,0x58,0x00,0x25,0x73,0x5c,0x25,0x64,0x73,0x61,0x76,0x65,0x25,0x64,0x2e,0x73,0x61,0x76,0x00,0x70,0x72,0x6f,0x66,
    0x69,0x6c,0x65,0x73,0x00,0x00,0x00,0x00,0x45,0x78,0x69,0x74,0x69,0x6e,0x67,0x20,0x47,0x61,0x6d,0x65,0x50,0x72,0x6f,0x63,
    0x00,0x00,0x00,0x00,0x41,0x70,0x70,0x72,0x61,0x69,0x73,0x61,0x6c,0x73,0x20,0x4f,0x76,0x65,0x72,0x00,0x41,0x70,0x70,0x72,
    0x61,0x69,0x73,0x61,0x6c,0x73,0x00,0x00,0x49,0x6e,0x20,0x47,0x61,0x6d,0x65,0x20,0x48,0x65,0x6c,0x70,0x00,0x00,0x00,0x00,
    0x52,0x65,0x6e,0x64,0x65,0x72,0x69,0x6e,0x67,0x00,0x00,0x00,0x5a,0x6f,0x6e,0x69,0x6e,0x67,0x00,0x00,0x50,0x72,0x6f,0x63,
    0x65,0x73,0x73,0x53,0x74,0x75,0x66,0x66,0x00,0x00,0x00,0x00,0x41,0x49,0x00,0x00,0x49,0x72,0x35,0x30,0x5f,0x33,0x32,0x2e,
    0x64,0x6c,0x6c,0x00,0x49,0x6e,0x74,0x72,0x6f,0x2e,0x61,0x76,0x69,0x00,0x00,0x00,0x6c,0x6d,0x69,0x2e,0x61,0x76,0x69,0x00,
    0x7f,0x00,0x00,0x00,0x00,0x00,0x00,0x00,0x04,0x00,0x00,0x00,0x6d,0x00,0x00,0x00,0x3b,0x00,0x00,0x00,0x6d,0x00,0x00,0x00,
    0x01,0x00,0x00,0x00,0x00,0x00,0x00,0x00,0x94,0x9b,0x4b,0x00,0x00,0x00,0x00,0x00,0x00,0x00,0x00,0x00,0x80,0x9b,0x4b,0x00,
    0x00,0x00,0x00,0x00,0x00,0x00,0x00,0x00,0x6c,0x9b,0x4b,0x00,0x00,0x00,0x00,0x00,0x00,0x00,0x00,0x00,0x5c,0x9b,0x4b,0x00,
    0x00,0x00,0x00,0x00,0x00,0x00,0x00,0x00,0x4c,0x9b,0x4b,0x00,0x00,0x00,0x00,0x00,0x00,0x00,0x00,0x00,0x3c,0x9b,0x4b,0x00,
    0x00,0x00,0x00,0x00,0x00,0x00,0x00,0x00,0x28,0x9b,0x4b,0x00,0x00,0x00,0x00,0x00,0x00,0x00,0x00,0x00,0x18,0x9b,0x4b,0x00,
    0x00,0x00,0x00,0x00,0x00,0x00,0x00,0x00,0x08,0x9b,0x4b,0x00,0x00,0x00,0x00,0x00,0x00,0x00,0x00,0x00,0xfc,0x9a,0x4b,0x00,
    0x00,0x00,0x00,0x00,0x00,0x00,0x00,0x00,0xf0,0x9a,0x4b,0x00,0x00,0x00,0x00,0x00,0x00,0x00,0x00,0x00,0xe4,0x9a,0x4b,0x00,
    0x00,0x00,0x00,0x00,0x00,0x00,0x00,0x00,0xd4,0x9a,0x4b,0x00,0x00,0x00,0x00,0x00,0x00,0x00,0x00,0x00,0xc4,0x9a,0x4b,0x00,
    0x00,0x00,0x00,0x00,0x00,0x00,0x00,0x00,0xb8,0x9a,0x4b,0x00,0x00,0x00,0x00,0x00,0x00,0x00,0x00,0x00,0xa0,0x9a,0x4b,0x00,
    0x00,0x00,0x00,0x00,0x00,0x00,0x00,0x00,0x84,0x9a,0x4b,0x00,0x00,0x00,0x00,0x00,0x00,0x00,0x00,0x00,0x6c,0x9a,0x4b,0x00,
    0x00,0x00,0x00,0x00,0x00,0x00,0x00,0x00,0x58,0x9a,0x4b,0x00,0x00,0x00,0x00,0x00,0x00,0x00,0x00,0x00,0x40,0x9a,0x4b,0x00,
    0x00,0x00,0x00,0x00,0x00,0x00,0x00,0x00,0x1c,0x9a,0x4b,0x00,0x00,0x00,0x00,0x00,0x00,0x00,0x00,0x00,0xf8,0x99,0x4b,0x00,
    0x00,0x00,0x00,0x00,0x00,0x00,0x00,0x00,0xe8,0x99,0x4b,0x00,0x00,0x00,0x00,0x00,0x00,0x00,0x00,0x00,0x00,0x00,0x00,0x00,
    0xd4,0x99,0x4b,0x00,0x20,0x03,0x00,0x00,0xbc,0x99,0x4b,0x00,0xc4,0x09,0x00,0x00,0x14,0x8a,0x4b,0x00,0x9c,0xff,0xff,0xff,
    0x08,0x8a,0x4b,0x00,0xe2,0xff,0xff,0xff,0xfc,0x89,0x4b,0x00,0xe2,0xff,0xff,0xff,0xb4,0x99,0x4b,0x00,0x7e,0xff,0xff,0xff,
    0xa8,0x99,0x4b,0x00,0xf6,0xff,0xff,0xff,0x9c,0x99,0x4b,0x00,0xf6,0xff,0xff,0xff,0x90,0x99,0x4b,0x00,0xf6,0xff,0xff,0xff,
    0x80,0x99,0x4b,0x00,0xfe,0xff,0xff,0xff,0x70,0x99,0x4b,0x00,0xfe,0xff,0xff,0xff,0x5c,0x99,0x4b,0x00,0xfe,0xff,0xff,0xff,
    0x50,0x99,0x4b,0x00,0xfd,0xff,0xff,0xff,0x44,0x99,0x4b,0x00,0xfd,0xff,0xff,0xff,0x34,0x99,0x4b,0x00,0xfd,0xff,0xff,0xff,
    0x24,0x99,0x4b,0x00,0xfb,0xff,0xff,0xff,0x14,0x99,0x4b,0x00,0xf6,0xff,0xff,0xff,0x04,0x99,0x4b,0x00,0xc4,0xff,0xff,0xff,
    0xf8,0x98,0x4b,0x00,0xf6,0xff,0xff,0xff,0xe8,0x98,0x4b,0x00,0x38,0xff,0xff,0xff,0xd0,0x98,0x4b,0x00,0xe2,0xff,0xff,0xff,
    0xc8,0x98,0x4b,0x00,0x9c,0xff,0xff,0xff,0xb8,0x98,0x4b,0x00,0xc4,0xff,0xff,0xff,0xa4,0x98,0x4b,0x00,0xd8,0xff,0xff,0xff,
    0x98,0x98,0x4b,0x00,0x9c,0xff,0xff,0xff,0x80,0x98,0x4b,0x00,0xe2,0xff,0xff,0xff,0x60,0x98,0x4b,0x00,0xfa,0xff,0xff,0xff,
    0x40,0x98,0x4b,0x00,0xfa,0xff,0xff,0xff,0x28,0x98,0x4b,0x00,0xfc,0xff,0xff,0xff,0x1c,0x98,0x4b,0x00,0xf1,0xff,0xff,0xff,
    0x14,0x98,0x4b,0x00,0xfb,0xff,0xff,0xff,0x08,0x98,0x4b,0x00,0xfa,0xff,0xff,0xff,0xf8,0x97,0x4b,0x00,0xfc,0xff,0xff,0xff,
    0xec,0x97,0x4b,0x00,0xfe,0xff,0xff,0xff,0xe4,0x97,0x4b,0x00,0xfc,0xff,0xff,0xff,0xdc,0x97,0x4b,0x00,0xfd,0xff,0xff,0xff,
    0xd0,0x97,0x4b,0x00,0xc4,0xff,0xff,0xff,0xc8,0x97,0x4b,0x00,0xf8,0xff,0xff,0xff,0xbc,0x97,0x4b,0x00,0xe2,0xff,0xff,0xff,
    0xa8,0x97,0x4b,0x00,0x9c,0xff,0xff,0xff,0x90,0x97,0x4b,0x00,0xa6,0xff,0xff,0xff,0x88,0x97,0x4b,0x00,0xfd,0xff,0xff,0xff,
    0x74,0x97,0x4b,0x00,0xec,0xff,0xff,0xff,0x68,0x97,0x4b,0x00,0x74,0xff,0xff,0xff,0x54,0x97,0x4b,0x00,0xd8,0xff,0xff,0xff,
    0x44,0x97,0x4b,0x00,0x9c,0xff,0xff,0xff,0x38,0x97,0x4b,0x00,0x60,0xff,0xff,0xff,0x2c,0x97,0x4b,0x00,0xb0,0xff,0xff,0xff,
    0x1c,0x97,0x4b,0x00,0xce,0xff,0xff,0xff,0x10,0x97,0x4b,0x00,0xec,0xff,0xff,0xff,0x00,0x97,0x4b,0x00,0xf8,0xff,0xff,0xff,
    0xf4,0x96,0x4b,0x00,0x70,0xfe,0xff,0xff,0xe8,0x96,0x4b,0x00,0xfe,0xff,0xff,0xff,0xe0,0x96,0x4b,0x00,0xb5,0xff,0xff,0xff,
    0xc8,0x96,0x4b,0x00,0xd8,0xff,0xff,0xff,0xb8,0x96,0x4b,0x00,0xd8,0xff,0xff,0xff,0xa4,0x96,0x4b,0x00,0xd8,0xff,0xff,0xff,
    0x90,0x96,0x4b,0x00,0xd8,0xff,0xff,0xff,0x80,0x96,0x4b,0x00,0xd8,0xff,0xff,0xff,0x6c,0x96,0x4b,0x00,0xd8,0xff,0xff,0xff,
    0x5c,0x96,0x4b,0x00,0xd8,0xff,0xff,0xff,0x4c,0x96,0x4b,0x00,0xd8,0xff,0xff,0xff,0x38,0x96,0x4b,0x00,0xd8,0xff,0xff,0xff,
    0x28,0x96,0x4b,0x00,0xd8,0xff,0xff,0xff,0x14,0x96,0x4b,0x00,0xd8,0xff,0xff,0xff,0xb0,0x8b,0x4d,0x00,0x00,0x00,0x00,0x00,
    0x80,0x01,0x02,0x04,0x08,0x10,0x20,0x40,0x00,0x70,0xce,0x01,0x00,0x38,0xe7,0x00,0x00,0x9c,0x73,0x00,0x80,0x73,0x0e,0x00,
    0xc0,0x39,0x07,0x00,0xe0,0x9c,0x03,0x00,0x9c,0x73,0x00,0x00,0xce,0x39,0x00,0x00,0xe7,0x1c,0x00,0x00,0xfe,0xff,0xff,0xff,
    0xff,0xff,0xff,0xff,0x00,0x00,0x00,0x00,0xfe,0xff,0xff,0xff,0xff,0xff,0xff,0xff,0x00,0x00,0x00,0x00,0xfe,0xff,0xff,0xff,
    0xff,0xff,0xff,0xff,0x00,0x00,0x00,0x00,0xfe,0xff,0xff,0xff,0xfe,0xff,0xff,0xff,0xfe,0xff,0xff,0xff,0xff,0xff,0xff,0xff,
    0xff,0xff,0xff,0xff,0xff,0xff,0xff,0xff,0x00,0x00,0x00,0x00,0x00,0x00,0x00,0x00,0x00,0x00,0x00,0x00,0x00,0x80,0xff,0x00,
    0x00,0xff,0xff,0x00,0x00,0x00,0xc0,0x00,0x80,0xff,0x80,0x00,0x00,0xc0,0x00,0x00,0x80,0xff,0x80,0x00,0xff,0x00,0x00,0x00,
    0xff,0x80,0x80,0x00,0x00,0x00,0x00,0x00,0x00,0x00,0x00,0x00,0x20,0x00,0x00,0x00,0x20,0x14,0x80,0x00,0x00,0xb6,0x03,0x00,
    0x00,0xb6,0x03,0x00,0x00,0xb6,0x03,0x00,0x00,0xb6,0x03,0x00,0x00,0x68,0x01,0x00,0x00,0x68,0x01,0x00,0x00,0x2c,0x01,0x00,
    0x00,0x2c,0x01,0x00,0x4d,0x69,0x6e,0x69,0x6c,0x61,0x6e,0x64,0x20,0x44,0x65,0x6e,0x6d,0x61,0x72,0x6b,0x00,0x00,0x00,0x00,
    0x4d,0x69,0x6e,0x69,0x6c,0x61,0x6e,0x64,0x20,0x45,0x67,0x79,0x70,0x74,0x00,0x00,0x4d,0x69,0x6e,0x69,0x6c,0x61,0x6e,0x64,
    0x20,0x41,0x75,0x73,0x74,0x72,0x61,0x6c,0x69,0x61,0x00,0x00,0x4d,0x69,0x6e,0x69,0x6c,0x61,0x6e,0x64,0x20,0x49,0x74,0x61,
    0x6c,0x79,0x00,0x00,0x4d,0x69,0x6e,0x69,0x6c,0x61,0x6e,0x64,0x20,0x4c,0x6f,0x6e,0x64,0x6f,0x6e,0x00,0x4d,0x69,0x6e,0x69,
    0x6c,0x61,0x6e,0x64,0x20,0x48,0x6f,0x6c,0x6c,0x61,0x6e,0x64,0x00,0x00,0x00,0x00,0x4d,0x69,0x6e,0x69,0x6c,0x61,0x6e,0x64,
    0x20,0x49,0x6e,0x64,0x69,0x61,0x00,0x00,0x4d,0x69,0x6e,0x69,0x6c,0x61,0x6e,0x64,0x20,0x4e,0x65,0x77,0x20,0x59,0x6f,0x72,
    0x6b,0x00,0x00,0x00,0x4d,0x69,0x6e,0x69,0x6c,0x61,0x6e,0x64,0x20,0x57,0x61,0x73,0x68,0x69,0x6e,0x67,0x74,0x6f,0x6e,0x00,
    0x4d,0x69,0x6e,0x69,0x6c,0x61,0x6e,0x64,0x20,0x46,0x72,0x61,0x6e,0x63,0x65,0x00,0x4d,0x69,0x6e,0x69,0x6c,0x61,0x6e,0x64,
    0x20,0x53,0x61,0x6e,0x20,0x46,0x72,0x61,0x6e,0x63,0x69,0x73,0x63,0x6f,0x00,0x00,0x4a,0x6f,0x75,0x73,0x74,0x00,0x00,0x00,
    0x43,0x61,0x74,0x61,0x70,0x75,0x6c,0x74,0x00,0x00,0x00,0x00,0x43,0x61,0x73,0x74,0x6c,0x65,0x20,0x4f,0x62,0x6a,0x00,0x00,
    0x43,0x61,0x73,0x74,0x6c,0x65,0x20,0x4c,0x65,0x76,0x65,0x6c,0x20,0x31,0x00,0x00,0x43,0x61,0x73,0x74,0x6c,0x65,0x20,0x42,
    0x42,0x51,0x00,0x00,0x54,0x65,0x6d,0x70,0x6c,0x65,0x20,0x53,0x6c,0x69,0x64,0x65,0x00,0x00,0x00,0x00,0x53,0x61,0x66,0x61,
    0x72,0x69,0x20,0x52,0x69,0x64,0x65,0x00,0x50,0x6c,0x61,0x6e,0x65,0x20,0x52,0x69,0x64,0x65,0x00,0x00,0x4a,0x75,0x6e,0x67,
    0x6c,0x65,0x20,0x43,0x72,0x75,0x69,0x73,0x65,0x00,0x00,0x00,0x45,0x61,0x72,0x74,0x68,0x20,0x53,0x6c,0x69,0x64,0x65,0x20,
    0x52,0x69,0x64,0x65,0x00,0x00,0x00,0x00,0x42,0x61,0x6c,0x6c,0x6f,0x6f,0x6e,0x7a,0x00,0x00,0x00,0x00,0x45,0x78,0x70,0x6c,
    0x6f,0x72,0x65,0x72,0x73,0x20,0x49,0x6e,0x73,0x74,0x69,0x74,0x75,0x74,0x65,0x00,0x54,0x65,0x6d,0x70,0x6c,0x65,0x00,0x00,
    0x53,0x70,0x69,0x6e,0x6e,0x69,0x6e,0x67,0x20,0x42,0x61,0x72,0x72,0x65,0x6c,0x73,0x20,0x52,0x69,0x64,0x65,0x00,0x00,0x00,
    0x4c,0x6f,0x67,0x20,0x46,0x6c,0x75,0x6d,0x65,0x20,0x45,0x6e,0x74,0x72,0x61,0x6e,0x63,0x65,0x00,0x00,0x47,0x6f,0x6c,0x64,
    0x20,0x52,0x75,0x73,0x68,0x00,0x00,0x00,0x46,0x6f,0x72,0x74,0x00,0x00,0x00,0x00,0x43,0x61,0x72,0x6f,0x75,0x73,0x65,0x6c,
    0x00,0x00,0x00,0x00,0x53,0x68,0x65,0x72,0x69,0x66,0x66,0x00,0x53,0x61,0x6c,0x6f,0x6f,0x6e,0x00,0x00,0x4a,0x61,0x69,0x6c,
    0x20,0x43,0x65,0x6c,0x6c,0x00,0x00,0x00,0x47,0x65,0x6e,0x65,0x72,0x61,0x6c,0x20,0x53,0x74,0x6f,0x72,0x65,0x00,0x00,0x00,
    0x43,0x68,0x75,0x63,0x6b,0x20,0x57,0x61,0x67,0x6f,0x6e,0x00,0x42,0x61,0x6e,0x6b,0x00,0x00,0x00,0x00,0x57,0x61,0x74,0x65,
    0x72,0x20,0x50,0x75,0x6d,0x70,0x00,0x00,0x57,0x61,0x74,0x65,0x72,0x20,0x57,0x6f,0x72,0x6b,0x73,0x20,0x57,0x61,0x74,0x65,
    0x72,0x20,0x42,0x6c,0x6f,0x63,0x6b,0x00,0x57,0x61,0x74,0x65,0x72,0x20,0x57,0x6f,0x72,0x6b,0x73,0x20,0x45,0x6c,0x65,0x70,
    0x68,0x61,0x6e,0x74,0x20,0x46,0x6f,0x75,0x6e,0x74,0x61,0x69,0x6e,0x00,0x00,0x00,0x57,0x61,0x74,0x65,0x72,0x20,0x57,0x6f,
    0x72,0x6b,0x73,0x20,0x43,0x72,0x6f,0x63,0x6f,0x64,0x69,0x6c,0x65,0x20,0x46,0x6f,0x75,0x6e,0x74,0x61,0x69,0x6e,0x00,0x00,
    0x57,0x61,0x74,0x65,0x72,0x20,0x57,0x6f,0x72,0x6b,0x73,0x20,0x45,0x6e,0x74,0x72,0x61,0x6e,0x63,0x65,0x00,0x00,0x00,0x00,
    0x53,0x70,0x69,0x64,0x65,0x72,0x20,0x52,0x69,0x64,0x65,0x00,0x53,0x70,0x61,0x63,0x65,0x20,0x54,0x6f,0x77,0x65,0x72,0x20,
    0x52,0x69,0x64,0x65,0x00,0x00,0x00,0x00,0x44,0x72,0x69,0x76,0x69,0x6e,0x67,0x20,0x53,0x63,0x68,0x6f,0x6f,0x6c,0x00,0x00,
    0x43,0x6f,0x70,0x74,0x65,0x72,0x73,0x00,0x42,0x6f,0x61,0x74,0x69,0x6e,0x67,0x20,0x53,0x63,0x68,0x6f,0x6f,0x6c,0x20,0x4d,
    0x65,0x72,0x6d,0x61,0x69,0x64,0x00,0x00,0x42,0x6f,0x61,0x74,0x69,0x6e,0x67,0x20,0x53,0x63,0x68,0x6f,0x6f,0x6c,0x00,0x00,
    0x53,0x68,0x61,0x72,0x6b,0x20,0x43,0x61,0x66,0x65,0x00,0x00,0x52,0x65,0x73,0x74,0x61,0x75,0x72,0x61,0x6e,0x74,0x20,0x32,
    0x00,0x00,0x00,0x00,0x52,0x65,0x73,0x74,0x61,0x75,0x72,0x61,0x6e,0x74,0x20,0x31,0x00,0x00,0x00,0x00,0x4f,0x63,0x74,0x6f,
    0x70,0x75,0x73,0x20,0x43,0x61,0x66,0x65,0x00,0x00,0x00,0x00,0x4c,0x45,0x47,0x4f,0x20,0x4d,0x65,0x64,0x69,0x61,0x20,0x53,
    0x68,0x6f,0x70,0x00,0x4c,0x45,0x47,0x4f,0x20,0x53,0x68,0x6f,0x70,0x20,0x32,0x00,0x4c,0x45,0x47,0x4f,0x20,0x53,0x68,0x6f,
    0x70,0x20,0x31,0x00,0x46,0x6f,0x6f,0x64,0x63,0x61,0x72,0x74,0x20,0x49,0x63,0x65,0x63,0x72,0x65,0x61,0x6d,0x00,0x00,0x00,
    0x46,0x6f,0x6f,0x64,0x43,0x61,0x72,0x74,0x20,0x46,0x6f,0x6f,0x64,0x00,0x00,0x00,0x46,0x6f,0x6f,0x64,0x63,0x61,0x72,0x74,
    0x20,0x44,0x72,0x69,0x6e,0x6b,0x00,0x00,0x46,0x6f,0x75,0x6e,0x74,0x61,0x69,0x6e,0x20,0x33,0x00,0x00,0x46,0x6f,0x75,0x6e,
    0x74,0x61,0x69,0x6e,0x20,0x32,0x00,0x00,0x46,0x6f,0x75,0x6e,0x74,0x61,0x69,0x6e,0x20,0x31,0x00,0x00,0x54,0x2d,0x52,0x65,
    0x78,0x00,0x00,0x00,0x43,0x72,0x79,0x73,0x74,0x61,0x6c,0x20,0x50,0x6f,0x77,0x65,0x72,0x20,0x53,0x74,0x61,0x74,0x69,0x6f,
    0x6e,0x00,0x00,0x00,0x53,0x6d,0x61,0x6c,0x6c,0x20,0x50,0x6f,0x77,0x65,0x72,0x20,0x53,0x74,0x61,0x74,0x69,0x6f,0x6e,0x00,
    0x77,0x61,0x72,0x6e,0x69,0x6e,0x67,0x30,0x31,0x2e,0x77,0x61,0x76,0x00,0x00,0x00,0x74,0x75,0x74,0x20,0x74,0x75,0x74,0x20,
    0x66,0x6f,0x72,0x20,0x6d,0x65,0x63,0x68,0x61,0x6e,0x69,0x63,0x20,0x70,0x75,0x74,0x20,0x64,0x6f,0x77,0x6e,0x2e,0x77,0x61,
    0x76,0x00,0x00,0x00,0x61,0x6c,0x72,0x6f,0x69,0x67,0x68,0x74,0x20,0x74,0x68,0x65,0x6e,0x20,0x67,0x61,0x72,0x64,0x65,0x6e,
    0x65,0x72,0x20,0x70,0x75,0x74,0x20,0x64,0x6f,0x77,0x6e,0x2e,0x77,0x61,0x76,0x00,0x74,0x68,0x65,0x6d,0x65,0x20,0x62,0x75,
    0x74,0x74,0x6f,0x6e,0x20,0x63,0x6c,0x69,0x63,0x6b,0x33,0x2e,0x77,0x61,0x76,0x00,0x6d,0x65,0x63,0x68,0x61,0x6e,0x69,0x63,
    0x20,0x6c,0x69,0x66,0x74,0x32,0x2e,0x77,0x61,0x76,0x00,0x00,0x69,0x6e,0x76,0x65,0x6e,0x74,0x6f,0x72,0x79,0x20,0x73,0x6c,
    0x69,0x64,0x65,0x20,0x6f,0x75,0x74,0x2e,0x77,0x61,0x76,0x00,0x69,0x6e,0x76,0x65,0x6e,0x74,0x6f,0x72,0x79,0x20,0x73,0x6c,
    0x69,0x64,0x65,0x20,0x61,0x77,0x61,0x79,0x2e,0x77,0x61,0x76,0x00,0x00,0x00,0x00,0x67,0x61,0x72,0x64,0x65,0x6e,0x65,0x72,
    0x20,0x6c,0x69,0x66,0x74,0x20,0x75,0x70,0x33,0x2e,0x77,0x61,0x76,0x00,0x00,0x00,0x52,0x61,0x73,0x70,0x31,0x2e,0x77,0x61,
    0x76,0x00,0x00,0x00,0x42,0x75,0x74,0x74,0x6f,0x6e,0x31,0x34,0x2e,0x77,0x61,0x76,0x00,0x00,0x00,0x00,0x42,0x75,0x74,0x74,
    0x6f,0x6e,0x30,0x34,0x2e,0x77,0x61,0x76,0x00,0x00,0x00,0x00,0x43,0x6c,0x69,0x63,0x6b,0x30,0x33,0x2e,0x77,0x61,0x76,0x00,
    0x43,0x6c,0x69,0x63,0x6b,0x30,0x32,0x2e,0x77,0x61,0x76,0x00,0x43,0x6c,0x69,0x63,0x6b,0x30,0x31,0x2e,0x77,0x61,0x76,0x00,
    0x42,0x75,0x69,0x6c,0x64,0x69,0x6e,0x67,0x20,0x30,0x34,0x2e,0x77,0x61,0x76,0x00,0x44,0x72,0x69,0x6c,0x6c,0x69,0x6e,0x67,
    0x2e,0x77,0x61,0x76,0x00,0x00,0x00,0x00,0x52,0x61,0x62,0x4f,0x6c,0x64,0x5c,0x48,0x61,0x6d,0x6d,0x65,0x72,0x2e,0x77,0x61,
    0x76,0x00,0x00,0x00,0x42,0x75,0x69,0x6c,0x64,0x69,0x6e,0x67,0x20,0x30,0x33,0x2e,0x77,0x61,0x76,0x00,0x42,0x75,0x69,0x6c,
    0x64,0x69,0x6e,0x67,0x20,0x30,0x32,0x2e,0x77,0x61,0x76,0x00,0x42,0x75,0x69,0x6c,0x64,0x69,0x6e,0x67,0x20,0x30,0x31,0x2e,
    0x77,0x61,0x76,0x00,0x52,0x61,0x62,0x4f,0x6c,0x64,0x5c,0x50,0x75,0x6e,0x63,0x68,0x34,0x2e,0x77,0x61,0x76,0x00,0x00,0x00,
    0x52,0x61,0x62,0x4f,0x6c,0x64,0x5c,0x44,0x72,0x69,0x6c,0x6c,0x2e,0x77,0x61,0x76,0x00,0x00,0x00,0x00,0x46,0x6c,0x6f,0x77,
    0x65,0x72,0x73,0x2e,0x77,0x61,0x76,0x00,0x61,0x72,0x72,0x6f,0x77,0x30,0x34,0x2e,0x6c,0x6c,0x73,0x00,0x61,0x72,0x72,0x6f,
    0x77,0x30,0x33,0x2e,0x6c,0x6c,0x73,0x00,0x61,0x72,0x72,0x6f,0x77,0x30,0x32,0x2e,0x6c,0x6c,0x73,0x00,0x61,0x72,0x72,0x6f,
    0x77,0x30,0x31,0x2e,0x6c,0x6c,0x73,0x00,0x4e,0x4f,0x52,0x4d,0x41,0x4c,0x20,0x50,0x41,0x54,0x48,0x20,0x54,0x49,0x4c,0x45,
    0x53,0x00,0x00,0x00,0x4d,0x41,0x50,0x50,0x49,0x4e,0x47,0x20,0x31,0x00,0x00,0x00,0x57,0x45,0x53,0x54,0x45,0x52,0x4e,0x20,
    0x42,0x52,0x49,0x44,0x47,0x45,0x53,0x00,0x45,0x58,0x50,0x4c,0x4f,0x52,0x45,0x52,0x20,0x42,0x52,0x49,0x44,0x47,0x45,0x53,
    0x00,0x00,0x00,0x00,0x43,0x41,0x53,0x54,0x4c,0x45,0x20,0x42,0x52,0x49,0x44,0x47,0x45,0x53,0x00,0x00,0x42,0x52,0x49,0x44,
    0x47,0x45,0x53,0x21,0x00,0x00,0x00,0x00,0x2e,0x5c,0x4c,0x65,0x76,0x65,0x6c,0x4d,0x61,0x70,0x73,0x5c,0x25,0x73,0x00,0x00,
    0x54,0x6f,0x74,0x20,0x43,0x61,0x70,0x61,0x63,0x69,0x74,0x79,0x20,0x3d,0x20,0x25,0x2e,0x32,0x66,0x20,0x28,0x6c,0x69,0x6d,
    0x69,0x74,0x20,0x25,0x64,0x20,0x2d,0x20,0x25,0x64,0x29,0x20,0x3d,0x20,0x25,0x64,0x00,0x00,0x00,0x00,0x5b,0x25,0x73,0x20,
    0x78,0x20,0x25,0x64,0x5d,0x3a,0x20,0x43,0x61,0x70,0x20,0x25,0x64,0x20,0x20,0x78,0x20,0x25,0x64,0x25,0x25,0x20,0x3d,0x20,
    0x25,0x2e,0x32,0x66,0x20,0x28,0x43,0x61,0x70,0x70,0x65,0x64,0x20,0x25,0x64,0x29,0x20,0x3d,0x20,0x25,0x2e,0x32,0x66,0x00,
    0x7f,0x00,0x00,0x00,0x80,0x60,0x46,0x00,0xff,0xff,0xff,0xff,0x4c,0x65,0x67,0x6f,0x2e,0x74,0x74,0x66,0x00,0x00,0x00,0x00,
    0x43,0x61,0x6e,0x27,0x74,0x20,0x67,0x65,0x74,0x20,0x44,0x44,0x43,0x4f,0x4d,0x20,0x63,0x61,0x70,0x73,0x00,0x00,0x00,0x00,
    0x43,0x61,0x6e,0x27,0x74,0x20,0x43,0x72,0x65,0x61,0x74,0x65,0x20,0x44,0x44,0x43,0x4f,0x4d,0x00,0x00,0x6c,0x65,0x67,0x6f,
    0x2e,0x74,0x74,0x66,0x00,0x00,0x00,0x00,0x4c,0x65,0x67,0x6f,0x20,0x4c,0x61,0x6e,0x64,0x00,0x00,0x00,0x4c,0x45,0x47,0x4f,
    0x4c,0x41,0x4e,0x44,0x4d,0x41,0x49,0x4e,0x00,0x00,0x00,0x00,0x42,0x6c,0x74,0x46,0x61,0x73,0x74,0x3a,0x53,0x70,0x72,0x69,
    0x74,0x65,0x20,0x4e,0x6f,0x74,0x20,0x41,0x76,0x61,0x69,0x6c,0x61,0x62,0x6c,0x65,0x3a,0x25,0x73,0x0a,0x00,0x00,0x00,0x00,
    0x57,0x61,0x74,0x63,0x68,0x2e,0x6c,0x6c,0x73,0x00,0x00,0x00,0x00,0x00,0x00,0x00,0x7f,0x00,0x00,0x00,0x00,0x00,0x00,0x00,
    0x00,0x00,0x00,0x00,0x20,0x9b,0x46,0x00,0x50,0x9b,0x46,0x00,0x70,0x9b,0x46,0x00,0x90,0x9b,0x46,0x00,0xb0,0x9b,0x46,0x00,
    0x40,0x9c,0x46,0x00,0x80,0x9c,0x46,0x00,0xd0,0x9e,0x46,0x00,0x20,0x9f,0x46,0x00,0x70,0x9f,0x46,0x00,0x80,0x9f,0x46,0x00,
    0xc0,0x9f,0x46,0x00,0x30,0xa0,0x46,0x00,0x20,0xa1,0x46,0x00,0x90,0xa1,0x46,0x00,0xf0,0xa1,0x46,0x00,0x30,0xa2,0x46,0x00,
    0x00,0xa3,0x46,0x00,0x30,0xa3,0x46,0x00,0x50,0xa3,0x46,0x00,0x70,0xa3,0x46,0x00,0xb0,0xa3,0x46,0x00,0x70,0xa1,0x46,0x00,
    0x20,0xa4,0x46,0x00,0x40,0xa4,0x46,0x00,0x60,0xa4,0x46,0x00,0x80,0xa4,0x46,0x00,0xa0,0xa4,0x46,0x00,0xc0,0xa4,0x46,0x00,
    0xe0,0xa4,0x46,0x00,0x90,0xa3,0x46,0x00,0xf0,0xa4,0x46,0x00,0x40,0xa5,0x46,0x00,0xb0,0xa5,0x46,0x00,0x90,0xa6,0x46,0x00,
    0x50,0xa7,0x46,0x00,0x00,0xa9,0x46,0x00,0x60,0xa9,0x46,0x00,0x30,0xaa,0x46,0x00,0x70,0xaa,0x46,0x00,0xe0,0xaa,0x46,0x00,
    0x70,0xab,0x46,0x00,0xc0,0xab,0x46,0x00,0xd0,0xab,0x46,0x00,0x50,0xac,0x46,0x00,0x00,0xac,0x46,0x00,0x00,0xad,0x46,0x00,
    0x30,0xad,0x46,0x00,0x60,0xad,0x46,0x00,0x90,0xad,0x46,0x00,0xc0,0xad,0x46,0x00,0xf0,0xad,0x46,0x00,0x20,0xae,0x46,0x00,
    0x30,0xae,0x46,0x00,0x40,0xae,0x46,0x00,0x70,0xae,0x46,0x00,0xc0,0xae,0x46,0x00,0x10,0xaf,0x46,0x00,0x60,0xaf,0x46,0x00,
    0xe0,0xaf,0x46,0x00,0x80,0xb0,0x46,0x00,0xb0,0xb0,0x46,0x00,0xc0,0xb0,0x46,0x00,0x00,0xb1,0x46,0x00,0x30,0xb1,0x46,0x00,
    0x80,0xb1,0x46,0x00,0xe0,0xb1,0x46,0x00,0xf0,0xb1,0x46,0x00,0x00,0x01,0x00,0x00,0x00,0x01,0x00,0x00,0x00,0x01,0x00,0x00,
    0x00,0x01,0x00,0x00,0x00,0x01,0x00,0x00,0x00,0x01,0x00,0x00,0x00,0x01,0x00,0x00,0x00,0x01,0x00,0x00,0x00,0x01,0x00,0x00,
    0x00,0x01,0x00,0x00,0x00,0x01,0x00,0x00,0x00,0x01,0x00,0x00,0x00,0x01,0x00,0x00,0x00,0x01,0x00,0x00,0x00,0x01,0x00,0x00,
    0x00,0x01,0x00,0x00,0x00,0x01,0x00,0x00,0x00,0x01,0x00,0x00,0x00,0x01,0x00,0x00,0x00,0x01,0x00,0x00,0x00,0x01,0x00,0x00,
    0x00,0x01,0x00,0x00,0x00,0x01,0x00,0x00,0x00,0x01,0x00,0x00,0x00,0x01,0x00,0x00,0x00,0x01,0x00,0x00,0x00,0x01,0x00,0x00,
    0x00,0x01,0x00,0x00,0x00,0x01,0x00,0x00,0x00,0x01,0x00,0x00,0x00,0x01,0x00,0x00,0x00,0x01,0x00,0x00,0x00,0x01,0x00,0x00,
    0x01,0x00,0x00,0x00,0x01,0x00,0x00,0x00,0x01,0x00,0x00,0x00,0x10,0x00,0x00,0x00,0x10,0x00,0x00,0x00,0x01,0x00,0x00,0x00,
    0x04,0x00,0x00,0x00,0x04,0x00,0x00,0x00,0x04,0x00,0x00,0x00,0x01,0x00,0x00,0x00,0x01,0x00,0x00,0x00,0x00,0x00,0x00,0x00,
    0x40,0x00,0x00,0x00,0x20,0x00,0x00,0x00,0x20,0x00,0x00,0x00,0x01,0x00,0x00,0x00,0x01,0x00,0x00,0x00,0x01,0x00,0x00,0x00,
    0x01,0x00,0x00,0x00,0x01,0x00,0x00,0x00,0x01,0x00,0x00,0x00,0x00,0x00,0x00,0x00,0x00,0x00,0x00,0x00,0x00,0x00,0x00,0x00,
    0x00,0x00,0x00,0x00,0x80,0x00,0x00,0x00,0x80,0x00,0x00,0x00,0x00,0x00,0x00,0x00,0x00,0x02,0x00,0x00,0x05,0x02,0x00,0x00,
    0x05,0x00,0x00,0x00,0x00,0x00,0x00,0x00,0x00,0x01,0x00,0x00,0x00,0x01,0x00,0x00,0x00,0x01,0x00,0x00,0x00,0x01,0x00,0x00,
    0x00,0x00,0x00,0x00,0x00,0x00,0x00,0x00,0xf4,0x01,0x00,0x00,0x90,0x01,0x00,0x00,0x80,0x02,0x00,0x00,0xe0,0x01,0x00,0x00,
    0x01,0x00,0x00,0x00,0xff,0xff,0xff,0xff,0x25,0x73,0x25,0x63,0x25,0x73,0x00,0x00,0x59,0x6f,0x75,0x20,0x6e,0x65,0x65,0x64,
    0x20,0x74,0x6f,0x20,0x69,0x6d,0x70,0x72,0x6f,0x76,0x65,0x20,0x74,0x68,0x65,0x20,0x57,0x45,0x53,0x54,0x45,0x52,0x4e,0x20,
    0x7a,0x6f,0x6e,0x69,0x6e,0x67,0x20,0x28,0x66,0x72,0x6f,0x6d,0x20,0x25,0x64,0x25,0x25,0x20,0x74,0x6f,0x20,0x25,0x64,0x25,
    0x25,0x29,0x00,0x00,0x59,0x6f,0x75,0x20,0x6e,0x65,0x65,0x64,0x20,0x74,0x6f,0x20,0x20,0x69,0x6e,0x70,0x72,0x6f,0x76,0x65,
    0x20,0x74,0x68,0x65,0x20,0x43,0x41,0x53,0x54,0x4c,0x45,0x20,0x7a,0x6f,0x6e,0x69,0x6e,0x67,0x20,0x28,0x66,0x72,0x6f,0x6d,
    0x20,0x25,0x64,0x25,0x25,0x20,0x74,0x6f,0x20,0x25,0x64,0x25,0x25,0x29,0x00,0x00,0x59,0x6f,0x75,0x20,0x6e,0x65,0x65,0x64,
    0x20,0x74,0x6f,0x20,0x69,0x6d,0x70,0x72,0x6f,0x76,0x65,0x20,0x74,0x68,0x65,0x20,0x41,0x44,0x56,0x45,0x4e,0x54,0x55,0x52,
    0x45,0x52,0x20,0x7a,0x6f,0x6e,0x69,0x6e,0x67,0x20,0x28,0x66,0x72,0x6f,0x6d,0x20,0x25,0x64,0x25,0x25,0x20,0x74,0x6f,0x20,
    0x25,0x64,0x25,0x25,0x29,0x00,0x00,0x00,0x59,0x6f,0x75,0x20,0x6e,0x65,0x65,0x64,0x20,0x74,0x6f,0x20,0x69,0x6d,0x70,0x72,
    0x6f,0x76,0x65,0x20,0x74,0x68,0x65,0x20,0x4c,0x45,0x47,0x4f,0x4c,0x41,0x4e,0x44,0x20,0x7a,0x6f,0x6e,0x69,0x6e,0x67,0x20,
    0x28,0x66,0x72,0x6f,0x6d,0x20,0x25,0x64,0x25,0x25,0x20,0x74,0x6f,0x20,0x25,0x64,0x25,0x25,0x29,0x00,0x59,0x6f,0x75,0x20,
    0x6e,0x65,0x65,0x64,0x20,0x74,0x6f,0x20,0x61,0x64,0x64,0x20,0x25,0x64,0x20,0x6d,0x6f,0x72,0x65,0x20,0x70,0x61,0x72,0x74,
    0x73,0x20,0x74,0x6f,0x20,0x74,0x68,0x65,0x20,0x25,0x73,0x00,0x59,0x6f,0x75,0x20,0x6e,0x65,0x65,0x64,0x20,0x74,0x6f,0x20,
    0x61,0x64,0x64,0x20,0x25,0x64,0x20,0x64,0x69,0x66,0x66,0x65,0x72,0x65,0x6e,0x74,0x20,0x70,0x61,0x72,0x74,0x73,0x20,0x74,
    0x6f,0x20,0x74,0x68,0x65,0x20,0x25,0x73,0x00,0x00,0x00,0x00,0x59,0x6f,0x75,0x20,0x6e,0x65,0x65,0x64,0x20,0x74,0x6f,0x20,
    0x67,0x65,0x74,0x20,0x25,0x64,0x20,0x6d,0x6f,0x72,0x65,0x20,0x70,0x65,0x6f,0x70,0x6c,0x65,0x20,0x6f,0x6e,0x20,0x74,0x68,
    0x65,0x20,0x25,0x73,0x00,0x00,0x00,0x00,0x59,0x6f,0x75,0x20,0x6e,0x65,0x65,0x64,0x20,0x6d,0x61,0x6b,0x65,0x20,0x72,0x65,
    0x70,0x61,0x69,0x72,0x73,0x20,0x74,0x6f,0x20,0x25,0x64,0x20,0x6f,0x62,0x6a,0x65,0x63,0x74,0x73,0x20,0x74,0x6f,0x20,0x62,
    0x72,0x69,0x6e,0x67,0x20,0x74,0x68,0x65,0x6d,0x20,0x74,0x6f,0x20,0x61,0x62,0x6f,0x76,0x65,0x20,0x25,0x64,0x25,0x25,0x20,
    0x6f,0x66,0x20,0x68,0x65,0x61,0x6c,0x74,0x68,0x00,0x00,0x00,0x59,0x6f,0x75,0x20,0x6e,0x65,0x65,0x64,0x20,0x74,0x6f,0x20,
    0x67,0x65,0x74,0x20,0x25,0x64,0x20,0x6d,0x6f,0x72,0x65,0x20,0x70,0x65,0x6f,0x70,0x6c,0x65,0x20,0x77,0x69,0x74,0x68,0x20,
    0x68,0x75,0x6e,0x67,0x65,0x72,0x20,0x6c,0x65,0x76,0x65,0x6c,0x20,0x62,0x65,0x6c,0x6f,0x77,0x20,0x25,0x64,0x00,0x00,0x00,
    0x59,0x6f,0x75,0x20,0x6e,0x65,0x65,0x64,0x20,0x74,0x6f,0x20,0x67,0x65,0x74,0x20,0x25,0x64,0x20,0x66,0x65,0x77,0x65,0x72,
    0x20,0x70,0x65,0x6f,0x70,0x6c,0x65,0x20,0x77,0x69,0x74,0x68,0x20,0x68,0x75,0x6e,0x67,0x65,0x72,0x20,0x6c,0x65,0x76,0x65,
    0x6c,0x73,0x20,0x67,0x72,0x65,0x61,0x74,0x65,0x72,0x20,0x74,0x68,0x61,0x6e,0x20,0x25,0x64,0x00,0x00,0x59,0x6f,0x75,0x20,
    0x6e,0x65,0x65,0x64,0x20,0x6d,0x61,0x6b,0x65,0x20,0x25,0x64,0x20,0x70,0x65,0x6f,0x70,0x6c,0x65,0x20,0x75,0x70,0x20,0x74,
    0x6f,0x20,0x68,0x61,0x70,0x70,0x69,0x6e,0x65,0x73,0x73,0x20,0x6c,0x65,0x76,0x65,0x6c,0x20,0x25,0x64,0x00,0x00,0x00,0x00,
    0x59,0x6f,0x75,0x20,0x6e,0x65,0x65,0x64,0x20,0x74,0x6f,0x20,0x73,0x61,0x76,0x65,0x20,0x75,0x70,0x20,0x25,0x64,0x20,0x6d,
    0x6f,0x72,0x65,0x20,0x63,0x6f,0x69,0x6e,0x73,0x2e,0x00,0x00,0x59,0x6f,0x75,0x20,0x6e,0x65,0x65,0x64,0x20,0x74,0x6f,0x20,
    0x6c,0x69,0x6e,0x65,0x20,0x25,0x64,0x25,0x25,0x20,0x6d,0x6f,0x72,0x65,0x20,0x6f,0x66,0x20,0x79,0x6f,0x75,0x72,0x20,0x70,
    0x61,0x74,0x68,0x20,0x77,0x69,0x74,0x68,0x20,0x73,0x63,0x65,0x6e,0x65,0x72,0x79,0x00,0x00,0x00,0x00,0x59,0x6f,0x75,0x20,
    0x6e,0x65,0x65,0x64,0x20,0x74,0x6f,0x20,0x63,0x6f,0x76,0x65,0x72,0x20,0x25,0x64,0x20,0x6d,0x6f,0x72,0x65,0x20,0x73,0x71,
    0x75,0x61,0x72,0x65,0x73,0x20,0x77,0x69,0x74,0x68,0x20,0x73,0x74,0x6f,0x70,0x20,0x27,0x6e,0x27,0x20,0x77,0x6f,0x6e,0x64,
    0x65,0x72,0x20,0x6f,0x62,0x6a,0x65,0x63,0x74,0x73,0x00,0x00,0x59,0x6f,0x75,0x20,0x6e,0x65,0x65,0x64,0x20,0x74,0x6f,0x20,
    0x63,0x6f,0x76,0x65,0x72,0x20,0x25,0x64,0x20,0x6d,0x6f,0x72,0x65,0x20,0x73,0x71,0x75,0x61,0x72,0x65,0x73,0x20,0x77,0x69,
    0x74,0x68,0x20,0x73,0x63,0x65,0x6e,0x65,0x72,0x79,0x00,0x00,0x59,0x6f,0x75,0x20,0x6e,0x65,0x65,0x64,0x20,0x74,0x6f,0x20,
    0x63,0x6f,0x76,0x65,0x72,0x20,0x25,0x64,0x20,0x6d,0x6f,0x72,0x65,0x20,0x73,0x71,0x75,0x61,0x72,0x65,0x73,0x20,0x77,0x69,
    0x74,0x68,0x20,0x66,0x6f,0x6f,0x64,0x20,0x6f,0x75,0x74,0x6c,0x65,0x74,0x73,0x00,0x59,0x6f,0x75,0x20,0x6e,0x65,0x65,0x64,
    0x20,0x74,0x6f,0x20,0x63,0x6f,0x76,0x65,0x72,0x20,0x25,0x64,0x20,0x6d,0x6f,0x72,0x65,0x20,0x73,0x71,0x75,0x61,0x72,0x65,
    0x73,0x20,0x77,0x69,0x74,0x68,0x20,0x73,0x68,0x6f,0x70,0x73,0x00,0x00,0x00,0x00,0x59,0x6f,0x75,0x20,0x6e,0x65,0x65,0x64,
    0x20,0x74,0x6f,0x20,0x63,0x6f,0x76,0x65,0x72,0x20,0x25,0x64,0x20,0x6d,0x6f,0x72,0x65,0x20,0x73,0x71,0x75,0x61,0x72,0x65,
    0x73,0x20,0x77,0x69,0x74,0x68,0x20,0x72,0x69,0x64,0x65,0x73,0x00,0x00,0x00,0x00,0x59,0x6f,0x75,0x20,0x6e,0x65,0x65,0x64,
    0x20,0x74,0x6f,0x20,0x63,0x6f,0x76,0x65,0x72,0x20,0x25,0x64,0x20,0x6d,0x6f,0x72,0x65,0x20,0x73,0x71,0x75,0x61,0x72,0x65,
    0x73,0x20,0x77,0x69,0x74,0x68,0x20,0x6f,0x62,0x6a,0x65,0x63,0x74,0x73,0x00,0x00,0x59,0x6f,0x75,0x20,0x6e,0x65,0x65,0x64,
    0x20,0x25,0x64,0x20,0x66,0x65,0x77,0x65,0x72,0x20,0x6d,0x65,0x63,0x68,0x61,0x6e,0x69,0x63,0x73,0x20,0x69,0x6e,0x20,0x79,
    0x6f,0x75,0x72,0x20,0x70,0x61,0x72,0x6b,0x00,0x00,0x00,0x00,0x59,0x6f,0x75,0x20,0x6e,0x65,0x65,0x64,0x20,0x25,0x64,0x20,
    0x6d,0x6f,0x72,0x65,0x20,0x6d,0x65,0x63,0x68,0x61,0x6e,0x69,0x63,0x73,0x20,0x74,0x6f,0x20,0x68,0x65,0x6c,0x70,0x20,0x69,
    0x6e,0x20,0x74,0x68,0x65,0x20,0x70,0x61,0x72,0x6b,0x00,0x00,0x59,0x6f,0x75,0x20,0x6e,0x65,0x65,0x64,0x20,0x25,0x64,0x20,
    0x66,0x65,0x77,0x65,0x72,0x20,0x67,0x61,0x72,0x64,0x65,0x6e,0x65,0x72,0x73,0x20,0x69,0x6e,0x20,0x79,0x6f,0x75,0x72,0x20,
    0x70,0x61,0x72,0x6b,0x00,0x00,0x00,0x00,0x59,0x6f,0x75,0x20,0x6e,0x65,0x65,0x64,0x20,0x25,0x64,0x20,0x6d,0x6f,0x72,0x65,
    0x20,0x67,0x61,0x72,0x64,0x65,0x6e,0x65,0x72,0x73,0x20,0x74,0x6f,0x20,0x6c,0x6f,0x6f,0x6b,0x20,0x61,0x66,0x74,0x65,0x72,
    0x20,0x79,0x6f,0x75,0x72,0x20,0x70,0x61,0x72,0x6b,0x00,0x00,0x59,0x6f,0x75,0x20,0x6e,0x65,0x65,0x64,0x20,0x74,0x6f,0x20,
    0x61,0x74,0x74,0x72,0x61,0x63,0x74,0x20,0x25,0x64,0x20,0x6d,0x6f,0x72,0x65,0x20,0x70,0x65,0x6f,0x70,0x6c,0x65,0x20,0x74,
    0x6f,0x20,0x79,0x6f,0x75,0x72,0x20,0x70,0x61,0x72,0x6b,0x00,0x59,0x6f,0x75,0x20,0x6e,0x65,0x65,0x64,0x20,0x74,0x6f,0x20,
    0x64,0x65,0x6c,0x65,0x74,0x65,0x20,0x25,0x64,0x20,0x6f,0x66,0x20,0x6f,0x62,0x6a,0x65,0x63,0x74,0x20,0x25,0x73,0x00,0x00,
    0x59,0x6f,0x75,0x20,0x6e,0x65,0x65,0x64,0x20,0x74,0x6f,0x20,0x72,0x65,0x6d,0x6f,0x76,0x65,0x20,0x25,0x64,0x20,0x69,0x74,
    0x65,0x6d,0x73,0x20,0x66,0x72,0x6f,0x6d,0x20,0x74,0x68,0x65,0x20,0x61,0x72,0x65,0x61,0x00,0x00,0x00,0x59,0x6f,0x75,0x20,
    0x6e,0x65,0x65,0x64,0x20,0x64,0x65,0x6c,0x65,0x74,0x65,0x20,0x25,0x64,0x20,0x61,0x74,0x74,0x72,0x61,0x63,0x74,0x69,0x6f,
    0x6e,0x73,0x20,0x66,0x72,0x6f,0x6d,0x20,0x74,0x68,0x65,0x20,0x25,0x73,0x20,0x72,0x61,0x6e,0x67,0x65,0x00,0x00,0x00,0x00,
    0x59,0x6f,0x75,0x20,0x6e,0x65,0x65,0x64,0x20,0x74,0x6f,0x20,0x64,0x65,0x6c,0x65,0x74,0x65,0x20,0x61,0x6c,0x6c,0x20,0x69,
    0x6e,0x73,0x74,0x61,0x6e,0x63,0x65,0x73,0x20,0x6f,0x66,0x20,0x25,0x64,0x20,0x61,0x74,0x74,0x72,0x61,0x63,0x74,0x69,0x6f,
    0x6e,0x73,0x20,0x66,0x72,0x6f,0x6d,0x20,0x74,0x68,0x65,0x20,0x25,0x73,0x20,0x72,0x61,0x6e,0x67,0x65,0x00,0x00,0x00,0x00,
    0x59,0x6f,0x75,0x20,0x6e,0x65,0x65,0x64,0x20,0x74,0x6f,0x20,0x62,0x75,0x69,0x6c,0x64,0x20,0x25,0x64,0x20,0x6d,0x6f,0x72,
    0x65,0x20,0x61,0x74,0x74,0x72,0x61,0x63,0x74,0x69,0x6f,0x6e,0x73,0x20,0x66,0x72,0x6f,0x6d,0x20,0x74,0x68,0x65,0x20,0x25,
    0x73,0x20,0x72,0x61,0x6e,0x67,0x65,0x00,0x59,0x6f,0x75,0x20,0x6e,0x65,0x65,0x64,0x20,0x74,0x6f,0x20,0x62,0x75,0x69,0x6c,
    0x64,0x20,0x25,0x64,0x20,0x6e,0x65,0x77,0x20,0x61,0x74,0x74,0x72,0x61,0x63,0x74,0x69,0x6f,0x6e,0x73,0x20,0x66,0x72,0x6f,
    0x6d,0x20,0x74,0x68,0x65,0x20,0x25,0x73,0x20,0x72,0x61,0x6e,0x67,0x65,0x00,0x00,0x59,0x6f,0x75,0x20,0x6e,0x65,0x65,0x64,
    0x20,0x74,0x6f,0x20,0x6c,0x69,0x6e,0x6b,0x20,0x74,0x68,0x65,0x20,0x70,0x61,0x74,0x68,0x73,0x20,0x66,0x72,0x6f,0x6d,0x20,
    0x61,0x6c,0x6c,0x20,0x6f,0x62,0x6a,0x65,0x63,0x74,0x73,0x20,0x74,0x6f,0x20,0x74,0x68,0x65,0x20,0x70,0x61,0x72,0x6b,0x20,
    0x65,0x6e,0x74,0x72,0x61,0x6e,0x63,0x65,0x2e,0x00,0x00,0x00,0x59,0x6f,0x75,0x20,0x6e,0x65,0x65,0x64,0x20,0x74,0x6f,0x20,
    0x6c,0x69,0x6e,0x6b,0x20,0x74,0x68,0x65,0x20,0x70,0x61,0x74,0x68,0x20,0x66,0x72,0x6f,0x6d,0x20,0x79,0x6f,0x75,0x72,0x20,
    0x25,0x73,0x20,0x74,0x6f,0x20,0x74,0x68,0x65,0x20,0x70,0x61,0x72,0x6b,0x20,0x65,0x6e,0x74,0x72,0x61,0x6e,0x63,0x65,0x00,
    0x59,0x6f,0x75,0x20,0x6e,0x65,0x65,0x64,0x20,0x74,0x6f,0x20,0x63,0x6f,0x6e,0x6e,0x65,0x63,0x74,0x20,0x61,0x6c,0x6c,0x20,
    0x6f,0x62,0x6a,0x65,0x63,0x74,0x73,0x20,0x74,0x6f,0x20,0x61,0x20,0x70,0x61,0x74,0x68,0x00,0x00,0x00,0x59,0x6f,0x75,0x20,
    0x6e,0x65,0x65,0x64,0x20,0x74,0x6f,0x20,0x63,0x6f,0x6e,0x6e,0x65,0x63,0x74,0x20,0x79,0x6f,0x75,0x72,0x20,0x25,0x73,0x20,
    0x74,0x6f,0x20,0x61,0x20,0x70,0x61,0x74,0x68,0x00,0x00,0x00,0x59,0x6f,0x75,0x20,0x6e,0x65,0x65,0x64,0x20,0x74,0x6f,0x20,
    0x72,0x65,0x73,0x65,0x61,0x72,0x63,0x68,0x20,0x6f,0x62,0x6a,0x65,0x63,0x74,0x20,0x25,0x73,0x00,0x00,0x59,0x6f,0x75,0x20,
    0x6e,0x65,0x65,0x64,0x20,0x74,0x6f,0x20,0x62,0x75,0x69,0x6c,0x64,0x20,0x25,0x64,0x20,0x6d,0x6f,0x72,0x65,0x20,0x6f,0x66,
    0x20,0x6f,0x62,0x6a,0x65,0x63,0x74,0x20,0x25,0x73,0x00,0x00,0x4e,0x6f,0x74,0x20,0x67,0x69,0x76,0x69,0x6e,0x67,0x20,0x25,
    0x64,0x2e,0x2e,0x20,0x41,0x6c,0x72,0x65,0x61,0x64,0x79,0x20,0x67,0x6f,0x74,0x20,0x69,0x74,0x0a,0x00,0x41,0x44,0x56,0x45,
    0x4e,0x54,0x55,0x52,0x45,0x52,0x53,0x20,0x54,0x48,0x45,0x4d,0x45,0x00,0x00,0x00,0x43,0x41,0x53,0x54,0x4c,0x45,0x20,0x54,
    0x48,0x45,0x4d,0x45,0x00,0x00,0x00,0x00,0x57,0x45,0x53,0x54,0x45,0x52,0x4e,0x20,0x54,0x48,0x45,0x4d,0x45,0x00,0x00,0x00,
    0x43,0x4f,0x4d,0x4d,0x4f,0x4e,0x20,0x54,0x48,0x45,0x4d,0x45,0x00,0x00,0x00,0x00,0x4c,0x45,0x47,0x4f,0x4c,0x41,0x4e,0x44,
    0x20,0x54,0x48,0x45,0x4d,0x45,0x00,0x00,0x50,0x72,0x6f,0x63,0x65,0x73,0x73,0x69,0x6e,0x67,0x20,0x75,0x6e,0x69,0x6d,0x70,
    0x6c,0x65,0x6d,0x65,0x6e,0x74,0x65,0x64,0x20,0x72,0x65,0x77,0x61,0x72,0x64,0x20,0x5b,0x20,0x54,0x79,0x70,0x65,0x20,0x3d,
    0x20,0x25,0x64,0x20,0x5d,0x0a,0x00,0x00,0x50,0x72,0x6f,0x63,0x65,0x73,0x73,0x69,0x6e,0x67,0x20,0x75,0x6e,0x69,0x6d,0x70,
    0x6c,0x65,0x6d,0x65,0x6e,0x74,0x65,0x64,0x20,0x6f,0x62,0x6a,0x65,0x63,0x74,0x69,0x76,0x65,0x20,0x5b,0x20,0x54,0x79,0x70,
    0x65,0x20,0x3d,0x20,0x25,0x64,0x20,0x5d,0x0a,0x00,0x00,0x00,0x47,0x69,0x76,0x69,0x6e,0x67,0x20,0x75,0x70,0x20,0x74,0x72,
    0x79,0x69,0x6e,0x67,0x20,0x74,0x6f,0x20,0x6c,0x6f,0x61,0x64,0x20,0x49,0x6e,0x74,0x65,0x72,0x76,0x61,0x6c,0x20,0x25,0x73,
    0x0a,0x00,0x00,0x00,0x43,0x61,0x6e,0x6e,0x6f,0x74,0x20,0x65,0x76,0x61,0x6c,0x75,0x61,0x74,0x65,0x20,0x4c,0x6f,0x6f,0x70,
    0x53,0x69,0x7a,0x65,0x20,0x66,0x6f,0x72,0x20,0x25,0x73,0x0a,0x00,0x00,0x00,0x00,0x53,0x61,0x76,0x69,0x6e,0x67,0x20,0x45,
    0x76,0x65,0x6e,0x74,0x2c,0x20,0x54,0x69,0x6d,0x65,0x73,0x74,0x61,0x6d,0x70,0x20,0x3d,0x20,0x25,0x64,0x0a,0x00,0x00,0x00,
    0x46,0x69,0x78,0x65,0x64,0x20,0x75,0x70,0x20,0x74,0x6f,0x20,0x25,0x64,0x0a,0x00,0x4c,0x6f,0x61,0x64,0x69,0x6e,0x67,0x20,
    0x45,0x76,0x65,0x6e,0x74,0x2c,0x20,0x54,0x69,0x6d,0x65,0x53,0x74,0x61,0x6d,0x70,0x20,0x3d,0x20,0x25,0x64,0x00,0x00,0x00,
    0x54,0x65,0x78,0x74,0x25,0x30,0x34,0x64,0x2e,0x77,0x61,0x76,0x00,0x00,0x00,0x00,0x25,0x73,0x2e,0x77,0x61,0x76,0x00,0x00,
    0x25,0x73,0x7a,0x2e,0x77,0x61,0x76,0x00,0x7f,0x00,0x00,0x00,0xc8,0x87,0x66,0x00,0xcc,0x87,0x66,0x00,0x00,0x00,0x00,0xff,
    0x50,0x61,0x74,0x68,0x00,0x00,0x00,0x00,0x25,0x35,0x64,0x00,0x49,0x46,0x5f,0x53,0x69,0x64,0x65,0x62,0x61,0x72,0x31,0x2e,
    0x6c,0x6c,0x73,0x00,0x49,0x46,0x5f,0x53,0x69,0x64,0x65,0x5f,0x42,0x44,0x6f,0x77,0x6e,0x2e,0x6c,0x6c,0x73,0x00,0x00,0x00,
    0x49,0x46,0x5f,0x53,0x69,0x64,0x65,0x5f,0x42,0x55,0x70,0x2e,0x6c,0x6c,0x73,0x00,0x47,0x42,0x61,0x72,0x46,0x72,0x61,0x6d,
    0x65,0x2e,0x6c,0x6c,0x73,0x00,0x00,0x00,0x7f,0x00,0x00,0x00,0x00,0x00,0x00,0x00,0xcb,0x00,0x00,0x00,0xe8,0x03,0x00,0x00,
    0x00,0x00,0x00,0x00,0x34,0x08,0x00,0x00,0x20,0x4e,0x00,0x00,0x00,0x00,0x00,0x00,0x35,0x08,0x00,0x00,0x20,0x4e,0x00,0x00,
    0x00,0x00,0x00,0x00,0x36,0x08,0x00,0x00,0xe8,0x03,0x00,0x00,0x00,0x00,0x00,0x00,0x37,0x08,0x00,0x00,0xe8,0x03,0x00,0x00,
    0x00,0x00,0x00,0x00,0x38,0x08,0x00,0x00,0xe8,0x03,0x00,0x00,0x00,0x00,0x00,0x00,0x39,0x08,0x00,0x00,0xe8,0x03,0x00,0x00,
    0x00,0x00,0x00,0x00,0x3a,0x08,0x00,0x00,0xe8,0x03,0x00,0x00,0x00,0x00,0x00,0x00,0x3b,0x08,0x00,0x00,0xe8,0x03,0x00,0x00,
    0x00,0x00,0x00,0x00,0x3c,0x08,0x00,0x00,0xe8,0x03,0x00,0x00,0x00,0x00,0x00,0x00,0x3d,0x08,0x00,0x00,0xe8,0x03,0x00,0x00,
    0x00,0x00,0x00,0x00,0x3f,0x08,0x00,0x00,0xe8,0x03,0x00,0x00,0x00,0x00,0x00,0x00,0x3e,0x08,0x00,0x00,0xe8,0x03,0x00,0x00,
    0x00,0x00,0x00,0x00,0x40,0x08,0x00,0x00,0xe8,0x03,0x00,0x00,0x00,0x00,0x00,0x00,0x41,0x08,0x00,0x00,0xe8,0x03,0x00,0x00,
    0x00,0x00,0x00,0x00,0x42,0x08,0x00,0x00,0xe8,0x03,0x00,0x00,0x00,0x00,0x00,0x00,0x43,0x08,0x00,0x00,0xe8,0x03,0x00,0x00,
    0x00,0x00,0x00,0x00,0x00,0x00,0x00,0x00,0x09,0x00,0x00,0x00,0x03,0x00,0x00,0x00,0x06,0x00,0x00,0x00,0x09,0x00,0x00,0x00,
    0x0d,0x00,0x00,0x00,0x0e,0x00,0x00,0x00,0x08,0x00,0x00,0x00,0x0a,0x00,0x00,0x00,0x0b,0x00,0x00,0x00,0x04,0x00,0x00,0x00,
    0x07,0x00,0x00,0x00,0x0c,0x00,0x00,0x00,0x0f,0x00,0x00,0x00,0x05,0x00,0x00,0x00,0x10,0x00,0x00,0x00,0x50,0x69,0x63,0x6b,
    0x69,0x6e,0x67,0x20,0x75,0x70,0x20,0x77,0x6f,0x72,0x6b,0x65,0x72,0x20,0x28,0x25,0x78,0x29,0x20,0x57,0x6f,0x72,0x6b,0x6f,
    0x72,0x64,0x65,0x72,0x20,0x3d,0x20,0x25,0x78,0x0a,0x00,0x00,0x43,0x42,0x5f,0x42,0x47,0x52,0x69,0x67,0x68,0x74,0x2e,0x6c,
    0x6c,0x73,0x00,0x00,0x43,0x42,0x5f,0x42,0x47,0x43,0x65,0x6e,0x74,0x72,0x65,0x2e,0x6c,0x6c,0x73,0x00,0x43,0x42,0x5f,0x42,
    0x47,0x6c,0x65,0x66,0x74,0x2e,0x6c,0x6c,0x73,0x00,0x00,0x00,0x43,0x42,0x5f,0x43,0x6c,0x6f,0x73,0x65,0x4f,0x4e,0x2e,0x6c,
    0x6c,0x73,0x00,0x00,0x43,0x42,0x5f,0x43,0x6c,0x6f,0x73,0x65,0x2e,0x6c,0x6c,0x73,0x00,0x00,0x00,0x00,0x50,0x55,0x5f,0x4f,
    0x4b,0x4f,0x4e,0x2e,0x6c,0x6c,0x73,0x00,0x50,0x55,0x5f,0x4f,0x4b,0x2e,0x6c,0x6c,0x73,0x00,0x00,0x00,0x50,0x55,0x5f,0x43,
    0x6f,0x72,0x6e,0x65,0x72,0x4d,0x61,0x73,0x6b,0x2e,0x6c,0x6c,0x73,0x00,0x00,0x00,0x69,0x5f,0x66,0x75,0x6c,0x6c,0x2e,0x6c,
    0x6c,0x73,0x00,0x00,0x69,0x5f,0x70,0x65,0x63,0x6b,0x69,0x73,0x68,0x2e,0x6c,0x6c,0x73,0x00,0x00,0x00,0x69,0x5f,0x68,0x75,
    0x6e,0x67,0x72,0x79,0x2e,0x6c,0x6c,0x73,0x00,0x00,0x00,0x00,0x69,0x5f,0x68,0x61,0x70,0x70,0x79,0x2e,0x6c,0x6c,0x73,0x00,
    0x69,0x5f,0x6e,0x6f,0x72,0x6d,0x2e,0x6c,0x6c,0x73,0x00,0x00,0x69,0x5f,0x73,0x61,0x64,0x2e,0x6c,0x6c,0x73,0x00,0x00,0x00,
    0x50,0x72,0x65,0x76,0x49,0x63,0x6f,0x6e,0x4f,0x6e,0x2e,0x6c,0x6c,0x73,0x00,0x00,0x50,0x72,0x65,0x76,0x49,0x63,0x6f,0x6e,
    0x2e,0x6c,0x6c,0x73,0x00,0x00,0x00,0x00,0x4e,0x65,0x78,0x74,0x49,0x63,0x6f,0x6e,0x4f,0x6e,0x2e,0x6c,0x6c,0x73,0x00,0x00,
    0x4e,0x65,0x78,0x74,0x49,0x63,0x6f,0x6e,0x2e,0x6c,0x6c,0x73,0x00,0x00,0x00,0x00,0x50,0x55,0x5f,0x41,0x64,0x64,0x4d,0x65,
    0x63,0x68,0x61,0x6e,0x69,0x63,0x73,0x2e,0x6c,0x6c,0x73,0x00,0x50,0x55,0x5f,0x41,0x64,0x64,0x4d,0x65,0x63,0x68,0x61,0x6e,
    0x69,0x63,0x73,0x4f,0x4e,0x2e,0x6c,0x6c,0x73,0x00,0x00,0x00,0x50,0x55,0x5f,0x41,0x64,0x64,0x47,0x61,0x72,0x64,0x65,0x6e,
    0x65,0x72,0x2e,0x6c,0x6c,0x73,0x00,0x00,0x50,0x55,0x5f,0x41,0x64,0x64,0x47,0x61,0x72,0x64,0x65,0x6e,0x65,0x72,0x4f,0x4e,
    0x2e,0x6c,0x6c,0x73,0x00,0x00,0x00,0x00,0x50,0x55,0x5f,0x43,0x6c,0x6f,0x73,0x65,0x50,0x6f,0x70,0x55,0x70,0x2e,0x6c,0x6c,
    0x73,0x00,0x00,0x00,0x50,0x55,0x5f,0x43,0x6c,0x6f,0x73,0x65,0x50,0x6f,0x70,0x55,0x70,0x4f,0x4e,0x2e,0x6c,0x6c,0x73,0x00,
    0x50,0x55,0x5f,0x44,0x65,0x6c,0x65,0x74,0x65,0x4f,0x62,0x6a,0x65,0x63,0x74,0x2e,0x6c,0x6c,0x73,0x00,0x50,0x55,0x5f,0x44,
    0x65,0x6c,0x65,0x74,0x65,0x4f,0x62,0x6a,0x65,0x63,0x74,0x4f,0x4e,0x2e,0x6c,0x6c,0x73,0x00,0x00,0x00,0x4f,0x62,0x6a,0x65,
    0x63,0x74,0x4e,0x6f,0x52,0x65,0x70,0x61,0x69,0x72,0x31,0x2e,0x6c,0x6c,0x73,0x00,0x4f,0x62,0x6a,0x65,0x63,0x74,0x52,0x65,
    0x70,0x61,0x69,0x72,0x4f,0x4b,0x2e,0x6c,0x6c,0x73,0x00,0x00,0x4e,0x65,0x77,0x50,0x6f,0x70,0x4d,0x6f,0x63,0x6b,0x2e,0x6c,
    0x6c,0x73,0x00,0x00,0x50,0x55,0x5f,0x42,0x47,0x52,0x69,0x67,0x68,0x74,0x42,0x74,0x6d,0x2e,0x6c,0x6c,0x73,0x00,0x00,0x00,
    0x50,0x75,0x5f,0x42,0x47,0x43,0x65,0x6e,0x74,0x72,0x65,0x42,0x74,0x6d,0x2e,0x6c,0x6c,0x73,0x00,0x00,0x50,0x55,0x5f,0x42,
    0x47,0x4c,0x65,0x66,0x74,0x42,0x74,0x6d,0x2e,0x6c,0x6c,0x73,0x00,0x00,0x00,0x00,0x50,0x55,0x5f,0x42,0x47,0x52,0x69,0x67,
    0x68,0x74,0x4d,0x69,0x64,0x2e,0x6c,0x6c,0x73,0x00,0x00,0x00,0x50,0x55,0x5f,0x42,0x47,0x43,0x65,0x6e,0x74,0x72,0x65,0x4d,
    0x69,0x64,0x2e,0x6c,0x6c,0x73,0x00,0x00,0x50,0x55,0x5f,0x42,0x47,0x4c,0x65,0x66,0x74,0x4d,0x69,0x64,0x2e,0x6c,0x6c,0x73,
    0x00,0x00,0x00,0x00,0x50,0x55,0x5f,0x42,0x47,0x52,0x69,0x67,0x68,0x74,0x54,0x6f,0x70,0x2e,0x6c,0x6c,0x73,0x00,0x00,0x00,
    0x50,0x55,0x5f,0x42,0x47,0x43,0x65,0x6e,0x74,0x72,0x65,0x54,0x6f,0x70,0x2e,0x6c,0x6c,0x73,0x00,0x00,0x50,0x55,0x5f,0x42,
    0x47,0x4d,0x61,0x69,0x6e,0x2e,0x6c,0x6c,0x73,0x00,0x00,0x00,0x46,0x61,0x69,0x6c,0x69,0x65,0x64,0x20,0x74,0x6f,0x20,0x6f,
    0x70,0x65,0x6e,0x20,0x4e,0x65,0x77,0x20,0x4f,0x62,0x6a,0x20,0x67,0x72,0x61,0x70,0x68,0x69,0x63,0x20,0x25,0x73,0x0a,0x00,
    0x4e,0x65,0x77,0x4f,0x62,0x6a,0x49,0x63,0x6f,0x6e,0x73,0x5c,0x25,0x73,0x2e,0x62,0x6d,0x70,0x00,0x00,0x59,0x6f,0x75,0x20,
    0x68,0x61,0x76,0x65,0x20,0x25,0x64,0x20,0x6e,0x65,0x77,0x20,0x6f,0x62,0x6a,0x65,0x63,0x74,0x73,0x00,0x59,0x6f,0x75,0x20,
    0x68,0x61,0x76,0x65,0x20,0x61,0x20,0x6e,0x65,0x77,0x20,0x6f,0x62,0x6a,0x65,0x63,0x74,0x00,0x00,0x00,0x0a,0x25,0x73,0x20,
    0x25,0x64,0x0a,0x25,0x73,0x20,0x25,0x64,0x00,0x00,0x00,0x00,0x25,0x73,0x20,0x3a,0x20,0x25,0x64,0x00,0x0a,0x25,0x73,0x00,
    0x0a,0x00,0x00,0x00,0x0a,0x25,0x73,0x20,0x25,0x64,0x00,0x00,0x25,0x73,0x20,0x25,0x64,0x0a,0x25,0x73,0x20,0x25,0x64,0x00,
    0x7f,0x00,0x00,0x00,0x3c,0x00,0x00,0x00,0xc8,0xf5,0xcb,0xf4,0xcd,0xf3,0xd0,0xf2,0x1e,0x41,0x30,0x42,0x2e,0x43,0x20,0x44,
    0x12,0x45,0x21,0x46,0x22,0x47,0x23,0x48,0x17,0x49,0x24,0x4a,0x25,0x4b,0x26,0x4c,0x32,0x4d,0x31,0x4e,0x18,0x4f,0x19,0x50,
    0x10,0x51,0x13,0x52,0x1f,0x53,0x14,0x54,0x16,0x55,0x2f,0x56,0x11,0x57,0x2d,0x58,0x15,0x59,0x2c,0x5a,0x0b,0x30,0x02,0x31,
    0x03,0x32,0x04,0x33,0x05,0x34,0x06,0x35,0x07,0x36,0x08,0x37,0x09,0x38,0x0a,0x39,0x52,0x30,0x4f,0x31,0x50,0x32,0x51,0x33,
    0x4b,0x34,0x4c,0x35,0x4d,0x36,0x47,0x37,0x48,0x38,0x49,0x39,0x0e,0xff,0x01,0xfe,0x1c,0xfd,0x9c,0xfd,0x39,0x20,0x3a,0xf6,
    0x36,0xf6,0x2a,0xf6,0x00,0x00,0x00,0x00,0x43,0x48,0x45,0x41,0x54,0x3a,0x20,0x43,0x61,0x70,0x61,0x63,0x69,0x74,0x79,0x20,
    0x43,0x61,0x6c,0x63,0x73,0x20,0x76,0x69,0x73,0x69,0x62,0x6c,0x65,0x0a,0x00,0x00,0x3a,0x53,0x48,0x4f,0x57,0x43,0x41,0x50,
    0x41,0x43,0x49,0x54,0x59,0x00,0x00,0x00,0x43,0x48,0x45,0x41,0x54,0x3a,0x53,0x65,0x74,0x20,0x53,0x77,0x69,0x74,0x63,0x68,
    0x20,0x31,0x0a,0x00,0x3a,0x44,0x49,0x47,0x47,0x45,0x52,0x00,0x43,0x48,0x45,0x41,0x54,0x3a,0x53,0x74,0x6f,0x70,0x20,0x53,
    0x63,0x72,0x69,0x70,0x74,0x0a,0x00,0x00,0x3a,0x49,0x4d,0x50,0x52,0x4f,0x56,0x49,0x53,0x45,0x00,0x00,0x43,0x48,0x45,0x41,
    0x54,0x3a,0x57,0x69,0x6e,0x20,0x4c,0x65,0x76,0x65,0x6c,0x0a,0x00,0x00,0x00,0x00,0x3a,0x57,0x45,0x4c,0x4f,0x56,0x45,0x4c,
    0x45,0x47,0x4f,0x4c,0x41,0x4e,0x44,0x00,0x43,0x48,0x45,0x41,0x54,0x3a,0x49,0x6e,0x73,0x74,0x61,0x6e,0x74,0x20,0x41,0x70,
    0x70,0x72,0x61,0x69,0x73,0x61,0x6c,0x0a,0x00,0x00,0x00,0x00,0x3a,0x50,0x52,0x41,0x49,0x53,0x45,0x4d,0x45,0x00,0x00,0x00,
    0x43,0x48,0x45,0x41,0x54,0x3a,0x4e,0x6f,0x20,0x52,0x69,0x64,0x65,0x20,0x57,0x65,0x61,0x72,0x0a,0x00,0x3a,0x48,0x41,0x52,
    0x44,0x41,0x53,0x4e,0x41,0x49,0x4c,0x53,0x00,0x00,0x00,0x00,0x43,0x48,0x45,0x41,0x54,0x3a,0x4d,0x6f,0x72,0x65,0x20,0x4d,
    0x6f,0x6e,0x65,0x79,0x0a,0x00,0x00,0x00,0x3a,0x43,0x4f,0x4c,0x44,0x48,0x41,0x52,0x44,0x43,0x41,0x53,0x48,0x00,0x00,0x00,
    0x43,0x48,0x45,0x41,0x54,0x3a,0x4c,0x65,0x76,0x65,0x6c,0x20,0x25,0x64,0x0a,0x00,0x3a,0x3a,0x44,0x49,0x45,0x00,0x00,0x00,
    0x43,0x48,0x45,0x41,0x54,0x3a,0x53,0x54,0x4f,0x50,0x4d,0x55,0x53,0x49,0x43,0x0a,0x00,0x00,0x00,0x00,0x3a,0x53,0x54,0x4f,
    0x50,0x00,0x00,0x00,0x43,0x48,0x45,0x41,0x54,0x54,0x48,0x45,0x4d,0x45,0x3d,0x57,0x45,0x53,0x54,0x0a,0x00,0x00,0x00,0x00,
    0x3a,0x57,0x45,0x53,0x54,0x00,0x00,0x00,0x43,0x48,0x45,0x41,0x54,0x54,0x48,0x45,0x4d,0x45,0x3d,0x43,0x41,0x53,0x54,0x4c,
    0x45,0x0a,0x00,0x00,0x3a,0x43,0x41,0x53,0x54,0x4c,0x45,0x00,0x43,0x48,0x45,0x41,0x54,0x54,0x48,0x45,0x4d,0x45,0x3d,0x49,
    0x4e,0x43,0x41,0x0a,0x00,0x00,0x00,0x00,0x3a,0x49,0x4e,0x43,0x41,0x00,0x00,0x00,0x43,0x48,0x45,0x41,0x54,0x54,0x48,0x45,
    0x4d,0x45,0x3d,0x45,0x47,0x59,0x50,0x54,0x49,0x41,0x4e,0x0a,0x00,0x00,0x00,0x00,0x3a,0x45,0x47,0x59,0x50,0x54,0x00,0x00,
    0x3a,0x49,0x4c,0x49,0x4b,0x45,0x54,0x4f,0x54,0x52,0x41,0x56,0x45,0x4c,0x00,0x00,0x43,0x48,0x45,0x41,0x54,0x54,0x48,0x45,
    0x4d,0x45,0x3d,0x54,0x48,0x45,0x4d,0x45,0x0a,0x00,0x00,0x00,0x3a,0x54,0x48,0x45,0x4d,0x45,0x00,0x00,0x7f,0x00,0x00,0x00,
    0x4c,0x45,0x47,0x4f,0x4c,0x41,0x4e,0x44,0x20,0x54,0x48,0x45,0x4d,0x45,0x00,0x00,0x00,0x00,0x00,0x00,0x57,0x45,0x53,0x54,
    0x45,0x52,0x4e,0x20,0x54,0x48,0x45,0x4d,0x45,0x00,0x00,0x00,0x00,0x00,0x00,0x00,0x43,0x41,0x53,0x54,0x4c,0x45,0x20,0x54,
    0x48,0x45,0x4d,0x45,0x00,0x00,0x00,0x00,0x00,0x00,0x00,0x00,0x41,0x44,0x56,0x45,0x4e,0x54,0x55,0x52,0x45,0x52,0x53,0x20,
    0x54,0x48,0x45,0x4d,0x45,0x00,0x00,0x00,0x05,0x00,0x00,0x00,0x53,0x43,0x45,0x4e,0x45,0x52,0x59,0x20,0x4d,0x45,0x4e,0x55,
    0x00,0x00,0x00,0x00,0x00,0x00,0x00,0x00,0x46,0x4f,0x4f,0x44,0x20,0x53,0x54,0x4f,0x52,0x45,0x53,0x20,0x4d,0x45,0x4e,0x55,
    0x00,0x00,0x00,0x00,0x53,0x48,0x4f,0x50,0x53,0x20,0x4d,0x45,0x4e,0x55,0x00,0x00,0x00,0x00,0x00,0x00,0x00,0x00,0x00,0x00,
    0x41,0x54,0x54,0x52,0x41,0x43,0x54,0x49,0x4f,0x4e,0x53,0x20,0x4d,0x45,0x4e,0x55,0x00,0x00,0x00,0x00,0x08,0x00,0x00,0x00,
    0x7b,0x01,0x00,0x00,0x69,0x00,0x00,0x00,0x7b,0x01,0x00,0x00,0xca,0x00,0x00,0x00,0x7b,0x01,0x00,0x00,0x2b,0x01,0x00,0x00,
    0x7b,0x01,0x00,0x00,0x0c,0x00,0x00,0x00,0xa2,0x01,0x00,0x00,0x5c,0x00,0x00,0x00,0xa2,0x01,0x00,0x00,0xac,0x00,0x00,0x00,
    0xa2,0x01,0x00,0x00,0xfc,0x00,0x00,0x00,0xa2,0x01,0x00,0x00,0x4c,0x01,0x00,0x00,0xa2,0x01,0x00,0x00,0x01,0x00,0x00,0x00,
    0x01,0x00,0x00,0x00,0x01,0x00,0x00,0x00,0x01,0x00,0x00,0x00,0x0c,0x5c,0x4b,0x00,0xfc,0x5b,0x4b,0x00,0xd0,0x5b,0x4b,0x00,
    0xfc,0x5b,0x4b,0x00,0xe8,0x5b,0x4b,0x00,0xfc,0x5b,0x4b,0x00,0xb4,0x5b,0x4b,0x00,0xfc,0x5b,0x4b,0x00,0xfc,0x5b,0x4b,0x00,
    0x00,0x00,0x00,0x00,0x6c,0x53,0x4b,0x00,0x7c,0x53,0x4b,0x00,0x7c,0x53,0x4b,0x00,0x00,0x00,0x00,0x00,0xb0,0x80,0x4b,0x00,
    0xcc,0x89,0x4b,0x00,0xcc,0x89,0x4b,0x00,0x00,0x00,0x00,0x00,0xe4,0x89,0x4b,0x00,0x00,0x00,0x00,0x00,0xc0,0x80,0x4b,0x00,
    0xd4,0x88,0x4b,0x00,0xd4,0x88,0x4b,0x00,0x00,0x00,0x00,0x00,0xbc,0xb1,0x4b,0x00,0xd4,0x88,0x4b,0x00,0x9c,0x88,0x4b,0x00,
    0xd4,0x88,0x4b,0x00,0xb8,0x88,0x4b,0x00,0xd4,0x88,0x4b,0x00,0xb4,0x4b,0x4b,0x00,0xa4,0x4b,0x4b,0x00,0x24,0x4b,0x4b,0x00,
    0xa4,0x4b,0x4b,0x00,0x00,0x4b,0x4b,0x00,0xa4,0x4b,0x4b,0x00,0xec,0x4a,0x4b,0x00,0xa4,0x4b,0x4b,0x00,0x88,0x4b,0x4b,0x00,
    0xa4,0x4b,0x4b,0x00,0x6c,0x4b,0x4b,0x00,0xa4,0x4b,0x4b,0x00,0x50,0x4b,0x4b,0x00,0xa4,0x4b,0x4b,0x00,0x34,0x4b,0x4b,0x00,
    0xa4,0x4b,0x4b,0x00,0xa4,0x4b,0x4b,0x00,0x00,0x00,0x00,0x00,0x10,0x4b,0x4b,0x00,0xa4,0x4b,0x4b,0x00,0xe8,0x88,0x4b,0x00,
    0xdc,0x83,0x4b,0x00,0xdc,0x83,0x4b,0x00,0x00,0x00,0x00,0x00,0xc8,0x50,0x4b,0x00,0x00,0x00,0x00,0x00,0xdc,0x50,0x4b,0x00,
    0x00,0x00,0x00,0x00,0x64,0x00,0x00,0x00,0x8c,0x00,0x00,0x00,0xc8,0x00,0x00,0x00,0x10,0x27,0x00,0x00,0x9f,0x01,0x00,0x00,
    0x7a,0x01,0x00,0x00,0xd3,0x01,0x00,0x00,0x7a,0x01,0x00,0x00,0x9f,0x01,0x00,0x00,0xae,0x01,0x00,0x00,0xd3,0x01,0x00,0x00,
    0xae,0x01,0x00,0x00,0x4a,0x55,0x4e,0x47,0x4c,0x45,0x20,0x43,0x52,0x55,0x49,0x53,0x45,0x20,0x4d,0x4f,0x4e,0x4b,0x45,0x59,
    0x20,0x42,0x52,0x49,0x44,0x47,0x45,0x00,0x53,0x63,0x72,0x69,0x70,0x74,0x45,0x6e,0x64,0x2e,0x6c,0x6c,0x73,0x00,0x00,0x00,
    0x42,0x72,0x69,0x65,0x66,0x49,0x63,0x6f,0x6e,0x2e,0x6c,0x6c,0x73,0x00,0x00,0x00,0x42,0x72,0x69,0x65,0x66,0x49,0x63,0x6f,
    0x6e,0x32,0x2e,0x6c,0x6c,0x73,0x00,0x00,0x4c,0x69,0x6e,0x6b,0x5f,0x42,0x6f,0x74,0x74,0x6f,0x6d,0x2e,0x6c,0x6c,0x73,0x00,
    0x4c,0x69,0x6e,0x6b,0x5f,0x4d,0x69,0x64,0x64,0x6c,0x65,0x2e,0x6c,0x6c,0x73,0x00,0x53,0x69,0x64,0x65,0x5f,0x53,0x63,0x72,
    0x6f,0x6c,0x6c,0x55,0x70,0x5f,0x4c,0x69,0x74,0x2e,0x6c,0x6c,0x73,0x00,0x00,0x00,0x53,0x69,0x64,0x65,0x5f,0x53,0x63,0x72,
    0x6f,0x6c,0x6c,0x44,0x6f,0x77,0x6e,0x5f,0x4c,0x69,0x74,0x2e,0x6c,0x6c,0x73,0x00,0x41,0x74,0x74,0x72,0x61,0x63,0x74,0x5f,
    0x4e,0x65,0x77,0x5f,0x4f,0x6e,0x2e,0x6c,0x6c,0x73,0x00,0x00,0x41,0x74,0x74,0x72,0x61,0x63,0x74,0x5f,0x4e,0x65,0x77,0x5f,
    0x4f,0x66,0x66,0x2e,0x6c,0x6c,0x73,0x00,0x41,0x74,0x74,0x72,0x61,0x63,0x74,0x5f,0x48,0x69,0x67,0x68,0x6c,0x69,0x67,0x68,
    0x74,0x5f,0x4f,0x66,0x66,0x2e,0x6c,0x6c,0x73,0x00,0x00,0x00,0x41,0x74,0x74,0x72,0x61,0x63,0x74,0x5f,0x48,0x69,0x67,0x68,
    0x6c,0x69,0x67,0x68,0x74,0x5f,0x4f,0x6e,0x2e,0x6c,0x6c,0x73,0x00,0x00,0x00,0x00,0x49,0x46,0x5f,0x4f,0x70,0x74,0x69,0x6f,
    0x6e,0x73,0x49,0x63,0x6f,0x6e,0x2e,0x6c,0x6c,0x73,0x00,0x00,0x49,0x46,0x5f,0x4f,0x70,0x74,0x69,0x6f,0x6e,0x73,0x49,0x63,
    0x6f,0x6e,0x50,0x72,0x65,0x73,0x73,0x65,0x64,0x2e,0x6c,0x6c,0x73,0x00,0x00,0x00,0x49,0x46,0x5f,0x4d,0x61,0x70,0x69,0x63,
    0x6f,0x6e,0x2e,0x6c,0x6c,0x73,0x00,0x00,0x49,0x46,0x5f,0x4d,0x61,0x70,0x49,0x63,0x6f,0x6e,0x50,0x72,0x65,0x73,0x73,0x65,
    0x64,0x2e,0x6c,0x6c,0x73,0x00,0x00,0x00,0x49,0x46,0x5f,0x45,0x72,0x61,0x73,0x65,0x72,0x49,0x63,0x6f,0x6e,0x2e,0x6c,0x6c,
    0x73,0x00,0x00,0x00,0x49,0x46,0x5f,0x45,0x72,0x61,0x73,0x65,0x72,0x49,0x63,0x6f,0x6e,0x50,0x72,0x65,0x73,0x73,0x65,0x64,
    0x2e,0x6c,0x6c,0x73,0x00,0x00,0x00,0x00,0x49,0x46,0x5f,0x51,0x75,0x65,0x72,0x79,0x69,0x63,0x6f,0x6e,0x2e,0x6c,0x6c,0x73,
    0x00,0x00,0x00,0x00,0x49,0x46,0x5f,0x51,0x75,0x65,0x72,0x79,0x49,0x63,0x6f,0x6e,0x50,0x72,0x65,0x73,0x73,0x65,0x64,0x2e,
    0x6c,0x6c,0x73,0x00,0x49,0x46,0x5f,0x50,0x61,0x74,0x68,0x49,0x63,0x6f,0x6e,0x2e,0x6c,0x6c,0x73,0x00,0x49,0x46,0x5f,0x50,
    0x61,0x74,0x68,0x49,0x63,0x6f,0x6e,0x50,0x72,0x65,0x73,0x73,0x65,0x64,0x2e,0x6c,0x6c,0x73,0x00,0x00,0x42,0x61,0x72,0x5f,
    0x70,0x6f,0x69,0x6e,0x74,0x65,0x72,0x2e,0x6c,0x6c,0x73,0x00,0x4e,0x6f,0x5f,0x45,0x6e,0x65,0x72,0x67,0x79,0x2e,0x6c,0x6c,
    0x73,0x00,0x00,0x00,0x49,0x6e,0x74,0x65,0x72,0x66,0x61,0x63,0x65,0x42,0x47,0x2e,0x6c,0x6c,0x73,0x00,0x61,0x64,0x76,0x65,
    0x6e,0x74,0x75,0x72,0x65,0x72,0x73,0x5f,0x74,0x68,0x65,0x6d,0x65,0x4f,0x46,0x46,0x2e,0x6c,0x6c,0x73,0x00,0x00,0x00,0x00,
    0x61,0x64,0x76,0x65,0x6e,0x74,0x75,0x72,0x65,0x72,0x73,0x5f,0x74,0x68,0x65,0x6d,0x65,0x4f,0x4e,0x2e,0x6c,0x6c,0x73,0x00,
    0x77,0x65,0x73,0x74,0x65,0x72,0x6e,0x5f,0x74,0x68,0x65,0x6d,0x65,0x4f,0x46,0x46,0x2e,0x6c,0x6c,0x73,0x00,0x00,0x00,0x00,
    0x77,0x65,0x73,0x74,0x65,0x72,0x6e,0x5f,0x74,0x68,0x65,0x6d,0x65,0x4f,0x4e,0x2e,0x6c,0x6c,0x73,0x00,0x63,0x61,0x73,0x74,
    0x6c,0x65,0x5f,0x74,0x68,0x65,0x6d,0x65,0x4f,0x46,0x46,0x2e,0x6c,0x6c,0x73,0x00,0x63,0x61,0x73,0x74,0x6c,0x65,0x5f,0x74,
    0x68,0x65,0x6d,0x65,0x4f,0x4e,0x2e,0x6c,0x6c,0x73,0x00,0x00,0x6c,0x65,0x67,0x6f,0x6c,0x61,0x6e,0x64,0x5f,0x74,0x68,0x65,
    0x6d,0x65,0x4f,0x46,0x46,0x2e,0x6c,0x6c,0x73,0x00,0x00,0x00,0x6c,0x65,0x67,0x6f,0x6c,0x61,0x6e,0x64,0x5f,0x74,0x68,0x65,
    0x6d,0x65,0x4f,0x4e,0x2e,0x6c,0x6c,0x73,0x00,0x00,0x00,0x00,0x42,0x61,0x72,0x5f,0x43,0x6f,0x69,0x6e,0x73,0x2e,0x6c,0x6c,
    0x73,0x00,0x00,0x00,0x42,0x61,0x72,0x5f,0x45,0x6e,0x65,0x72,0x67,0x79,0x2e,0x6c,0x6c,0x73,0x00,0x00,0x42,0x55,0x49,0x4c,
    0x44,0x20,0x4d,0x45,0x4e,0x55,0x00,0x00,0x4c,0x69,0x73,0x74,0x43,0x68,0x69,0x6c,0x64,0x72,0x65,0x6e,0x42,0x61,0x72,0x2e,
    0x6c,0x6c,0x73,0x00,0x43,0x6c,0x6f,0x73,0x65,0x43,0x68,0x69,0x6c,0x64,0x72,0x65,0x6e,0x42,0x61,0x72,0x2e,0x6c,0x6c,0x73,
    0x00,0x00,0x00,0x00,0x7f,0x00,0x00,0x00,0x7f,0x00,0x00,0x00,0x00,0x00,0x80,0x3f,0x28,0x00,0x00,0x00,0x00,0x00,0x00,0x00,
    0x00,0x00,0x00,0x00,0x01,0x00,0x10,0x00,0x00,0x00,0x00,0x00,0x00,0x00,0x00,0x00,0x00,0x00,0x00,0x00,0x00,0x00,0x00,0x00,
    0x00,0x00,0x00,0x00,0x00,0x00,0x00,0x00,0x53,0x74,0x6f,0x70,0x70,0x69,0x6e,0x67,0x20,0x6d,0x6f,0x76,0x69,0x65,0x00,0x00,
    0x53,0x74,0x6f,0x70,0x70,0x69,0x6e,0x67,0x20,0x4d,0x6f,0x76,0x69,0x65,0x0a,0x00,0x53,0x74,0x61,0x72,0x74,0x69,0x6e,0x67,
    0x20,0x4d,0x6f,0x76,0x69,0x65,0x0a,0x00,0x41,0x74,0x74,0x65,0x6d,0x70,0x74,0x69,0x6e,0x67,0x20,0x74,0x6f,0x20,0x70,0x6c,
    0x61,0x79,0x20,0x6d,0x6f,0x76,0x69,0x65,0x2e,0x2e,0x00,0x00,0x4d,0x6f,0x76,0x69,0x65,0x20,0x6f,0x70,0x65,0x6e,0x6e,0x65,
    0x64,0x20,0x4f,0x4b,0x20,0x28,0x25,0x73,0x29,0x00,0x00,0x00,0x41,0x74,0x74,0x65,0x6d,0x70,0x74,0x69,0x6e,0x67,0x20,0x74,
    0x6f,0x20,0x6f,0x70,0x65,0x6e,0x20,0x4d,0x6f,0x76,0x69,0x65,0x20,0x25,0x73,0x00,0x46,0x4d,0x56,0x5c,0x00,0x00,0x00,0x00,
    0x7f,0x00,0x00,0x00,0x00,0x00,0x00,0x00,0x10,0x00,0x00,0x00,0x10,0x00,0x00,0x00,0x0f,0x00,0x00,0x00,0x00,0x00,0x00,0x00,
    0x7f,0x00,0x00,0x00,0x01,0x00,0x00,0x00,0x01,0x00,0x00,0x00,0xd0,0x86,0x4b,0x00,0x78,0xc0,0x4b,0x00,0x70,0xc0,0x4b,0x00,
    0x68,0xc0,0x4b,0x00,0xd0,0x86,0x4b,0x00,0x68,0xc0,0x4b,0x00,0x70,0xc0,0x4b,0x00,0x78,0xc0,0x4b,0x00,0x60,0xc0,0x4b,0x00,
    0x58,0xc0,0x4b,0x00,0x4c,0xc0,0x4b,0x00,0x44,0xc0,0x4b,0x00,0x3c,0xc0,0x4b,0x00,0x34,0xc0,0x4b,0x00,0x2c,0xc0,0x4b,0x00,
    0x28,0xc0,0x4b,0x00,0x1c,0xc0,0x4b,0x00,0x10,0xc0,0x4b,0x00,0x04,0xc0,0x4b,0x00,0xf8,0xbf,0x4b,0x00,0xf0,0xbf,0x4b,0x00,
    0xe8,0xbf,0x4b,0x00,0xdc,0xbf,0x4b,0x00,0xd0,0xbf,0x4b,0x00,0xc4,0xbf,0x4b,0x00,0xb8,0xbf,0x4b,0x00,0xa8,0xbf,0x4b,0x00,
    0x98,0xbf,0x4b,0x00,0x90,0xbf,0x4b,0x00,0x84,0xbf,0x4b,0x00,0x78,0xbf,0x4b,0x00,0x6c,0xbf,0x4b,0x00,0x64,0xbf,0x4b,0x00,
    0x5c,0xbf,0x4b,0x00,0x54,0xbf,0x4b,0x00,0x4c,0xbf,0x4b,0x00,0x44,0xbf,0x4b,0x00,0x34,0xbf,0x4b,0x00,0x24,0xbf,0x4b,0x00,
    0x18,0xbf,0x4b,0x00,0x0c,0xbf,0x4b,0x00,0x00,0xbf,0x4b,0x00,0xf4,0xbe,0x4b,0x00,0xe8,0xbe,0x4b,0x00,0xdc,0xbe,0x4b,0x00,
    0xd0,0xbe,0x4b,0x00,0xc4,0xbe,0x4b,0x00,0xbc,0xbe,0x4b,0x00,0xb0,0xbe,0x4b,0x00,0xa4,0xbe,0x4b,0x00,0x9c,0xbe,0x4b,0x00,
    0x8c,0xbe,0x4b,0x00,0x84,0xbe,0x4b,0x00,0x78,0xbe,0x4b,0x00,0x6c,0xbe,0x4b,0x00,0x60,0xbe,0x4b,0x00,0x54,0xbe,0x4b,0x00,
    0x44,0xbe,0x4b,0x00,0x3c,0xbe,0x4b,0x00,0x34,0xbe,0x4b,0x00,0xe8,0xbf,0x4b,0x00,0x2c,0xbe,0x4b,0x00,0x20,0xbe,0x4b,0x00,
    0x18,0xbe,0x4b,0x00,0x0c,0xbe,0x4b,0x00,0x04,0xbe,0x4b,0x00,0x88,0xa8,0x4b,0x00,0x04,0xbe,0x4b,0x00,0xfc,0xbd,0x4b,0x00,
    0xf0,0xbd,0x4b,0x00,0xe8,0xbd,0x4b,0x00,0xdc,0xbd,0x4b,0x00,0xd0,0x86,0x4b,0x00,0x68,0xc0,0x4b,0x00,0x70,0xc0,0x4b,0x00,
    0x78,0xc0,0x4b,0x00,0x2c,0xc0,0x4b,0x00,0x44,0xc0,0x4b,0x00,0x34,0xc0,0x4b,0x00,0x28,0xc0,0x4b,0x00,0xd4,0xbd,0x4b,0x00,
    0xcc,0xbd,0x4b,0x00,0xb0,0x87,0x47,0x00,0xc4,0xbd,0x4b,0x00,0x90,0x88,0x47,0x00,0xbc,0xbd,0x4b,0x00,0x70,0x88,0x47,0x00,
    0xb0,0xbd,0x4b,0x00,0x30,0x89,0x47,0x00,0xa4,0xbd,0x4b,0x00,0x80,0x89,0x47,0x00,0x98,0xbd,0x4b,0x00,0xc0,0x89,0x47,0x00,
    0x8c,0xbd,0x4b,0x00,0x00,0x8a,0x47,0x00,0x80,0xbd,0x4b,0x00,0x40,0x8a,0x47,0x00,0x74,0xbd,0x4b,0x00,0x80,0x8a,0x47,0x00,
    0x6c,0xbd,0x4b,0x00,0x40,0x88,0x47,0x00,0x28,0xc0,0x4b,0x00,0xc0,0x8a,0x47,0x00,0x64,0xbd,0x4b,0x00,0x70,0x8b,0x47,0x00,
    0x5c,0xbd,0x4b,0x00,0xe0,0x8b,0x47,0x00,0x50,0xbd,0x4b,0x00,0x60,0x8c,0x47,0x00,0x40,0xbd,0x4b,0x00,0xd0,0x8c,0x47,0x00,
    0x38,0xbd,0x4b,0x00,0x30,0x8d,0x47,0x00,0x28,0xbd,0x4b,0x00,0x20,0x8e,0x47,0x00,0x18,0xbd,0x4b,0x00,0x20,0x8e,0x47,0x00,
    0x0c,0xbd,0x4b,0x00,0x90,0x8e,0x47,0x00,0x00,0xbd,0x4b,0x00,0xc0,0x8b,0x47,0x00,0xf4,0xbc,0x4b,0x00,0xa0,0x8f,0x47,0x00,
    0xe8,0xbc,0x4b,0x00,0x60,0x90,0x47,0x00,0xe0,0xbc,0x4b,0x00,0x00,0x8f,0x47,0x00,0xd4,0xbc,0x4b,0x00,0x80,0xac,0x47,0x00,
    0xc8,0xbc,0x4b,0x00,0x90,0xaa,0x47,0x00,0xb8,0xbc,0x4b,0x00,0x00,0xab,0x47,0x00,0xac,0xbc,0x4b,0x00,0x80,0xab,0x47,0x00,
    0xa0,0xbc,0x4b,0x00,0x00,0xae,0x47,0x00,0x90,0xbc,0x4b,0x00,0xa0,0xae,0x47,0x00,0x88,0xbc,0x4b,0x00,0x20,0x91,0x47,0x00,
    0x80,0xbc,0x4b,0x00,0xa0,0x91,0x47,0x00,0x78,0xbc,0x4b,0x00,0xf0,0x91,0x47,0x00,0x70,0xbc,0x4b,0x00,0x70,0x92,0x47,0x00,
    0x68,0xbc,0x4b,0x00,0x00,0x93,0x47,0x00,0x60,0xbc,0x4b,0x00,0x90,0x93,0x47,0x00,0x58,0xbc,0x4b,0x00,0xe0,0x93,0x47,0x00,
    0x50,0xbc,0x4b,0x00,0x50,0x94,0x47,0x00,0x44,0xbc,0x4b,0x00,0xd0,0x94,0x47,0x00,0x3c,0xbc,0x4b,0x00,0x50,0x95,0x47,0x00,
    0x30,0xbc,0x4b,0x00,0xc0,0x95,0x47,0x00,0x24,0xbc,0x4b,0x00,0x40,0x96,0x47,0x00,0x14,0xbc,0x4b,0x00,0xd0,0x96,0x47,0x00,
    0x08,0xbc,0x4b,0x00,0x40,0x97,0x47,0x00,0xfc,0xbb,0x4b,0x00,0xb0,0x97,0x47,0x00,0xec,0xbb,0x4b,0x00,0x00,0x98,0x47,0x00,
    0xdc,0xbb,0x4b,0x00,0x50,0x98,0x47,0x00,0xd4,0xbb,0x4b,0x00,0xc0,0x98,0x47,0x00,0xc4,0xbb,0x4b,0x00,0x30,0x99,0x47,0x00,
    0xb8,0xbb,0x4b,0x00,0x80,0x99,0x47,0x00,0xa8,0xbb,0x4b,0x00,0xd0,0x99,0x47,0x00,0x98,0xbb,0x4b,0x00,0x20,0x9a,0x47,0x00,
    0x88,0xbb,0x4b,0x00,0x70,0x9a,0x47,0x00,0x7c,0xbb,0x4b,0x00,0xc0,0x9a,0x47,0x00,0x70,0xbb,0x4b,0x00,0x10,0x9b,0x47,0x00,
    0x64,0xbb,0x4b,0x00,0x40,0x9c,0x47,0x00,0x5c,0xbb,0x4b,0x00,0xb0,0x9c,0x47,0x00,0x50,0xbb,0x4b,0x00,0x00,0x9d,0x47,0x00,
    0x40,0xbb,0x4b,0x00,0x60,0x9d,0x47,0x00,0x30,0xbb,0x4b,0x00,0xb0,0x9d,0x47,0x00,0x28,0xbb,0x4b,0x00,0x00,0x9e,0x47,0x00,
    0x1c,0xbb,0x4b,0x00,0x80,0x9e,0x47,0x00,0x10,0xbb,0x4b,0x00,0xe0,0x9e,0x47,0x00,0x08,0xbb,0x4b,0x00,0x30,0x9f,0x47,0x00,
    0xfc,0xba,0x4b,0x00,0xa0,0x9f,0x47,0x00,0xf0,0xba,0x4b,0x00,0xf0,0xa2,0x47,0x00,0xe4,0xba,0x4b,0x00,0x60,0xa3,0x47,0x00,
    0xd8,0xba,0x4b,0x00,0xd0,0xa3,0x47,0x00,0xd0,0xba,0x4b,0x00,0x40,0xa4,0x47,0x00,0xc8,0xba,0x4b,0x00,0x80,0xa4,0x47,0x00,
    0xc0,0xba,0x4b,0x00,0x00,0xa5,0x47,0x00,0xb4,0xba,0x4b,0x00,0x50,0xa5,0x47,0x00,0xac,0xba,0x4b,0x00,0xa0,0xa5,0x47,0x00,
    0xa4,0xba,0x4b,0x00,0x50,0xa6,0x47,0x00,0x9c,0xba,0x4b,0x00,0xa0,0xa6,0x47,0x00,0x94,0xba,0x4b,0x00,0xf0,0xa6,0x47,0x00,
    0x88,0xba,0x4b,0x00,0xb0,0xa7,0x47,0x00,0x84,0xba,0x4b,0x00,0x00,0xa8,0x47,0x00,0x78,0xba,0x4b,0x00,0x60,0xa8,0x47,0x00,
    0x70,0xba,0x4b,0x00,0xa0,0xa8,0x47,0x00,0x68,0xba,0x4b,0x00,0xe0,0xa8,0x47,0x00,0x60,0xba,0x4b,0x00,0x60,0xa9,0x47,0x00,
    0x58,0xba,0x4b,0x00,0x00,0xac,0x47,0x00,0x4c,0xba,0x4b,0x00,0xe0,0xac,0x47,0x00,0x40,0xba,0x4b,0x00,0xe0,0xac,0x47,0x00,
    0x34,0xba,0x4b,0x00,0x40,0xad,0x47,0x00,0x28,0xba,0x4b,0x00,0x40,0xad,0x47,0x00,0x1c,0xba,0x4b,0x00,0xa0,0xad,0x47,0x00,
    0x10,0xba,0x4b,0x00,0x20,0xa0,0x47,0x00,0x08,0xba,0x4b,0x00,0xb0,0xa0,0x47,0x00,0x00,0xba,0x4b,0x00,0x40,0xa1,0x47,0x00,
    0xf4,0xb9,0x4b,0x00,0xd0,0xa1,0x47,0x00,0xec,0xb9,0x4b,0x00,0x50,0xaf,0x47,0x00,0xe0,0xb9,0x4b,0x00,0x80,0xaf,0x47,0x00,
    0x45,0x4e,0x44,0x4c,0x45,0x56,0x45,0x4c,0x00,0x00,0x00,0x00,0x50,0x55,0x52,0x47,0x45,0x00,0x00,0x00,0x45,0x4e,0x44,0x53,
    0x43,0x52,0x45,0x45,0x4e,0x53,0x00,0x00,0x42,0x52,0x49,0x44,0x47,0x45,0x53,0x00,0x41,0x44,0x44,0x46,0x4c,0x41,0x47,0x00,
    0x54,0x48,0x45,0x4d,0x45,0x49,0x43,0x4f,0x4e,0x00,0x00,0x00,0x45,0x4e,0x54,0x52,0x41,0x4e,0x43,0x45,0x46,0x45,0x45,0x00,
    0x4d,0x49,0x4e,0x56,0x49,0x53,0x49,0x54,0x4f,0x52,0x53,0x00,0x4d,0x49,0x4e,0x43,0x41,0x50,0x41,0x43,0x49,0x54,0x59,0x00,
    0x4d,0x41,0x58,0x56,0x49,0x53,0x49,0x54,0x4f,0x52,0x53,0x00,0x4d,0x41,0x58,0x43,0x41,0x50,0x41,0x43,0x49,0x54,0x59,0x00,
    0x44,0x45,0x47,0x52,0x41,0x44,0x45,0x00,0x52,0x45,0x50,0x4f,0x52,0x54,0x00,0x00,0x46,0x45,0x41,0x54,0x55,0x52,0x45,0x00,
    0x4d,0x45,0x53,0x53,0x41,0x47,0x45,0x00,0x49,0x4e,0x54,0x45,0x52,0x56,0x41,0x4c,0x00,0x00,0x00,0x00,0x46,0x4d,0x56,0x00,
    0x45,0x58,0x54,0x45,0x4e,0x44,0x50,0x41,0x52,0x4b,0x00,0x00,0x47,0x4c,0x55,0x45,0x00,0x00,0x00,0x00,0x55,0x4e,0x47,0x4c,
    0x55,0x45,0x00,0x00,0x43,0x4c,0x45,0x41,0x52,0x00,0x00,0x00,0x50,0x4c,0x41,0x43,0x45,0x00,0x00,0x00,0x41,0x44,0x44,0x42,
    0x52,0x49,0x43,0x4b,0x53,0x00,0x00,0x00,0x54,0x41,0x4b,0x45,0x00,0x00,0x00,0x00,0x47,0x49,0x56,0x45,0x00,0x00,0x00,0x00,
    0x46,0x4f,0x52,0x45,0x56,0x45,0x52,0x00,0x53,0x45,0x4c,0x45,0x43,0x54,0x4d,0x4f,0x44,0x45,0x00,0x00,0x53,0x45,0x4c,0x45,
    0x43,0x54,0x54,0x41,0x42,0x00,0x00,0x00,0x53,0x45,0x4c,0x45,0x43,0x54,0x54,0x48,0x45,0x4d,0x45,0x00,0x43,0x48,0x45,0x43,
    0x4b,0x46,0x4c,0x41,0x47,0x00,0x00,0x00,0x5a,0x4f,0x4e,0x49,0x4e,0x47,0x00,0x00,0x50,0x4f,0x57,0x45,0x52,0x52,0x49,0x44,
    0x45,0x53,0x00,0x00,0x46,0x49,0x58,0x52,0x49,0x44,0x45,0x53,0x00,0x00,0x00,0x00,0x48,0x55,0x4e,0x47,0x45,0x52,0x00,0x00,
    0x4e,0x45,0x45,0x44,0x4d,0x45,0x43,0x48,0x41,0x4e,0x49,0x43,0x53,0x00,0x00,0x00,0x4e,0x45,0x45,0x44,0x47,0x41,0x52,0x44,
    0x45,0x4e,0x45,0x52,0x53,0x00,0x00,0x00,0x48,0x41,0x50,0x50,0x49,0x4e,0x45,0x53,0x53,0x00,0x00,0x00,0x53,0x41,0x56,0x45,
    0x00,0x00,0x00,0x00,0x53,0x54,0x55,0x44,0x41,0x52,0x45,0x41,0x00,0x00,0x00,0x00,0x41,0x50,0x50,0x52,0x41,0x49,0x53,0x41,
    0x4c,0x00,0x00,0x00,0x54,0x4f,0x54,0x43,0x4f,0x56,0x45,0x52,0x41,0x47,0x45,0x00,0x46,0x4f,0x4f,0x44,0x43,0x4f,0x56,0x45,
    0x52,0x41,0x47,0x45,0x00,0x00,0x00,0x00,0x53,0x48,0x4f,0x50,0x43,0x4f,0x56,0x45,0x52,0x41,0x47,0x45,0x00,0x00,0x00,0x00,
    0x52,0x49,0x44,0x45,0x43,0x4f,0x56,0x45,0x52,0x41,0x47,0x45,0x00,0x00,0x00,0x00,0x50,0x41,0x54,0x48,0x53,0x43,0x45,0x4e,
    0x45,0x52,0x59,0x00,0x53,0x43,0x45,0x4e,0x45,0x52,0x59,0x43,0x4f,0x56,0x45,0x52,0x41,0x47,0x45,0x00,0x52,0x49,0x44,0x45,
    0x52,0x53,0x00,0x00,0x52,0x49,0x44,0x45,0x56,0x49,0x53,0x49,0x54,0x4f,0x52,0x53,0x00,0x00,0x00,0x00,0x50,0x41,0x52,0x4b,
    0x56,0x49,0x53,0x49,0x54,0x4f,0x52,0x53,0x00,0x00,0x00,0x00,0x52,0x45,0x53,0x45,0x41,0x52,0x43,0x48,0x00,0x00,0x00,0x00,
    0x54,0x45,0x43,0x48,0x4c,0x45,0x56,0x45,0x4c,0x00,0x00,0x00,0x4c,0x4f,0x4f,0x50,0x43,0x4f,0x4d,0x50,0x4f,0x53,0x49,0x54,
    0x45,0x00,0x00,0x00,0x43,0x4f,0x4d,0x50,0x4f,0x53,0x49,0x54,0x45,0x00,0x00,0x00,0x52,0x45,0x4d,0x4f,0x56,0x45,0x52,0x41,
    0x4e,0x47,0x45,0x00,0x52,0x45,0x4d,0x4f,0x56,0x45,0x00,0x00,0x43,0x4c,0x45,0x41,0x52,0x41,0x52,0x45,0x41,0x00,0x00,0x00,
    0x52,0x41,0x4e,0x47,0x45,0x00,0x00,0x00,0x4c,0x49,0x4e,0x4b,0x00,0x00,0x00,0x00,0x43,0x4f,0x4e,0x4e,0x45,0x43,0x54,0x00,
    0x4e,0x45,0x45,0x44,0x49,0x4e,0x00,0x00,0x4e,0x45,0x45,0x44,0x41,0x54,0x00,0x00,0x4e,0x45,0x45,0x44,0x00,0x00,0x00,0x00,
    0x49,0x4e,0x54,0x52,0x4f,0x00,0x00,0x00,0x50,0x52,0x4f,0x4d,0x50,0x54,0x00,0x00,0x46,0x4c,0x41,0x53,0x48,0x42,0x55,0x54,
    0x54,0x4f,0x46,0x46,0x00,0x00,0x00,0x00,0x46,0x4c,0x41,0x53,0x48,0x42,0x55,0x54,0x54,0x4f,0x4e,0x00,0x43,0x41,0x50,0x41,
    0x43,0x49,0x54,0x59,0x43,0x41,0x50,0x00,0x43,0x41,0x50,0x41,0x43,0x49,0x54,0x59,0x53,0x43,0x41,0x4c,0x45,0x00,0x00,0x00,
    0x48,0x41,0x50,0x5f,0x46,0x41,0x43,0x54,0x4f,0x52,0x00,0x00,0x4d,0x41,0x58,0x42,0x4c,0x4f,0x4b,0x45,0x53,0x00,0x00,0x00,
    0x57,0x4f,0x52,0x4b,0x45,0x52,0x53,0x00,0x4d,0x45,0x43,0x48,0x41,0x4e,0x49,0x43,0x00,0x00,0x00,0x00,0x47,0x41,0x52,0x44,
    0x45,0x4e,0x45,0x52,0x00,0x00,0x00,0x00,0x42,0x4c,0x55,0x45,0x50,0x52,0x49,0x4e,0x54,0x00,0x00,0x00,0x48,0x49,0x4e,0x54,
    0x53,0x46,0x49,0x4c,0x45,0x00,0x00,0x00,0x42,0x52,0x49,0x45,0x46,0x49,0x4e,0x47,0x46,0x49,0x4c,0x45,0x00,0x00,0x00,0x00,
    0x42,0x52,0x45,0x49,0x46,0x49,0x4e,0x47,0x46,0x49,0x4c,0x45,0x00,0x00,0x00,0x00,0x4c,0x4f,0x4f,0x4b,0x41,0x54,0x00,0x00,
    0x48,0x41,0x50,0x50,0x49,0x4e,0x45,0x53,0x53,0x5f,0x45,0x4e,0x56,0x00,0x00,0x00,0x43,0x55,0x52,0x52,0x45,0x4e,0x43,0x59,
    0x00,0x00,0x00,0x00,0x45,0x4e,0x41,0x42,0x4c,0x45,0x00,0x00,0x4c,0x4f,0x41,0x44,0x00,0x00,0x00,0x00,0x5b,0x45,0x4e,0x44,
    0x5d,0x00,0x00,0x00,0x5b,0x52,0x45,0x57,0x41,0x52,0x44,0x5d,0x00,0x00,0x00,0x00,0x5b,0x52,0x45,0x4d,0x49,0x4e,0x44,0x45,
    0x52,0x5d,0x00,0x00,0x5b,0x50,0x45,0x52,0x4d,0x41,0x4e,0x45,0x4e,0x54,0x5d,0x00,0x5b,0x4f,0x4e,0x47,0x4f,0x49,0x4e,0x47,
    0x5d,0x00,0x00,0x00,0x5b,0x4f,0x4e,0x45,0x4f,0x46,0x46,0x5d,0x00,0x00,0x00,0x00,0x5b,0x4f,0x42,0x4a,0x45,0x43,0x54,0x49,
    0x56,0x45,0x5d,0x00,0x5b,0x49,0x4e,0x49,0x54,0x5d,0x00,0x00,0x41,0x47,0x45,0x53,0x00,0x00,0x00,0x00,0x6e,0x6f,0x6e,0x65,
    0x00,0x00,0x00,0x00,0x4f,0x50,0x54,0x49,0x4f,0x4e,0x53,0x00,0x46,0x6f,0x6f,0x64,0x73,0x68,0x6f,0x70,0x00,0x00,0x00,0x00,
    0x53,0x68,0x6f,0x70,0x00,0x00,0x00,0x00,0x53,0x74,0x6f,0x70,0x4c,0x6f,0x6f,0x6b,0x00,0x00,0x00,0x00,0x53,0x63,0x65,0x6e,
    0x65,0x72,0x79,0x00,0x52,0x69,0x64,0x65,0x00,0x00,0x00,0x00,0x46,0x61,0x76,0x65,0x52,0x69,0x64,0x65,0x00,0x00,0x00,0x00,
    0x46,0x6f,0x6f,0x64,0x00,0x00,0x00,0x00,0x46,0x61,0x76,0x65,0x46,0x6f,0x6f,0x64,0x00,0x00,0x00,0x00,0x42,0x6f,0x72,0x64,
    0x6f,0x6d,0x00,0x00,0x53,0x65,0x65,0x52,0x69,0x64,0x65,0x00,0x53,0x65,0x65,0x53,0x68,0x6f,0x70,0x00,0x53,0x65,0x65,0x53,
    0x74,0x6f,0x70,0x4e,0x4c,0x6f,0x6f,0x6b,0x00,0x00,0x00,0x00,0x53,0x65,0x65,0x53,0x63,0x65,0x6e,0x65,0x72,0x79,0x00,0x00,
    0x53,0x65,0x65,0x42,0x6f,0x72,0x64,0x65,0x72,0x00,0x00,0x00,0x52,0x69,0x64,0x65,0x42,0x72,0x6f,0x6b,0x65,0x6e,0x00,0x00,
    0x52,0x69,0x64,0x65,0x46,0x75,0x6c,0x6c,0x00,0x00,0x00,0x00,0x53,0x54,0x55,0x44,0x44,0x45,0x44,0x00,0x57,0x4f,0x52,0x4b,
    0x49,0x4e,0x47,0x5f,0x52,0x49,0x44,0x45,0x53,0x00,0x00,0x00,0x50,0x4f,0x57,0x45,0x52,0x00,0x00,0x00,0x48,0x55,0x4e,0x47,
    0x52,0x59,0x5f,0x56,0x49,0x53,0x00,0x00,0x48,0x41,0x50,0x50,0x50,0x59,0x5f,0x56,0x49,0x53,0x00,0x00,0x4e,0x55,0x4d,0x5f,
    0x56,0x49,0x53,0x00,0x56,0x41,0x52,0x5f,0x53,0x48,0x4f,0x50,0x53,0x00,0x00,0x00,0x4e,0x55,0x4d,0x5f,0x53,0x48,0x4f,0x50,
    0x53,0x00,0x00,0x00,0x56,0x41,0x52,0x5f,0x46,0x4f,0x4f,0x44,0x00,0x00,0x00,0x00,0x4e,0x55,0x4d,0x5f,0x46,0x4f,0x4f,0x44,
    0x00,0x00,0x00,0x00,0x43,0x4f,0x56,0x5f,0x53,0x43,0x45,0x4e,0x45,0x52,0x59,0x00,0x56,0x41,0x52,0x5f,0x53,0x43,0x45,0x4e,
    0x45,0x52,0x59,0x00,0x4e,0x55,0x4d,0x5f,0x53,0x43,0x45,0x4e,0x45,0x52,0x59,0x00,0x52,0x49,0x44,0x45,0x5f,0x41,0x43,0x43,
    0x45,0x53,0x53,0x00,0x56,0x41,0x52,0x5f,0x41,0x54,0x54,0x52,0x41,0x43,0x54,0x49,0x4f,0x4e,0x53,0x00,0x4e,0x55,0x4d,0x5f,
    0x41,0x54,0x54,0x52,0x41,0x43,0x54,0x49,0x4f,0x4e,0x53,0x00,0x4a,0x43,0x52,0x55,0x49,0x53,0x45,0x00,0x42,0x53,0x43,0x48,
    0x4f,0x4f,0x4c,0x00,0x4c,0x46,0x4c,0x55,0x4d,0x45,0x00,0x00,0x44,0x53,0x43,0x48,0x4f,0x4f,0x4c,0x00,0x43,0x4f,0x41,0x53,
    0x54,0x45,0x52,0x00,0x5a,0x4f,0x4e,0x45,0x5f,0x57,0x45,0x53,0x00,0x00,0x00,0x00,0x5a,0x4f,0x4e,0x45,0x5f,0x4d,0x45,0x44,
    0x00,0x00,0x00,0x00,0x5a,0x4f,0x4e,0x45,0x5f,0x41,0x44,0x56,0x00,0x00,0x00,0x00,0x5a,0x4f,0x4e,0x45,0x5f,0x4c,0x4c,0x00,
    0x46,0x72,0x65,0x65,0x50,0x6c,0x61,0x79,0x41,0x74,0x45,0x6e,0x64,0x00,0x00,0x00,0x43,0x61,0x70,0x61,0x63,0x69,0x74,0x79,
    0x43,0x61,0x6c,0x63,0x00,0x00,0x00,0x00,0x4d,0x6f,0x6e,0x65,0x79,0x42,0x61,0x72,0x00,0x00,0x00,0x00,0x41,0x64,0x76,0x5f,
    0x54,0x75,0x6e,0x65,0x00,0x00,0x00,0x00,0x41,0x75,0x74,0x6f,0x72,0x65,0x70,0x61,0x69,0x72,0x00,0x00,0x49,0x6e,0x73,0x70,
    0x65,0x63,0x74,0x6f,0x72,0x00,0x00,0x00,0x48,0x75,0x6e,0x67,0x65,0x72,0x00,0x00,0x45,0x6e,0x65,0x72,0x67,0x79,0x00,0x00,
    0x41,0x75,0x74,0x6f,0x53,0x74,0x75,0x64,0x00,0x00,0x00,0x00,0x50,0x6c,0x61,0x6e,0x74,0x57,0x65,0x61,0x72,0x00,0x00,0x00,
    0x52,0x69,0x64,0x65,0x57,0x65,0x61,0x72,0x00,0x00,0x00,0x00,0x54,0x65,0x72,0x72,0x61,0x63,0x65,0x73,0x00,0x00,0x00,0x00,
    0x4d,0x41,0x50,0x00,0x50,0x41,0x54,0x48,0x00,0x00,0x00,0x00,0x45,0x52,0x41,0x53,0x45,0x00,0x00,0x00,0x42,0x55,0x49,0x4c,
    0x44,0x00,0x00,0x00,0x51,0x55,0x45,0x52,0x59,0x00,0x00,0x00,0x52,0x65,0x73,0x65,0x61,0x72,0x63,0x68,0x00,0x00,0x00,0x00,
    0x42,0x75,0x69,0x6c,0x64,0x00,0x00,0x00,0x4e,0x4f,0x4e,0x45,0x00,0x00,0x00,0x00,0x57,0x45,0x53,0x54,0x45,0x52,0x4e,0x00,
    0x43,0x41,0x53,0x54,0x4c,0x45,0x00,0x00,0x41,0x44,0x56,0x45,0x4e,0x54,0x55,0x52,0x45,0x52,0x00,0x00,0x53,0x63,0x72,0x69,
    0x70,0x74,0x73,0x5c,0x00,0x00,0x00,0x00,0x63,0x68,0x65,0x63,0x6b,0x00,0x00,0x00,0x20,0x2c,0x3b,0x3a,0x28,0x29,0x7b,0x7d,
    0xa0,0x0a,0x09,0x00,0x55,0x6e,0x69,0x6e,0x69,0x74,0x69,0x61,0x6c,0x69,0x73,0x65,0x64,0x00,0x00,0x00,0x43,0x6c,0x6f,0x73,
    0x65,0x64,0x00,0x00,0x41,0x4c,0x4c,0x00,0x3b,0x00,0x00,0x00,0x4e,0x4f,0x50,0x4f,0x50,0x55,0x50,0x00,0x48,0x61,0x70,0x70,
    0x70,0x79,0x5f,0x56,0x69,0x73,0x00,0x00,0x48,0x41,0x50,0x50,0x59,0x5f,0x56,0x49,0x53,0x00,0x00,0x00,0x6f,0x66,0x66,0x00,
    0x7f,0x00,0x00,0x00,0x65,0x6e,0x67,0x6c,0x69,0x73,0x68,0x00,0x00,0x00,0x00,0x00,0x00,0x00,0x00,0x00,0x00,0x00,0x00,0x00,
    0x00,0x00,0x00,0x00,0x00,0x00,0x00,0x00,0x00,0x00,0x00,0x00,0x00,0x00,0x00,0x00,0x00,0x00,0x00,0x00,0x4c,0x41,0x4e,0x47,
    0x55,0x41,0x47,0x45,0x00,0x00,0x00,0x00,0x4c,0x45,0x47,0x4f,0x4c,0x41,0x4e,0x44,0x2e,0x49,0x43,0x4d,0x00,0x00,0x00,0x00,
    0x4f,0x70,0x65,0x72,0x61,0x74,0x69,0x6f,0x6e,0x20,0x77,0x61,0x73,0x20,0x63,0x61,0x6e,0x63,0x65,0x6c,0x65,0x64,0x2e,0x00,
    0x4e,0x6f,0x20,0x66,0x69,0x6c,0x65,0x20,0x6e,0x61,0x6d,0x65,0x20,0x77,0x61,0x73,0x20,0x67,0x69,0x76,0x65,0x6e,0x2e,0x00,
    0x4e,0x6f,0x20,0x69,0x64,0x65,0x6e,0x74,0x69,0x66,0x69,0x63,0x61,0x74,0x69,0x6f,0x6e,0x20,0x6b,0x65,0x79,0x20,0x77,0x61,
    0x73,0x20,0x67,0x69,0x76,0x65,0x6e,0x2e,0x00,0x00,0x00,0x00,0x54,0x68,0x65,0x20,0x67,0x69,0x76,0x65,0x6e,0x20,0x65,0x6c,
    0x65,0x6d,0x65,0x6e,0x74,0x20,0x63,0x6f,0x75,0x6c,0x64,0x20,0x6e,0x6f,0x74,0x20,0x62,0x65,0x20,0x66,0x6f,0x75,0x6e,0x64,
    0x2e,0x00,0x00,0x00,0x4c,0x45,0x47,0x4f,0x4c,0x41,0x4e,0x44,0x2e,0x49,0x43,0x4d,0x20,0x63,0x6f,0x75,0x6c,0x64,0x20,0x6e,
    0x6f,0x74,0x20,0x62,0x65,0x20,0x63,0x72,0x65,0x61,0x74,0x65,0x64,0x20,0x6f,0x72,0x20,0x75,0x70,0x64,0x61,0x74,0x65,0x64,
    0x2e,0x00,0x00,0x00,0x41,0x6e,0x20,0x65,0x6c,0x65,0x6d,0x65,0x6e,0x74,0x20,0x6f,0x66,0x20,0x74,0x68,0x65,0x20,0x73,0x61,
    0x6d,0x65,0x20,0x6e,0x61,0x6d,0x65,0x20,0x61,0x6c,0x72,0x65,0x61,0x64,0x79,0x20,0x65,0x78,0x69,0x73,0x74,0x73,0x2e,0x00,
    0x4c,0x45,0x47,0x4f,0x4c,0x41,0x4e,0x44,0x20,0x49,0x6e,0x73,0x74,0x61,0x6c,0x6c,0x61,0x74,0x69,0x6f,0x6e,0x20,0x26,0x20,
    0x43,0x6f,0x6e,0x66,0x69,0x67,0x75,0x72,0x61,0x74,0x69,0x6f,0x6e,0x20,0x4d,0x61,0x6e,0x61,0x67,0x65,0x72,0x00,0x00,0x00,
    0x4f,0x62,0x6a,0x65,0x63,0x74,0x20,0x43,0x6f,0x6e,0x74,0x72,0x6f,0x6c,0x20,0x44,0x65,0x73,0x63,0x72,0x69,0x70,0x74,0x69,
    0x6f,0x6e,0x00,0x00,0x43,0x6f,0x6e,0x66,0x69,0x67,0x75,0x72,0x61,0x74,0x69,0x6f,0x6e,0x20,0x53,0x74,0x72,0x69,0x6e,0x67,
    0x00,0x00,0x00,0x00,0x47,0x61,0x6d,0x65,0x20,0x44,0x65,0x66,0x69,0x6e,0x65,0x64,0x20,0x53,0x74,0x75,0x62,0x00,0x00,0x00,
    0x49,0x6d,0x61,0x67,0x65,0x20,0x4c,0x69,0x73,0x74,0x00,0x00,0x54,0x65,0x72,0x72,0x61,0x69,0x6e,0x20,0x4d,0x61,0x70,0x00,
    0x4c,0x65,0x76,0x65,0x6c,0x20,0x53,0x74,0x72,0x75,0x63,0x74,0x75,0x72,0x65,0x00,0x54,0x69,0x6c,0x65,0x20,0x53,0x65,0x74,
    0x00,0x00,0x00,0x00,0x54,0x69,0x6c,0x65,0x20,0x4d,0x61,0x70,0x70,0x69,0x6e,0x67,0x00,0x00,0x00,0x00,0x4f,0x62,0x6a,0x65,
    0x63,0x74,0x20,0x44,0x65,0x73,0x63,0x72,0x69,0x70,0x74,0x69,0x6f,0x6e,0x00,0x00,0x54,0x79,0x70,0x65,0x00,0x00,0x00,0x00,
    0x46,0x69,0x6c,0x65,0x00,0x00,0x00,0x00,0x49,0x44,0x00,0x00,0x43,0x6c,0x61,0x73,0x73,0x20,0x25,0x73,0x20,0x68,0x61,0x73,
    0x20,0x4f,0x43,0x5f,0x55,0x53,0x45,0x44,0x4c,0x4c,0x20,0x61,0x74,0x74,0x72,0x69,0x62,0x75,0x74,0x65,0x20,0x61,0x6e,0x64,
    0x20,0x44,0x4c,0x4c,0x20,0x66,0x61,0x69,0x6c,0x65,0x64,0x20,0x74,0x6f,0x20,0x6c,0x6f,0x61,0x64,0x2e,0x00,0x00,0x00,0x00,
    0x43,0x6c,0x61,0x73,0x73,0x20,0x25,0x73,0x20,0x68,0x61,0x73,0x20,0x6e,0x6f,0x20,0x62,0x75,0x69,0x6c,0x64,0x20,0x61,0x6e,
    0x69,0x6d,0x20,0x6e,0x61,0x6d,0x65,0x2e,0x00,0x00,0x00,0x00,0x49,0x6e,0x73,0x74,0x69,0x74,0x75,0x74,0x65,0x49,0x63,0x6f,
    0x6e,0x2e,0x6c,0x6c,0x73,0x00,0x00,0x00,0x43,0x6c,0x61,0x73,0x73,0x20,0x25,0x73,0x20,0x68,0x61,0x73,0x20,0x6e,0x6f,0x20,
    0x69,0x63,0x6f,0x6e,0x20,0x6e,0x61,0x6d,0x65,0x2e,0x00,0x00,0x43,0x6c,0x61,0x73,0x73,0x20,0x25,0x73,0x20,0x68,0x61,0x73,
    0x20,0x6e,0x6f,0x20,0x73,0x70,0x72,0x69,0x74,0x65,0x20,0x6e,0x61,0x6d,0x65,0x2e,0x00,0x00,0x00,0x00,0x4f,0x62,0x6a,0x64,
    0x65,0x73,0x63,0x5c,0x25,0x73,0x00,0x00,0x54,0x69,0x6c,0x65,0x44,0x61,0x74,0x61,0x5c,0x25,0x73,0x00,0x49,0x6d,0x61,0x67,
    0x65,0x44,0x61,0x74,0x61,0x5c,0x25,0x73,0x00,0x00,0x00,0x00,0x43,0x6f,0x6d,0x70,0x53,0x70,0x72,0x69,0x74,0x65,0x5c,0x25,
    0x73,0x00,0x00,0x00,0x54,0x72,0x79,0x69,0x6e,0x67,0x20,0x74,0x6f,0x20,0x61,0x6e,0x69,0x6d,0x61,0x74,0x65,0x20,0x42,0x61,
    0x64,0x20,0x53,0x70,0x72,0x69,0x74,0x65,0x00,0x00,0x00,0x00,0x7f,0x00,0x00,0x00,0x45,0x6e,0x64,0x20,0x4d,0x65,0x61,0x73,
    0x75,0x72,0x65,0x64,0x20,0x42,0x6c,0x6f,0x63,0x6b,0x20,0x31,0x33,0x00,0x00,0x00,0x45,0x6e,0x64,0x20,0x4d,0x65,0x61,0x73,
    0x75,0x72,0x65,0x64,0x20,0x42,0x6c,0x6f,0x63,0x6b,0x20,0x31,0x32,0x00,0x00,0x00,0x42,0x65,0x67,0x69,0x6e,0x20,0x4d,0x65,
    0x61,0x73,0x75,0x72,0x65,0x64,0x20,0x42,0x6c,0x6f,0x63,0x6b,0x20,0x31,0x32,0x00,0x45,0x6e,0x64,0x20,0x4d,0x65,0x61,0x73,
    0x75,0x72,0x65,0x64,0x20,0x42,0x6c,0x6f,0x63,0x6b,0x20,0x31,0x31,0x00,0x00,0x00,0x42,0x65,0x67,0x69,0x6e,0x20,0x4d,0x65,
    0x61,0x73,0x75,0x72,0x65,0x64,0x20,0x56,0x42,0x6c,0x6f,0x63,0x6b,0x20,0x31,0x31,0x00,0x00,0x00,0x00,0x45,0x6e,0x64,0x20,
    0x4d,0x65,0x61,0x73,0x75,0x72,0x65,0x64,0x20,0x42,0x6c,0x6f,0x63,0x6b,0x20,0x31,0x30,0x00,0x00,0x00,0x50,0x61,0x74,0x68,
    0x20,0x52,0x65,0x63,0x74,0x73,0x00,0x00,0x42,0x65,0x67,0x69,0x6e,0x20,0x4d,0x65,0x61,0x73,0x75,0x72,0x65,0x64,0x20,0x42,
    0x6c,0x6f,0x63,0x6b,0x20,0x31,0x30,0x00,0x45,0x6e,0x64,0x20,0x4d,0x65,0x61,0x73,0x75,0x72,0x65,0x64,0x20,0x56,0x42,0x6c,
    0x6f,0x63,0x6b,0x20,0x39,0x00,0x00,0x00,0x52,0x69,0x64,0x65,0x20,0x73,0x70,0x65,0x63,0x69,0x66,0x69,0x63,0x20,0x73,0x61,
    0x76,0x65,0x20,0x64,0x61,0x74,0x61,0x20,0x66,0x6f,0x72,0x20,0x25,0x73,0x00,0x00,0x52,0x69,0x64,0x65,0x20,0x49,0x44,0x20,
    0x66,0x6f,0x72,0x20,0x62,0x6c,0x6f,0x6b,0x65,0x20,0x6f,0x6e,0x20,0x25,0x73,0x00,0x42,0x6c,0x6f,0x6b,0x65,0x20,0x4e,0x75,
    0x6d,0x20,0x66,0x6f,0x72,0x20,0x62,0x6c,0x6f,0x6b,0x65,0x20,0x6f,0x6e,0x20,0x25,0x73,0x00,0x00,0x00,0x4e,0x75,0x6d,0x20,
    0x42,0x6c,0x6f,0x6b,0x65,0x73,0x20,0x4f,0x6e,0x20,0x52,0x69,0x64,0x65,0x20,0x66,0x6f,0x72,0x20,0x6f,0x62,0x6a,0x65,0x63,
    0x74,0x20,0x25,0x73,0x00,0x00,0x00,0x00,0x54,0x69,0x63,0x6b,0x43,0x6f,0x75,0x6e,0x74,0x20,0x66,0x6f,0x72,0x20,0x69,0x6e,
    0x73,0x74,0x61,0x6e,0x63,0x65,0x20,0x6f,0x66,0x20,0x25,0x73,0x00,0x00,0x00,0x00,0x4f,0x62,0x6a,0x75,0x69,0x64,0x20,0x66,
    0x6f,0x72,0x20,0x69,0x6e,0x73,0x74,0x61,0x6e,0x63,0x65,0x20,0x6f,0x66,0x20,0x25,0x73,0x00,0x00,0x00,0x46,0x6c,0x61,0x67,
    0x73,0x20,0x66,0x6f,0x72,0x20,0x69,0x6e,0x73,0x74,0x61,0x6e,0x63,0x65,0x20,0x6f,0x66,0x20,0x25,0x73,0x00,0x00,0x00,0x00,
    0x49,0x6e,0x73,0x74,0x61,0x6e,0x63,0x65,0x20,0x43,0x6f,0x75,0x6e,0x74,0x20,0x66,0x6f,0x72,0x20,0x25,0x73,0x00,0x00,0x00,
    0x43,0x6f,0x75,0x6e,0x74,0x20,0x66,0x6f,0x72,0x20,0x4f,0x62,0x6a,0x65,0x63,0x74,0x20,0x25,0x73,0x00,0x42,0x65,0x65,0x6e,
    0x4f,0x6e,0x20,0x46,0x6c,0x61,0x67,0x73,0x20,0x66,0x6f,0x72,0x20,0x25,0x73,0x20,0x53,0x61,0x76,0x65,0x20,0x46,0x61,0x69,
    0x6c,0x65,0x64,0x00,0x52,0x69,0x64,0x65,0x54,0x6f,0x74,0x61,0x6c,0x00,0x00,0x00,0x42,0x75,0x69,0x6c,0x64,0x4f,0x62,0x6a,
    0x4c,0x69,0x73,0x74,0x20,0x28,0x73,0x69,0x7a,0x65,0x20,0x25,0x64,0x53,0x29,0x20,0x53,0x61,0x76,0x65,0x20,0x46,0x61,0x69,
    0x6c,0x65,0x64,0x00,0x4e,0x75,0x6d,0x20,0x42,0x75,0x69,0x6c,0x64,0x20,0x4f,0x62,0x6a,0x73,0x20,0x28,0x25,0x64,0x29,0x20,
    0x53,0x61,0x76,0x65,0x20,0x46,0x61,0x69,0x6c,0x65,0x64,0x00,0x43,0x61,0x73,0x74,0x6c,0x65,0x20,0x50,0x6c,0x61,0x63,0x65,
    0x64,0x20,0x46,0x6c,0x61,0x67,0x20,0x25,0x73,0x00,0x00,0x00,0x46,0x41,0x4c,0x53,0x45,0x00,0x00,0x00,0x54,0x52,0x55,0x45,
    0x00,0x00,0x00,0x00,0x42,0x65,0x67,0x69,0x6e,0x20,0x4d,0x65,0x61,0x73,0x75,0x72,0x65,0x64,0x20,0x42,0x6c,0x6f,0x63,0x6b,
    0x20,0x39,0x00,0x00,0x45,0x6e,0x64,0x20,0x4d,0x65,0x61,0x73,0x75,0x72,0x65,0x64,0x20,0x42,0x6c,0x6f,0x63,0x6b,0x20,0x38,
    0x00,0x00,0x00,0x00,0x42,0x65,0x67,0x69,0x6e,0x20,0x4d,0x65,0x61,0x73,0x75,0x72,0x65,0x64,0x20,0x42,0x6c,0x6f,0x63,0x6b,
    0x20,0x38,0x00,0x00,0x45,0x6e,0x64,0x20,0x4d,0x65,0x61,0x73,0x75,0x72,0x65,0x64,0x20,0x42,0x6c,0x6f,0x63,0x6b,0x20,0x37,
    0x00,0x00,0x00,0x00,0x42,0x65,0x67,0x69,0x6e,0x20,0x6d,0x65,0x61,0x73,0x75,0x72,0x65,0x64,0x20,0x62,0x6c,0x6f,0x63,0x6b,
    0x20,0x37,0x00,0x00,0x45,0x6e,0x64,0x20,0x4d,0x65,0x61,0x73,0x75,0x72,0x65,0x64,0x20,0x42,0x6c,0x6f,0x63,0x6b,0x20,0x36,
    0x00,0x00,0x00,0x00,0x42,0x65,0x67,0x69,0x6e,0x20,0x4d,0x65,0x61,0x73,0x75,0x72,0x65,0x64,0x20,0x42,0x6c,0x6f,0x63,0x6b,
    0x20,0x36,0x00,0x00,0x45,0x6e,0x64,0x4d,0x65,0x61,0x73,0x75,0x72,0x65,0x64,0x42,0x6c,0x6f,0x63,0x6b,0x35,0x00,0x00,0x00,
    0x42,0x65,0x67,0x69,0x6e,0x20,0x4d,0x65,0x61,0x73,0x75,0x72,0x65,0x64,0x20,0x42,0x6c,0x6f,0x63,0x6b,0x20,0x35,0x00,0x00,
    0x42,0x6c,0x6f,0x6b,0x65,0x20,0x42,0x4e,0x56,0x20,0x70,0x61,0x74,0x68,0x20,0x64,0x61,0x74,0x61,0x20,0x28,0x25,0x64,0x29,
    0x00,0x00,0x00,0x00,0x42,0x6c,0x6f,0x6b,0x65,0x20,0x64,0x61,0x74,0x61,0x20,0x66,0x61,0x69,0x6c,0x65,0x64,0x20,0x28,0x25,
    0x64,0x29,0x00,0x00,0x42,0x6c,0x6f,0x6b,0x65,0x20,0x4e,0x75,0x6d,0x20,0x28,0x64,0x29,0x20,0x53,0x61,0x76,0x65,0x20,0x46,
    0x61,0x69,0x6c,0x65,0x64,0x00,0x00,0x00,0x45,0x6e,0x64,0x4d,0x65,0x61,0x73,0x75,0x72,0x65,0x64,0x20,0x42,0x6c,0x6f,0x63,
    0x6b,0x20,0x34,0x00,0x4e,0x75,0x6d,0x42,0x6c,0x6f,0x6b,0x65,0x73,0x20,0x28,0x25,0x64,0x29,0x20,0x73,0x61,0x76,0x65,0x20,
    0x46,0x61,0x69,0x6c,0x65,0x64,0x00,0x00,0x42,0x65,0x67,0x69,0x6e,0x20,0x4d,0x65,0x61,0x73,0x75,0x72,0x65,0x64,0x20,0x42,
    0x6c,0x6f,0x63,0x6b,0x20,0x34,0x00,0x00,0x45,0x6e,0x64,0x4d,0x65,0x61,0x73,0x75,0x72,0x65,0x64,0x20,0x42,0x6c,0x6f,0x63,
    0x6b,0x20,0x33,0x00,0x42,0x75,0x74,0x74,0x6f,0x6e,0x20,0x66,0x6c,0x61,0x73,0x68,0x20,0x73,0x74,0x61,0x74,0x65,0x73,0x20,
    0x53,0x61,0x76,0x65,0x20,0x46,0x61,0x69,0x6c,0x65,0x64,0x00,0x43,0x75,0x72,0x72,0x65,0x6e,0x63,0x79,0x20,0x53,0x61,0x76,
    0x65,0x20,0x46,0x61,0x69,0x6c,0x65,0x64,0x00,0x00,0x00,0x00,0x52,0x65,0x70,0x6f,0x72,0x74,0x20,0x53,0x61,0x76,0x65,0x20,
    0x46,0x61,0x69,0x6c,0x65,0x64,0x00,0x00,0x53,0x63,0x72,0x69,0x70,0x74,0x73,0x20,0x53,0x61,0x76,0x65,0x20,0x46,0x61,0x69,
    0x6c,0x65,0x64,0x00,0x45,0x64,0x69,0x74,0x4d,0x6f,0x64,0x65,0x20,0x46,0x61,0x69,0x6c,0x65,0x64,0x00,0x53,0x63,0x72,0x6f,
    0x6c,0x6c,0x79,0x20,0x28,0x25,0x64,0x29,0x20,0x46,0x61,0x69,0x6c,0x65,0x64,0x00,0x53,0x63,0x72,0x6f,0x6c,0x6c,0x78,0x20,
    0x28,0x25,0x64,0x29,0x20,0x46,0x61,0x69,0x6c,0x65,0x64,0x00,0x4d,0x61,0x70,0x73,0x74,0x61,0x74,0x73,0x20,0x77,0x72,0x69,
    0x74,0x65,0x20,0x66,0x61,0x69,0x6c,0x65,0x64,0x00,0x00,0x00,0x42,0x65,0x67,0x69,0x6e,0x20,0x4d,0x65,0x61,0x73,0x75,0x72,
    0x65,0x64,0x20,0x62,0x6c,0x6f,0x63,0x6b,0x33,0x20,0x66,0x61,0x69,0x6c,0x65,0x64,0x00,0x00,0x00,0x00,0x46,0x61,0x69,0x6c,
    0x65,0x64,0x20,0x74,0x6f,0x20,0x77,0x72,0x69,0x74,0x65,0x20,0x6d,0x61,0x70,0x69,0x6e,0x66,0x6f,0x20,0x73,0x74,0x72,0x75,
    0x63,0x74,0x20,0x61,0x74,0x20,0x28,0x25,0x64,0x2c,0x25,0x64,0x29,0x00,0x00,0x00,0x46,0x61,0x69,0x6c,0x65,0x64,0x20,0x74,
    0x6f,0x20,0x6c,0x6f,0x63,0x61,0x74,0x65,0x20,0x4f,0x62,0x6a,0x65,0x63,0x74,0x20,0x69,0x6e,0x73,0x74,0x61,0x6e,0x63,0x65,
    0x20,0x61,0x74,0x20,0x28,0x25,0x64,0x2c,0x25,0x64,0x29,0x00,0x45,0x6e,0x64,0x4d,0x65,0x61,0x73,0x75,0x72,0x65,0x64,0x20,
    0x42,0x6c,0x6f,0x63,0x6b,0x32,0x20,0x66,0x61,0x69,0x6c,0x65,0x64,0x00,0x00,0x00,0x48,0x6f,0x73,0x74,0x20,0x43,0x6f,0x6e,
    0x66,0x69,0x67,0x20,0x77,0x72,0x69,0x74,0x65,0x20,0x66,0x61,0x69,0x6c,0x65,0x64,0x00,0x00,0x00,0x00,0x42,0x65,0x67,0x69,
    0x6e,0x20,0x4d,0x65,0x61,0x73,0x75,0x72,0x65,0x64,0x20,0x62,0x6c,0x6f,0x63,0x6b,0x32,0x20,0x66,0x61,0x69,0x6c,0x65,0x64,
    0x00,0x00,0x00,0x00,0x54,0x53,0x46,0x20,0x45,0x6c,0x65,0x6d,0x65,0x6e,0x74,0x20,0x6e,0x61,0x6d,0x65,0x20,0x77,0x72,0x69,
    0x74,0x65,0x72,0x20,0x66,0x61,0x69,0x6c,0x65,0x64,0x20,0x25,0x73,0x00,0x00,0x00,0x54,0x53,0x46,0x20,0x65,0x6c,0x65,0x6d,
    0x65,0x6e,0x74,0x20,0x6c,0x65,0x6e,0x67,0x74,0x68,0x20,0x77,0x72,0x69,0x74,0x65,0x20,0x66,0x61,0x69,0x6c,0x65,0x64,0x20,
    0x25,0x73,0x2c,0x20,0x25,0x64,0x00,0x00,0x45,0x6e,0x64,0x20,0x6d,0x65,0x61,0x73,0x75,0x72,0x65,0x64,0x20,0x62,0x6c,0x6f,
    0x63,0x6b,0x31,0x20,0x66,0x61,0x69,0x6c,0x65,0x64,0x00,0x00,0x46,0x6c,0x61,0x67,0x73,0x20,0x6f,0x66,0x20,0x69,0x6e,0x74,
    0x65,0x72,0x65,0x73,0x74,0x20,0x77,0x72,0x69,0x74,0x65,0x20,0x66,0x61,0x69,0x6c,0x65,0x64,0x20,0x25,0x73,0x00,0x00,0x00,
    0x45,0x6c,0x65,0x6d,0x65,0x6e,0x74,0x20,0x6e,0x61,0x6d,0x65,0x20,0x77,0x72,0x69,0x74,0x65,0x20,0x66,0x61,0x69,0x6c,0x65,
    0x64,0x20,0x25,0x73,0x00,0x00,0x00,0x00,0x54,0x53,0x46,0x20,0x50,0x6f,0x69,0x6e,0x74,0x65,0x72,0x73,0x20,0x77,0x72,0x69,
    0x74,0x65,0x20,0x66,0x61,0x69,0x6c,0x65,0x64,0x00,0x00,0x00,0x4e,0x75,0x6d,0x20,0x65,0x6c,0x65,0x6d,0x65,0x6e,0x74,0x73,
    0x20,0x66,0x61,0x69,0x6c,0x65,0x64,0x00,0x4d,0x65,0x61,0x73,0x75,0x72,0x65,0x64,0x20,0x62,0x6c,0x6f,0x63,0x6b,0x20,0x62,
    0x65,0x67,0x69,0x6e,0x20,0x66,0x61,0x69,0x6c,0x65,0x64,0x00,0x48,0x65,0x61,0x64,0x65,0x72,0x20,0x77,0x72,0x69,0x74,0x65,
    0x20,0x66,0x61,0x69,0x6c,0x65,0x64,0x00,0x55,0x6e,0x6b,0x6e,0x6f,0x77,0x6e,0x20,0x65,0x72,0x72,0x6f,0x72,0x20,0x28,0x25,
    0x64,0x29,0x20,0x6f,0x70,0x65,0x6e,0x6e,0x69,0x6e,0x67,0x20,0x66,0x69,0x6c,0x65,0x20,0x25,0x73,0x0a,0x00,0x00,0x00,0x00,
    0x46,0x69,0x6c,0x65,0x20,0x6f,0x72,0x20,0x70,0x61,0x74,0x68,0x20,0x6e,0x6f,0x74,0x20,0x66,0x6f,0x75,0x6e,0x64,0x20,0x28,
    0x25,0x73,0x29,0x0a,0x00,0x00,0x00,0x00,0x4e,0x6f,0x20,0x6d,0x6f,0x72,0x65,0x20,0x66,0x69,0x6c,0x65,0x20,0x68,0x61,0x6e,
    0x64,0x6c,0x65,0x73,0x20,0x61,0x76,0x61,0x69,0x6c,0x61,0x62,0x6c,0x65,0x20,0x28,0x74,0x6f,0x6f,0x20,0x6d,0x61,0x6e,0x79,
    0x20,0x6f,0x70,0x65,0x6e,0x20,0x66,0x69,0x6c,0x65,0x73,0x29,0x20,0x28,0x25,0x73,0x29,0x0a,0x00,0x00,0x49,0x6e,0x76,0x61,
    0x6c,0x69,0x64,0x20,0x6f,0x66,0x6c,0x61,0x67,0x20,0x6f,0x72,0x20,0x70,0x6d,0x6f,0x64,0x65,0x20,0x61,0x72,0x67,0x75,0x6d,
    0x65,0x6e,0x74,0x20,0x28,0x25,0x73,0x29,0x0a,0x00,0x00,0x00,0x63,0x61,0x6e,0x27,0x74,0x20,0x6f,0x70,0x65,0x6e,0x20,0x72,
    0x65,0x61,0x64,0x2d,0x6f,0x6e,0x6c,0x79,0x20,0x66,0x69,0x6c,0x65,0x20,0x66,0x6f,0x72,0x20,0x77,0x72,0x69,0x74,0x69,0x6e,
    0x67,0x2c,0x20,0x6f,0x72,0x20,0x66,0x69,0x6c,0x65,0x92,0x73,0x20,0x73,0x68,0x61,0x72,0x69,0x6e,0x67,0x20,0x6d,0x6f,0x64,
    0x65,0x20,0x66,0x6f,0x72,0x62,0x69,0x64,0x73,0x20,0x6f,0x70,0x65,0x72,0x61,0x74,0x69,0x6f,0x6e,0x73,0x20,0x28,0x25,0x73,
    0x29,0x0a,0x00,0x00,0x30,0x30,0x30,0x30,0x32,0x20,0x4c,0x45,0x47,0x4f,0x4c,0x41,0x4e,0x44,0x20,0x53,0x61,0x76,0x65,0x20,
    0x47,0x61,0x6d,0x65,0x20,0x56,0x30,0x2e,0x30,0x32,0x20,0x1a,0x00,0x00,0x00,0x00,0x25,0x73,0x0a,0x00,0x78,0x78,0x78,0x78,
    0x78,0x78,0x78,0x78,0x00,0x00,0x00,0x00,0x7f,0x00,0x00,0x00,0x18,0xcc,0x4b,0x00,0x08,0xcc,0x4b,0x00,0xf8,0xcb,0x4b,0x00,
    0x80,0x02,0xe0,0x01,0x08,0x00,0x08,0x00,0x00,0x10,0x00,0x08,0x00,0xf0,0x00,0x78,0x80,0x02,0x54,0x01,0xc0,0x00,0xc0,0x00,
    0x18,0x00,0xf4,0x01,0x00,0x00,0x00,0x00,0x00,0x00,0x20,0x00,0x00,0x10,0x00,0x00,0x00,0x00,0x00,0x00,0x00,0x00,0x00,0x00,
    0x00,0x00,0x00,0x00,0x00,0x00,0x00,0x00,0x00,0x00,0x00,0x00,0x00,0x00,0x00,0x00,0x00,0x00,0x00,0x00,0xb0,0xcb,0x4b,0x00,
    0x47,0x72,0x61,0x70,0x68,0x69,0x63,0x73,0x31,0x2e,0x72,0x65,0x73,0x00,0x00,0x00,0x47,0x72,0x61,0x70,0x68,0x69,0x63,0x73,
    0x32,0x2e,0x72,0x65,0x73,0x00,0x00,0x00,0x4c,0x65,0x67,0x6f,0x6c,0x61,0x6e,0x64,0x2e,0x72,0x65,0x73,0x00,0x00,0x00,0x00,
    0x46,0x69,0x6e,0x69,0x73,0x68,0x65,0x64,0x20,0x73,0x68,0x75,0x74,0x74,0x69,0x6e,0x67,0x20,0x73,0x74,0x75,0x66,0x66,0x20,
    0x64,0x6f,0x77,0x6e,0x00,0x00,0x00,0x00,0x53,0x48,0x4f,0x50,0x53,0x20,0x4d,0x45,0x4e,0x55,0x00,0x00,0x53,0x43,0x45,0x4e,
    0x45,0x52,0x59,0x20,0x4d,0x45,0x4e,0x55,0x00,0x00,0x00,0x00,0x46,0x4f,0x4f,0x44,0x20,0x53,0x54,0x4f,0x52,0x45,0x53,0x20,
    0x4d,0x45,0x4e,0x55,0x00,0x00,0x00,0x00,0x41,0x54,0x54,0x52,0x41,0x43,0x54,0x49,0x4f,0x4e,0x53,0x20,0x4d,0x45,0x4e,0x55,
    0x00,0x00,0x00,0x00,0x71,0x75,0x65,0x73,0x74,0x69,0x6f,0x6e,0x20,0x69,0x74,0x32,0x2e,0x6c,0x6c,0x73,0x00,0x00,0x00,0x00,
    0x71,0x75,0x65,0x73,0x74,0x69,0x6f,0x6e,0x20,0x69,0x74,0x2e,0x6c,0x6c,0x73,0x00,0x72,0x61,0x62,0x20,0x6f,0x76,0x65,0x72,
    0x20,0x69,0x63,0x6f,0x6e,0x32,0x2e,0x6c,0x6c,0x73,0x00,0x00,0x72,0x61,0x62,0x20,0x6f,0x76,0x65,0x72,0x20,0x69,0x63,0x6f,
    0x6e,0x2e,0x6c,0x6c,0x73,0x00,0x00,0x00,0x79,0x65,0x73,0x20,0x62,0x75,0x69,0x6c,0x64,0x2e,0x6c,0x6c,0x73,0x00,0x00,0x00,
    0x6e,0x6f,0x20,0x62,0x75,0x69,0x6c,0x64,0x2e,0x6c,0x6c,0x73,0x00,0x00,0x00,0x00,0x65,0x72,0x61,0x73,0x65,0x20,0x69,0x74,
    0x32,0x2e,0x6c,0x6c,0x73,0x00,0x00,0x00,0x65,0x72,0x61,0x73,0x65,0x20,0x69,0x74,0x2e,0x6c,0x6c,0x73,0x00,0x00,0x00,0x00,
    0x4c,0x45,0x47,0x4f,0x4c,0x41,0x4e,0x44,0x20,0x45,0x72,0x72,0x6f,0x72,0x00,0x00,0x46,0x61,0x69,0x6c,0x65,0x64,0x20,0x74,
    0x6f,0x20,0x6f,0x70,0x65,0x6e,0x20,0x72,0x65,0x73,0x6f,0x75,0x72,0x63,0x65,0x20,0x25,0x73,0x00,0x00,0x6c,0x65,0x67,0x6f,
    0x6c,0x61,0x6e,0x64,0x2e,0x6c,0x6f,0x67,0x00,0x00,0x00,0x00,0x2d,0x6e,0x6f,0x6d,0x75,0x73,0x69,0x63,0x00,0x00,0x00,0x00,
    0x2d,0x6e,0x6f,0x69,0x6e,0x74,0x72,0x6f,0x00,0x00,0x00,0x00,0x42,0x4c,0x54,0x00,0x57,0x49,0x4e,0x44,0x45,0x42,0x55,0x47,
    0x00,0x00,0x00,0x00,0x50,0x72,0x6f,0x67,0x72,0x61,0x6d,0x20,0x61,0x6c,0x72,0x65,0x61,0x64,0x79,0x20,0x72,0x75,0x6e,0x6e,
    0x69,0x6e,0x67,0x2e,0x0a,0x00,0x00,0x00,0x43,0x6f,0x75,0x6c,0x64,0x6e,0x27,0x74,0x20,0x63,0x72,0x65,0x61,0x74,0x65,0x20,
    0x4d,0x75,0x74,0x65,0x78,0x0a,0x00,0x00,0x4c,0x65,0x67,0x6f,0x6c,0x61,0x6e,0x64,0x47,0x61,0x6d,0x65,0x4d,0x75,0x74,0x65,
    0x78,0x00,0x00,0x00,0x7f,0x00,0x00,0x00,0x7f,0x00,0x00,0x00,0x0c,0x5c,0x4b,0x00,0x60,0xce,0x4b,0x00,0xb4,0x4b,0x4b,0x00,
    0x4c,0xce,0x4b,0x00,0xc0,0x80,0x4b,0x00,0x34,0xce,0x4b,0x00,0xb0,0x80,0x4b,0x00,0x0c,0xce,0x4b,0x00,0x6c,0x53,0x4b,0x00,
    0xf4,0xcd,0x4b,0x00,0x42,0x4f,0x41,0x54,0x49,0x4e,0x47,0x20,0x53,0x43,0x48,0x4f,0x4f,0x4c,0x20,0x57,0x41,0x54,0x45,0x52,
    0x3b,0x00,0x00,0x00,0x44,0x52,0x49,0x56,0x49,0x4e,0x47,0x20,0x53,0x43,0x48,0x4f,0x4f,0x4c,0x20,0x52,0x4f,0x41,0x44,0x53,
    0x3b,0x5a,0x45,0x42,0x52,0x41,0x20,0x43,0x52,0x4f,0x53,0x53,0x49,0x4e,0x47,0x3b,0x00,0x00,0x00,0x00,0x4a,0x55,0x4e,0x47,
    0x4c,0x45,0x20,0x43,0x52,0x55,0x49,0x53,0x45,0x20,0x57,0x41,0x54,0x45,0x52,0x3b,0x00,0x00,0x00,0x00,0x4c,0x4f,0x47,0x20,
    0x46,0x4c,0x55,0x4d,0x45,0x20,0x54,0x52,0x41,0x43,0x4b,0x3b,0x00,0x00,0x00,0x00,0x43,0x41,0x53,0x54,0x4c,0x45,0x5f,0x44,
    0x55,0x4d,0x4d,0x59,0x3b,0x52,0x4f,0x4c,0x4c,0x45,0x52,0x20,0x43,0x4f,0x41,0x53,0x54,0x45,0x52,0x20,0x54,0x52,0x41,0x43,
    0x4b,0x3b,0x53,0x51,0x55,0x41,0x52,0x45,0x5f,0x54,0x52,0x41,0x43,0x4b,0x3b,0x00,0x57,0x61,0x74,0x65,0x72,0x20,0x57,0x6f,
    0x72,0x6b,0x73,0x20,0x53,0x68,0x6f,0x77,0x65,0x72,0x00,0x00,0x2e,0x5c,0x64,0x6c,0x6c,0x73,0x5c,0x25,0x73,0x2e,0x64,0x6c,
    0x6c,0x00,0x00,0x00,0x00,0x00,0x00,0x00,0x7f,0x00,0x00,0x00,0x00,0x00,0x00,0x00,0x0a,0x00,0x00,0x00,0x14,0x00,0x00,0x00,
    0x7f,0x00,0x00,0x00,0xac,0xdc,0x4b,0x00,0xa0,0xdc,0x4b,0x00,0x98,0xdc,0x4b,0x00,0x90,0xdc,0x4b,0x00,0x88,0xdc,0x4b,0x00,
    0x7c,0xdc,0x4b,0x00,0x74,0xdc,0x4b,0x00,0x6c,0xdc,0x4b,0x00,0x64,0xdc,0x4b,0x00,0x5c,0xdc,0x4b,0x00,0x54,0xdc,0x4b,0x00,
    0x48,0xdc,0x4b,0x00,0x40,0xdc,0x4b,0x00,0x38,0xdc,0x4b,0x00,0x30,0xdc,0x4b,0x00,0x28,0xdc,0x4b,0x00,0x20,0xdc,0x4b,0x00,
    0x18,0xdc,0x4b,0x00,0x10,0xdc,0x4b,0x00,0x08,0xdc,0x4b,0x00,0x00,0xdc,0x4b,0x00,0xf8,0xdb,0x4b,0x00,0xf0,0xdb,0x4b,0x00,
    0xe8,0xdb,0x4b,0x00,0xe0,0xdb,0x4b,0x00,0xd8,0xdb,0x4b,0x00,0xd0,0xdb,0x4b,0x00,0xc8,0xdb,0x4b,0x00,0xc0,0xdb,0x4b,0x00,
    0xb8,0xdb,0x4b,0x00,0xb0,0xdb,0x4b,0x00,0xa8,0xdb,0x4b,0x00,0xa0,0xdb,0x4b,0x00,0x98,0xdb,0x4b,0x00,0x94,0xdb,0x4b,0x00,
    0x8c,0xdb,0x4b,0x00,0x88,0xdb,0x4b,0x00,0x80,0xdb,0x4b,0x00,0x7c,0xdb,0x4b,0x00,0x74,0xdb,0x4b,0x00,0x6c,0xdb,0x4b,0x00,
    0x68,0xdb,0x4b,0x00,0x60,0xdb,0x4b,0x00,0x54,0xdb,0x4b,0x00,0x4c,0xdb,0x4b,0x00,0x44,0xdb,0x4b,0x00,0x3c,0xdb,0x4b,0x00,
    0x34,0xdb,0x4b,0x00,0x2c,0xdb,0x4b,0x00,0x24,0xdb,0x4b,0x00,0x1c,0xdb,0x4b,0x00,0x10,0xdb,0x4b,0x00,0x08,0xdb,0x4b,0x00,
    0x00,0xdb,0x4b,0x00,0xf8,0xda,0x4b,0x00,0xf0,0xda,0x4b,0x00,0xe8,0xda,0x4b,0x00,0xe0,0xda,0x4b,0x00,0xdc,0xda,0x4b,0x00,
    0xd4,0xda,0x4b,0x00,0xcc,0xda,0x4b,0x00,0xc8,0xda,0x4b,0x00,0xc0,0xda,0x4b,0x00,0xb8,0xda,0x4b,0x00,0xb0,0xda,0x4b,0x00,
    0xa8,0xda,0x4b,0x00,0xa0,0xda,0x4b,0x00,0x98,0xda,0x4b,0x00,0x90,0xda,0x4b,0x00,0x88,0xda,0x4b,0x00,0x80,0xda,0x4b,0x00,
    0x78,0xda,0x4b,0x00,0x70,0xda,0x4b,0x00,0x68,0xda,0x4b,0x00,0x60,0xda,0x4b,0x00,0x58,0xda,0x4b,0x00,0x54,0xda,0x4b,0x00,
    0x4c,0xda,0x4b,0x00,0x48,0xda,0x4b,0x00,0x40,0xda,0x4b,0x00,0x38,0xda,0x4b,0x00,0x30,0xda,0x4b,0x00,0x28,0xda,0x4b,0x00,
    0x20,0xda,0x4b,0x00,0x18,0xda,0x4b,0x00,0x10,0xda,0x4b,0x00,0x08,0xda,0x4b,0x00,0x00,0xda,0x4b,0x00,0xf8,0xd9,0x4b,0x00,
    0xf0,0xd9,0x4b,0x00,0xe8,0xd9,0x4b,0x00,0xdc,0xd9,0x4b,0x00,0xd0,0xd9,0x4b,0x00,0xc8,0xd9,0x4b,0x00,0xbc,0xd9,0x4b,0x00,
    0xb4,0xd9,0x4b,0x00,0xa8,0xd9,0x4b,0x00,0xa0,0xd9,0x4b,0x00,0x98,0xd9,0x4b,0x00,0x90,0xd9,0x4b,0x00,0x88,0xd9,0x4b,0x00,
    0x7c,0xd9,0x4b,0x00,0x74,0xd9,0x4b,0x00,0x6c,0xd9,0x4b,0x00,0x64,0xd9,0x4b,0x00,0x5c,0xd9,0x4b,0x00,0x54,0xd9,0x4b,0x00,
    0x4c,0xd9,0x4b,0x00,0x44,0xd9,0x4b,0x00,0x3c,0xd9,0x4b,0x00,0x34,0xd9,0x4b,0x00,0x2c,0xd9,0x4b,0x00,0x24,0xd9,0x4b,0x00,
    0x1c,0xd9,0x4b,0x00,0x14,0xd9,0x4b,0x00,0x0c,0xd9,0x4b,0x00,0x04,0xd9,0x4b,0x00,0xfc,0xd8,0x4b,0x00,0xf4,0xd8,0x4b,0x00,
    0xf0,0xd8,0x4b,0x00,0xe8,0xd8,0x4b,0x00,0xe0,0xd8,0x4b,0x00,0xd8,0xd8,0x4b,0x00,0xd0,0xd8,0x4b,0x00,0xc8,0xd8,0x4b,0x00,
    0xc0,0xd8,0x4b,0x00,0xb8,0xd8,0x4b,0x00,0xb0,0xd8,0x4b,0x00,0xa8,0xd8,0x4b,0x00,0xa0,0xd8,0x4b,0x00,0x98,0xd8,0x4b,0x00,
    0x8c,0xd8,0x4b,0x00,0x84,0xd8,0x4b,0x00,0x7c,0xd8,0x4b,0x00,0x74,0xd8,0x4b,0x00,0x68,0xd8,0x4b,0x00,0x5c,0xd8,0x4b,0x00,
    0x54,0xd8,0x4b,0x00,0x48,0xd8,0x4b,0x00,0x40,0xd8,0x4b,0x00,0x38,0xd8,0x4b,0x00,0x30,0xd8,0x4b,0x00,0x28,0xd8,0x4b,0x00,
    0x20,0xd8,0x4b,0x00,0x14,0xd8,0x4b,0x00,0x0c,0xd8,0x4b,0x00,0x00,0xd8,0x4b,0x00,0xf8,0xd7,0x4b,0x00,0xf0,0xd7,0x4b,0x00,
    0xe8,0xd7,0x4b,0x00,0xe0,0xd7,0x4b,0x00,0xd8,0xd7,0x4b,0x00,0xd0,0xd7,0x4b,0x00,0xc8,0xd7,0x4b,0x00,0xc0,0xd7,0x4b,0x00,
    0xb8,0xd7,0x4b,0x00,0xac,0xd7,0x4b,0x00,0xa4,0xd7,0x4b,0x00,0x9c,0xd7,0x4b,0x00,0x94,0xd7,0x4b,0x00,0x8c,0xd7,0x4b,0x00,
    0x84,0xd7,0x4b,0x00,0x7c,0xd7,0x4b,0x00,0x74,0xd7,0x4b,0x00,0x6c,0xd7,0x4b,0x00,0x68,0xd7,0x4b,0x00,0x60,0xd7,0x4b,0x00,
    0x58,0xd7,0x4b,0x00,0x50,0xd7,0x4b,0x00,0x48,0xd7,0x4b,0x00,0x44,0xd7,0x4b,0x00,0x38,0xd7,0x4b,0x00,0x30,0xd7,0x4b,0x00,
    0x28,0xd7,0x4b,0x00,0x20,0xd7,0x4b,0x00,0x18,0xd7,0x4b,0x00,0x0c,0xd7,0x4b,0x00,0x04,0xd7,0x4b,0x00,0xf8,0xd6,0x4b,0x00,
    0xf0,0xd6,0x4b,0x00,0xe8,0xd6,0x4b,0x00,0xe0,0xd6,0x4b,0x00,0xd8,0xd6,0x4b,0x00,0xcc,0xd6,0x4b,0x00,0xc4,0xd6,0x4b,0x00,
    0xbc,0xd6,0x4b,0x00,0xb0,0xd6,0x4b,0x00,0xa8,0xd6,0x4b,0x00,0xa0,0xd6,0x4b,0x00,0x98,0xd6,0x4b,0x00,0x90,0xd6,0x4b,0x00,
    0x84,0xd6,0x4b,0x00,0x7c,0xd6,0x4b,0x00,0x70,0xd6,0x4b,0x00,0x68,0xd6,0x4b,0x00,0x60,0xd6,0x4b,0x00,0x54,0xd6,0x4b,0x00,
    0x48,0xd6,0x4b,0x00,0x40,0xd6,0x4b,0x00,0x38,0xd6,0x4b,0x00,0x2c,0xd6,0x4b,0x00,0x20,0xd6,0x4b,0x00,0x18,0xd6,0x4b,0x00,
    0x10,0xd6,0x4b,0x00,0x08,0xd6,0x4b,0x00,0x00,0xd6,0x4b,0x00,0xfc,0xd5,0x4b,0x00,0xf4,0xd5,0x4b,0x00,0xec,0xd5,0x4b,0x00,
    0xe4,0xd5,0x4b,0x00,0xd4,0xd5,0x4b,0x00,0xcc,0xd5,0x4b,0x00,0xc4,0xd5,0x4b,0x00,0xbc,0xd5,0x4b,0x00,0xb4,0xd5,0x4b,0x00,
    0xac,0xd5,0x4b,0x00,0xa4,0xd5,0x4b,0x00,0x9c,0xd5,0x4b,0x00,0x94,0xd5,0x4b,0x00,0x88,0xd5,0x4b,0x00,0x80,0xd5,0x4b,0x00,
    0x78,0xd5,0x4b,0x00,0x70,0xd5,0x4b,0x00,0x68,0xd5,0x4b,0x00,0x5c,0xd5,0x4b,0x00,0x50,0xd5,0x4b,0x00,0x44,0xd5,0x4b,0x00,
    0x3c,0xd5,0x4b,0x00,0x34,0xd5,0x4b,0x00,0x2c,0xd5,0x4b,0x00,0x20,0xd5,0x4b,0x00,0x18,0xd5,0x4b,0x00,0x10,0xd5,0x4b,0x00,
    0x08,0xd5,0x4b,0x00,0x00,0xd5,0x4b,0x00,0xf8,0xd4,0x4b,0x00,0xf0,0xd4,0x4b,0x00,0xe8,0xd4,0x4b,0x00,0xe0,0xd4,0x4b,0x00,
    0xd8,0xd4,0x4b,0x00,0xd0,0xd4,0x4b,0x00,0xc4,0xd4,0x4b,0x00,0xbc,0xd4,0x4b,0x00,0xb4,0xd4,0x4b,0x00,0xac,0xd4,0x4b,0x00,
    0xa4,0xd4,0x4b,0x00,0x9c,0xd4,0x4b,0x00,0xdc,0xda,0x4b,0x00,0x90,0xd4,0x4b,0x00,0x84,0xd4,0x4b,0x00,0x7c,0xd4,0x4b,0x00,
    0x70,0xd4,0x4b,0x00,0x68,0xd4,0x4b,0x00,0x60,0xd4,0x4b,0x00,0x50,0xd4,0x4b,0x00,0x48,0xd4,0x4b,0x00,0x40,0xd4,0x4b,0x00,
    0x40,0xd4,0x4b,0x00,0x34,0xd4,0x4b,0x00,0x2c,0xd4,0x4b,0x00,0x24,0xd4,0x4b,0x00,0x1c,0xd4,0x4b,0x00,0x14,0xd4,0x4b,0x00,
    0x0c,0xd4,0x4b,0x00,0x04,0xd4,0x4b,0x00,0xfc,0xd3,0x4b,0x00,0xf4,0xd3,0x4b,0x00,0xec,0xd3,0x4b,0x00,0xe4,0xd3,0x4b,0x00,
    0xdc,0xd3,0x4b,0x00,0xd0,0xd3,0x4b,0x00,0x38,0xda,0x4b,0x00,0xc8,0xd3,0x4b,0x00,0xc0,0xd3,0x4b,0x00,0xb8,0xd3,0x4b,0x00,
    0xb0,0xd3,0x4b,0x00,0xa4,0xd3,0x4b,0x00,0x9c,0xd3,0x4b,0x00,0x94,0xd3,0x4b,0x00,0x8c,0xd3,0x4b,0x00,0x4b,0xff,0x4b,0xff,
    0x00,0x00,0x00,0xff,0xb5,0x00,0x4b,0xff,0x00,0x01,0x00,0x00,0xb5,0x00,0xb5,0x00,0x00,0x00,0x00,0x01,0x4b,0xff,0xb5,0x00,
    0x00,0xff,0x00,0x00,0xa0,0x38,0x48,0x00,0xc0,0x38,0x48,0x00,0xf0,0x3e,0x48,0x00,0x90,0x40,0x48,0x00,0x10,0x3d,0x48,0x00,
    0xe0,0x38,0x48,0x00,0x20,0x42,0x48,0x00,0xd0,0x45,0x48,0x00,0x30,0x46,0x48,0x00,0x90,0x47,0x48,0x00,0x20,0x3e,0x48,0x00,
    0x70,0x44,0x48,0x00,0x20,0x45,0x48,0x00,0xe0,0x48,0x48,0x00,0x90,0x3d,0x48,0x00,0x50,0x43,0x48,0x00,0x5a,0x65,0x6e,0x6e,
    0x6f,0x6e,0x00,0x00,0x59,0x61,0x74,0x65,0x73,0x00,0x00,0x00,0x57,0x72,0x69,0x67,0x68,0x74,0x00,0x00,0x57,0x69,0x6c,0x6c,
    0x69,0x61,0x6d,0x73,0x00,0x00,0x00,0x00,0x57,0x68,0x69,0x74,0x65,0x00,0x00,0x00,0x57,0x65,0x73,0x74,0x00,0x00,0x00,0x00,
    0x57,0x61,0x72,0x65,0x00,0x00,0x00,0x00,0x57,0x61,0x72,0x64,0x00,0x00,0x00,0x00,0x55,0x70,0x63,0x68,0x75,0x72,0x63,0x68,
    0x00,0x00,0x00,0x00,0x54,0x75,0x72,0x6e,0x65,0x72,0x00,0x00,0x54,0x72,0x65,0x64,0x6f,0x75,0x78,0x00,0x54,0x69,0x6c,0x6c,
    0x73,0x6f,0x6e,0x00,0x54,0x68,0x6f,0x72,0x6c,0x65,0x79,0x00,0x54,0x68,0x61,0x63,0x6b,0x65,0x72,0x00,0x54,0x65,0x61,0x74,
    0x68,0x65,0x72,0x00,0x54,0x61,0x79,0x6c,0x6f,0x72,0x00,0x00,0x54,0x61,0x72,0x62,0x65,0x6c,0x6c,0x00,0x53,0x77,0x69,0x6e,
    0x68,0x6f,0x65,0x00,0x53,0x75,0x6d,0x6e,0x65,0x72,0x00,0x00,0x53,0x74,0x65,0x61,0x64,0x00,0x00,0x00,0x53,0x74,0x65,0x70,
    0x68,0x65,0x6e,0x73,0x00,0x00,0x00,0x00,0x53,0x6d,0x69,0x74,0x68,0x00,0x00,0x00,0x53,0x69,0x6d,0x6d,0x6f,0x6e,0x73,0x00,
    0x53,0x68,0x75,0x74,0x74,0x6c,0x65,0x77,0x6f,0x72,0x74,0x68,0x00,0x00,0x00,0x00,0x53,0x68,0x69,0x65,0x6c,0x64,0x73,0x00,
    0x53,0x68,0x61,0x72,0x70,0x65,0x00,0x00,0x53,0x63,0x6f,0x74,0x66,0x6f,0x72,0x64,0x00,0x00,0x00,0x00,0x53,0x63,0x61,0x72,
    0x6e,0x65,0x00,0x00,0x52,0x69,0x63,0x68,0x6d,0x6f,0x6e,0x64,0x00,0x00,0x00,0x00,0x52,0x69,0x63,0x68,0x61,0x72,0x64,0x73,
    0x6f,0x6e,0x00,0x00,0x52,0x61,0x62,0x6a,0x6f,0x68,0x6e,0x00,0x51,0x75,0x69,0x67,0x6c,0x65,0x79,0x00,0x50,0x75,0x67,0x68,
    0x00,0x00,0x00,0x00,0x50,0x72,0x69,0x63,0x65,0x00,0x00,0x00,0x50,0x6f,0x74,0x65,0x6e,0x74,0x65,0x00,0x50,0x68,0x69,0x6c,
    0x6c,0x69,0x70,0x73,0x00,0x00,0x00,0x00,0x50,0x68,0x65,0x6c,0x61,0x6e,0x00,0x00,0x50,0x65,0x72,0x6b,0x73,0x00,0x00,0x00,
    0x50,0x61,0x73,0x68,0x6c,0x65,0x79,0x00,0x50,0x61,0x72,0x6b,0x73,0x00,0x00,0x00,0x50,0x61,0x6c,0x6d,0x65,0x72,0x00,0x00,
    0x4f,0x67,0x69,0x6c,0x76,0x79,0x00,0x00,0x4e,0x6f,0x72,0x72,0x69,0x73,0x00,0x00,0x4d,0x75,0x6e,0x64,0x79,0x00,0x00,0x00,
    0x4d,0x69,0x6c,0x6c,0x65,0x72,0x00,0x00,0x4d,0x63,0x6b,0x65,0x6e,0x6e,0x61,0x00,0x4d,0x63,0x44,0x6f,0x6e,0x61,0x6c,0x64,
    0x00,0x00,0x00,0x00,0x4d,0x63,0x42,0x72,0x69,0x64,0x65,0x00,0x4d,0x61,0x73,0x6f,0x6e,0x00,0x00,0x00,0x4d,0x61,0x72,0x73,
    0x68,0x00,0x00,0x00,0x4d,0x61,0x63,0x49,0x6e,0x74,0x79,0x72,0x65,0x00,0x00,0x00,0x4d,0x61,0x63,0x6b,0x69,0x6e,0x74,0x6f,
    0x73,0x68,0x00,0x00,0x4c,0x69,0x76,0x69,0x6e,0x67,0x73,0x74,0x6f,0x6e,0x65,0x00,0x4c,0x61,0x6e,0x65,0x00,0x00,0x00,0x00,
    0x4b,0x65,0x72,0x6d,0x6f,0x64,0x65,0x00,0x4b,0x69,0x72,0x6b,0x00,0x00,0x00,0x00,0x4b,0x65,0x61,0x74,0x65,0x73,0x00,0x00,
    0x4b,0x61,0x76,0x61,0x6e,0x61,0x67,0x68,0x00,0x00,0x00,0x00,0x4a,0x6f,0x6e,0x65,0x73,0x00,0x00,0x00,0x4a,0x6f,0x68,0x6e,
    0x73,0x6f,0x6e,0x00,0x4a,0x61,0x6d,0x65,0x73,0x00,0x00,0x00,0x4a,0x61,0x63,0x6b,0x73,0x6f,0x6e,0x00,0x49,0x6e,0x63,0x6c,
    0x65,0x79,0x00,0x00,0x48,0x75,0x67,0x61,0x72,0x64,0x00,0x00,0x48,0x75,0x64,0x73,0x6f,0x6e,0x00,0x00,0x48,0x6f,0x6c,0x6d,
    0x65,0x73,0x00,0x00,0x48,0x6f,0x6c,0x6c,0x69,0x6e,0x67,0x77,0x6f,0x72,0x74,0x68,0x00,0x00,0x00,0x00,0x48,0x65,0x6e,0x6e,
    0x69,0x6e,0x67,0x00,0x48,0x65,0x62,0x64,0x65,0x6e,0x00,0x00,0x48,0x61,0x72,0x72,0x61,0x70,0x00,0x00,0x48,0x61,0x79,0x00,
    0x47,0x72,0x65,0x65,0x6e,0x65,0x00,0x00,0x47,0x72,0x61,0x74,0x74,0x6f,0x6e,0x00,0x47,0x6f,0x6f,0x64,0x6c,0x65,0x79,0x00,
    0x47,0x69,0x6c,0x6c,0x6f,0x00,0x00,0x00,0x47,0x69,0x61,0x72,0x6d,0x61,0x74,0x69,0x00,0x00,0x00,0x00,0x46,0x6c,0x65,0x74,
    0x63,0x68,0x65,0x72,0x00,0x00,0x00,0x00,0x45,0x64,0x77,0x61,0x72,0x64,0x73,0x00,0x44,0x6f,0x75,0x63,0x65,0x74,0x00,0x00,
    0x44,0x6f,0x6e,0x6e,0x65,0x6c,0x6c,0x79,0x00,0x00,0x00,0x00,0x44,0x69,0x6e,0x73,0x64,0x61,0x6c,0x65,0x00,0x00,0x00,0x00,
    0x44,0x61,0x76,0x69,0x73,0x00,0x00,0x00,0x44,0x61,0x72,0x72,0x6f,0x63,0x68,0x00,0x43,0x6f,0x70,0x70,0x65,0x72,0x66,0x69,
    0x65,0x6c,0x64,0x00,0x43,0x6f,0x6f,0x70,0x65,0x72,0x00,0x00,0x43,0x6f,0x6c,0x6c,0x65,0x64,0x67,0x65,0x00,0x00,0x00,0x00,
    0x43,0x6c,0x6f,0x73,0x65,0x00,0x00,0x00,0x42,0x75,0x74,0x6c,0x65,0x72,0x00,0x00,0x42,0x75,0x7a,0x65,0x72,0x00,0x00,0x00,
    0x42,0x75,0x63,0x6b,0x00,0x00,0x00,0x00,0x42,0x72,0x6f,0x77,0x6e,0x73,0x6d,0x69,0x74,0x68,0x00,0x00,0x42,0x72,0x6f,0x77,
    0x6e,0x00,0x00,0x00,0x42,0x6c,0x61,0x6b,0x65,0x00,0x00,0x00,0x42,0x6c,0x61,0x6b,0x65,0x6d,0x6f,0x72,0x65,0x00,0x00,0x00,
    0x42,0x6c,0x61,0x69,0x6e,0x65,0x00,0x00,0x42,0x6c,0x61,0x69,0x72,0x00,0x00,0x00,0x42,0x6c,0x61,0x63,0x6b,0x00,0x00,0x00,
    0x42,0x61,0x73,0x72,0x61,0x6e,0x00,0x00,0x41,0x72,0x6d,0x73,0x74,0x72,0x6f,0x6e,0x67,0x00,0x00,0x00,0x41,0x6e,0x64,0x72,
    0x65,0x77,0x73,0x00,0x41,0x6e,0x64,0x65,0x72,0x73,0x6f,0x6e,0x00,0x00,0x00,0x00,0x41,0x6d,0x6d,0x61,0x72,0x00,0x00,0x00,
    0x41,0x64,0x61,0x6d,0x73,0x6f,0x6e,0x00,0x41,0x64,0x61,0x6d,0x73,0x00,0x00,0x00,0x57,0x65,0x6e,0x64,0x79,0x00,0x00,0x00,
    0x56,0x65,0x72,0x6f,0x6e,0x69,0x63,0x61,0x00,0x00,0x00,0x00,0x56,0x61,0x6c,0x00,0x54,0x72,0x69,0x73,0x68,0x61,0x00,0x00,
    0x54,0x72,0x61,0x63,0x79,0x00,0x00,0x00,0x54,0x65,0x72,0x72,0x69,0x00,0x00,0x00,0x53,0x75,0x73,0x61,0x6e,0x00,0x00,0x00,
    0x53,0x75,0x65,0x00,0x53,0x74,0x65,0x6c,0x6c,0x61,0x00,0x00,0x53,0x6f,0x70,0x68,0x69,0x65,0x00,0x00,0x53,0x6f,0x6e,0x69,
    0x61,0x00,0x00,0x00,0x53,0x69,0x73,0x73,0x79,0x00,0x00,0x00,0x53,0x68,0x65,0x6c,0x6c,0x79,0x00,0x00,0x53,0x68,0x65,0x69,
    0x6c,0x61,0x00,0x00,0x53,0x61,0x72,0x61,0x68,0x00,0x00,0x00,0x53,0x61,0x6e,0x64,0x72,0x61,0x00,0x00,0x53,0x61,0x6d,0x61,
    0x6e,0x74,0x68,0x61,0x00,0x00,0x00,0x00,0x53,0x61,0x6c,0x6c,0x79,0x00,0x00,0x00,0x53,0x61,0x66,0x72,0x6f,0x6e,0x00,0x00,
    0x53,0x61,0x64,0x69,0x65,0x00,0x00,0x00,0x52,0x6f,0x73,0x69,0x65,0x00,0x00,0x00,0x52,0x6f,0x73,0x65,0x00,0x00,0x00,0x00,
    0x52,0x68,0x69,0x61,0x6e,0x00,0x00,0x00,0x52,0x65,0x62,0x65,0x63,0x63,0x61,0x00,0x50,0x65,0x74,0x72,0x61,0x00,0x00,0x00,
    0x50,0x65,0x6e,0x6e,0x79,0x00,0x00,0x00,0x50,0x65,0x6e,0x65,0x6c,0x6f,0x70,0x65,0x00,0x00,0x00,0x00,0x50,0x61,0x75,0x6c,
    0x61,0x00,0x00,0x00,0x50,0x61,0x74,0x72,0x69,0x63,0x69,0x61,0x00,0x00,0x00,0x00,0x50,0x61,0x69,0x67,0x65,0x00,0x00,0x00,
    0x4e,0x6f,0x72,0x6d,0x61,0x00,0x00,0x00,0x4e,0x69,0x63,0x6f,0x6c,0x61,0x00,0x00,0x4e,0x61,0x74,0x61,0x73,0x68,0x61,0x00,
    0x4e,0x61,0x74,0x61,0x6c,0x69,0x65,0x00,0x4d,0x69,0x63,0x68,0x65,0x6c,0x6c,0x65,0x00,0x00,0x00,0x00,0x4d,0x61,0x72,0x79,
    0x00,0x00,0x00,0x00,0x4d,0x61,0x72,0x69,0x61,0x6e,0x6e,0x65,0x00,0x00,0x00,0x00,0x4d,0x61,0x72,0x67,0x61,0x72,0x65,0x74,
    0x00,0x00,0x00,0x00,0x4d,0x61,0x72,0x63,0x69,0x65,0x00,0x00,0x4d,0x61,0x6e,0x64,0x79,0x00,0x00,0x00,0x4d,0x61,0x67,0x67,
    0x69,0x65,0x00,0x00,0x4d,0x61,0x64,0x65,0x6c,0x69,0x6e,0x65,0x00,0x00,0x00,0x00,0x4c,0x69,0x73,0x61,0x00,0x00,0x00,0x00,
    0x4c,0x69,0x6c,0x6c,0x79,0x00,0x00,0x00,0x4c,0x61,0x75,0x72,0x65,0x6e,0x00,0x00,0x4c,0x61,0x75,0x72,0x61,0x00,0x00,0x00,
    0x4b,0x65,0x72,0x72,0x79,0x00,0x00,0x00,0x4b,0x61,0x74,0x69,0x65,0x00,0x00,0x00,0x4b,0x61,0x74,0x68,0x79,0x00,0x00,0x00,
    0x4b,0x61,0x74,0x65,0x00,0x00,0x00,0x00,0x4a,0x75,0x6c,0x69,0x65,0x00,0x00,0x00,0x4a,0x75,0x6c,0x69,0x61,0x00,0x00,0x00,
    0x4a,0x75,0x64,0x79,0x00,0x00,0x00,0x00,0x4a,0x6f,0x79,0x00,0x4a,0x6f,0x64,0x69,0x65,0x00,0x00,0x00,0x4a,0x6f,0x61,0x6e,
    0x6e,0x65,0x00,0x00,0x4a,0x69,0x6c,0x6c,0x00,0x00,0x00,0x00,0x4a,0x65,0x73,0x73,0x69,0x63,0x61,0x00,0x4a,0x61,0x73,0x6d,
    0x69,0x6e,0x65,0x00,0x4a,0x61,0x6e,0x65,0x74,0x00,0x00,0x00,0x4a,0x61,0x6e,0x65,0x00,0x00,0x00,0x00,0x4a,0x61,0x63,0x6b,
    0x69,0x65,0x00,0x00,0x4a,0x61,0x64,0x65,0x00,0x00,0x00,0x00,0x47,0x6c,0x6f,0x72,0x69,0x61,0x00,0x00,0x47,0x6c,0x65,0x6e,
    0x64,0x61,0x00,0x00,0x47,0x65,0x72,0x72,0x69,0x00,0x00,0x00,0x47,0x69,0x6c,0x6c,0x00,0x00,0x00,0x00,0x47,0x69,0x6c,0x6c,
    0x69,0x61,0x6e,0x00,0x46,0x72,0x61,0x6e,0x63,0x69,0x73,0x00,0x46,0x69,0x6f,0x6e,0x61,0x00,0x00,0x00,0x46,0x61,0x69,0x74,
    0x68,0x00,0x00,0x00,0x45,0x6c,0x69,0x7a,0x61,0x62,0x65,0x74,0x68,0x00,0x00,0x00,0x45,0x6c,0x6c,0x69,0x65,0x00,0x00,0x00,
    0x44,0x65,0x6e,0x69,0x73,0x65,0x00,0x00,0x44,0x65,0x62,0x6f,0x72,0x61,0x68,0x00,0x44,0x61,0x76,0x69,0x6e,0x61,0x00,0x00,
    0x44,0x61,0x6e,0x69,0x65,0x6c,0x6c,0x65,0x00,0x00,0x00,0x00,0x43,0x6c,0x61,0x69,0x72,0x65,0x00,0x00,0x43,0x68,0x72,0x69,
    0x73,0x74,0x69,0x6e,0x65,0x00,0x00,0x00,0x43,0x68,0x6c,0x6f,0x65,0x00,0x00,0x00,0x43,0x68,0x61,0x72,0x6c,0x6f,0x74,0x74,
    0x65,0x00,0x00,0x00,0x42,0x65,0x72,0x6e,0x61,0x64,0x65,0x74,0x74,0x65,0x00,0x00,0x42,0x72,0x65,0x6e,0x64,0x61,0x00,0x00,
    0x42,0x65,0x63,0x6b,0x69,0x65,0x00,0x00,0x41,0x6e,0x6e,0x65,0x74,0x74,0x65,0x00,0x41,0x6e,0x6e,0x65,0x00,0x00,0x00,0x00,
    0x41,0x6e,0x6e,0x61,0x00,0x00,0x00,0x00,0x41,0x6d,0x61,0x6e,0x64,0x61,0x00,0x00,0x41,0x6c,0x6c,0x69,0x73,0x6f,0x6e,0x00,
    0x41,0x62,0x62,0x69,0x65,0x00,0x00,0x00,0x57,0x61,0x6c,0x74,0x00,0x00,0x00,0x00,0x57,0x69,0x6c,0x6c,0x69,0x61,0x6d,0x00,
    0x56,0x65,0x72,0x6e,0x6f,0x6e,0x00,0x00,0x54,0x6f,0x6e,0x79,0x00,0x00,0x00,0x00,0x54,0x6f,0x6d,0x00,0x54,0x69,0x6d,0x6f,
    0x74,0x68,0x79,0x00,0x54,0x69,0x6d,0x00,0x54,0x68,0x6f,0x6d,0x61,0x73,0x00,0x00,0x53,0x74,0x75,0x61,0x72,0x74,0x00,0x00,
    0x53,0x74,0x65,0x77,0x61,0x72,0x74,0x00,0x53,0x74,0x65,0x76,0x65,0x6e,0x00,0x00,0x53,0x74,0x65,0x76,0x65,0x00,0x00,0x00,
    0x53,0x74,0x65,0x70,0x68,0x65,0x6e,0x00,0x53,0x69,0x6d,0x6f,0x6e,0x00,0x00,0x00,0x53,0x69,0x6d,0x65,0x6f,0x6e,0x00,0x00,
    0x53,0x68,0x61,0x75,0x6e,0x00,0x00,0x00,0x52,0x75,0x73,0x73,0x65,0x6c,0x00,0x00,0x52,0x75,0x73,0x73,0x00,0x00,0x00,0x00,
    0x52,0x6f,0x73,0x73,0x00,0x00,0x00,0x00,0x52,0x6f,0x62,0x69,0x6e,0x00,0x00,0x00,0x52,0x6f,0x62,0x65,0x72,0x74,0x00,0x00,
    0x52,0x6f,0x62,0x00,0x52,0x69,0x63,0x68,0x61,0x72,0x64,0x00,0x52,0x69,0x63,0x68,0x00,0x00,0x00,0x00,0x52,0x61,0x79,0x00,
    0x50,0x65,0x74,0x65,0x72,0x00,0x00,0x00,0x50,0x65,0x74,0x65,0x00,0x00,0x00,0x00,0x50,0x61,0x75,0x6c,0x00,0x00,0x00,0x00,
    0x4e,0x69,0x67,0x65,0x6c,0x00,0x00,0x00,0x4e,0x69,0x63,0x6f,0x6c,0x61,0x73,0x00,0x4e,0x65,0x69,0x6c,0x00,0x00,0x00,0x00,
    0x4e,0x61,0x72,0x69,0x6e,0x64,0x65,0x72,0x00,0x00,0x00,0x00,0x4d,0x69,0x6b,0x65,0x00,0x00,0x00,0x00,0x4d,0x69,0x63,0x6b,
    0x79,0x00,0x00,0x00,0x4d,0x69,0x63,0x6b,0x00,0x00,0x00,0x00,0x4d,0x69,0x63,0x68,0x61,0x65,0x6c,0x00,0x4d,0x61,0x72,0x6b,
    0x00,0x00,0x00,0x00,0x4d,0x61,0x6c,0x63,0x6f,0x6c,0x6d,0x00,0x4c,0x61,0x72,0x72,0x79,0x00,0x00,0x00,0x4c,0x61,0x75,0x72,
    0x65,0x6e,0x63,0x65,0x00,0x00,0x00,0x00,0x4b,0x65,0x76,0x69,0x6e,0x00,0x00,0x00,0x4b,0x65,0x6e,0x00,0x4a,0x6f,0x6e,0x6e,
    0x79,0x00,0x00,0x00,0x4a,0x6f,0x68,0x6e,0x00,0x00,0x00,0x00,0x4a,0x6f,0x65,0x00,0x4a,0x65,0x72,0x65,0x6d,0x79,0x00,0x00,
    0x4a,0x61,0x79,0x00,0x4a,0x61,0x73,0x6f,0x6e,0x00,0x00,0x00,0x49,0x61,0x6e,0x00,0x48,0x6f,0x77,0x61,0x72,0x64,0x00,0x00,
    0x48,0x65,0x6e,0x72,0x79,0x00,0x00,0x00,0x48,0x61,0x72,0x72,0x79,0x00,0x00,0x00,0x47,0x72,0x61,0x68,0x61,0x6d,0x00,0x00,
    0x47,0x72,0x61,0x65,0x6d,0x65,0x00,0x00,0x47,0x6c,0x65,0x6e,0x00,0x00,0x00,0x00,0x47,0x61,0x72,0x65,0x74,0x68,0x00,0x00,
    0x47,0x61,0x72,0x74,0x68,0x00,0x00,0x00,0x47,0x61,0x72,0x79,0x00,0x00,0x00,0x00,0x46,0x72,0x65,0x64,0x00,0x00,0x00,0x00,
    0x46,0x72,0x61,0x6e,0x6b,0x00,0x00,0x00,0x45,0x64,0x64,0x79,0x00,0x00,0x00,0x00,0x45,0x64,0x77,0x61,0x72,0x64,0x00,0x00,
    0x44,0x77,0x61,0x79,0x6e,0x65,0x00,0x00,0x44,0x6f,0x75,0x67,0x00,0x00,0x00,0x00,0x44,0x65,0x61,0x6e,0x00,0x00,0x00,0x00,
    0x44,0x61,0x76,0x69,0x64,0x00,0x00,0x00,0x44,0x61,0x76,0x65,0x00,0x00,0x00,0x00,0x44,0x61,0x72,0x72,0x65,0x6e,0x00,0x00,
    0x44,0x61,0x6e,0x69,0x65,0x6c,0x00,0x00,0x44,0x61,0x6d,0x69,0x61,0x6e,0x00,0x00,0x43,0x6f,0x6c,0x69,0x6e,0x00,0x00,0x00,
    0x43,0x68,0x72,0x69,0x73,0x74,0x6f,0x70,0x68,0x65,0x72,0x00,0x43,0x68,0x72,0x69,0x73,0x00,0x00,0x00,0x42,0x61,0x72,0x72,
    0x79,0x00,0x00,0x00,0x42,0x69,0x6c,0x6c,0x00,0x00,0x00,0x00,0x42,0x72,0x69,0x61,0x6e,0x00,0x00,0x00,0x41,0x6e,0x64,0x79,
    0x00,0x00,0x00,0x00,0x41,0x6c,0x65,0x78,0x61,0x6e,0x64,0x65,0x72,0x00,0x00,0x00,0x41,0x6c,0x65,0x78,0x00,0x00,0x00,0x00,
    0x41,0x72,0x6f,0x6e,0x00,0x00,0x00,0x00,0x41,0x6e,0x74,0x68,0x6f,0x6e,0x79,0x00,0x41,0x6c,0x69,0x73,0x74,0x61,0x69,0x72,
    0x65,0x00,0x00,0x00,0x41,0x61,0x72,0x6f,0x6e,0x00,0x00,0x00,0x44,0x65,0x73,0x74,0x72,0x6f,0x79,0x42,0x6c,0x6f,0x6b,0x65,
    0x3a,0x20,0x42,0x61,0x64,0x6c,0x79,0x20,0x6c,0x69,0x6e,0x6b,0x65,0x64,0x20,0x6c,0x69,0x73,0x74,0x0a,0x00,0x00,0x00,0x00,
    0x46,0x72,0x61,0x6d,0x65,0x20,0x25,0x64,0x2e,0x2e,0x20,0x42,0x6c,0x6f,0x6b,0x65,0x20,0x25,0x64,0x20,0x72,0x65,0x74,0x68,
    0x69,0x6e,0x6b,0x69,0x6e,0x67,0x0a,0x00,0x7f,0x00,0x00,0x00,0x00,0x00,0x00,0x00,0x00,0x01,0x00,0x00,0x00,0x00,0x00,0x00,
    0x00,0x00,0x00,0x00,0x65,0x72,0x72,0x6f,0x72,0x00,0x00,0x00,0x4f,0x68,0x20,0x6e,0x6f,0x2c,0x20,0x4e,0x6f,0x74,0x20,0x65,
    0x6e,0x6f,0x75,0x67,0x68,0x20,0x52,0x41,0x4d,0x20,0x66,0x6f,0x72,0x20,0x73,0x70,0x72,0x69,0x74,0x65,0x20,0x73,0x6f,0x72,
    0x74,0x20,0x6c,0x69,0x73,0x74,0x0a,0x00,0x4f,0x68,0x20,0x64,0x72,0x61,0x74,0x2c,0x20,0x42,0x61,0x64,0x20,0x73,0x74,0x75,
    0x66,0x66,0x20,0x69,0x6e,0x20,0x74,0x68,0x65,0x20,0x73,0x70,0x72,0x69,0x74,0x65,0x20,0x73,0x6f,0x72,0x74,0x65,0x72,0x0a,
    0x00,0x00,0x00,0x00,0x7f,0x00,0x00,0x00,0x7f,0x00,0x00,0x00,0x62,0x72,0x65,0x61,0x6b,0x00,0x00,0x00,0x5c,0x00,0x00,0x00,
    0x44,0x69,0x72,0x65,0x63,0x74,0x6f,0x72,0x79,0x20,0x72,0x65,0x61,0x64,0x20,0x4f,0x4b,0x00,0x00,0x00,0x46,0x61,0x69,0x6c,
    0x65,0x64,0x20,0x74,0x6f,0x20,0x6c,0x6f,0x61,0x64,0x20,0x64,0x69,0x72,0x65,0x63,0x74,0x6f,0x72,0x79,0x20,0x66,0x75,0x6c,
    0x6c,0x79,0x20,0x28,0x25,0x78,0x20,0x6f,0x66,0x20,0x25,0x78,0x20,0x6c,0x6f,0x61,0x64,0x65,0x64,0x29,0x00,0x00,0x00,0x00,
    0x56,0x6f,0x6c,0x75,0x6d,0x65,0x20,0x41,0x6c,0x72,0x65,0x61,0x64,0x79,0x20,0x6f,0x70,0x65,0x6e,0x00,0x46,0x61,0x69,0x6c,
    0x65,0x64,0x20,0x74,0x6f,0x20,0x61,0x6c,0x6c,0x6f,0x63,0x61,0x74,0x65,0x20,0x73,0x70,0x61,0x63,0x65,0x20,0x66,0x6f,0x72,
    0x20,0x64,0x69,0x72,0x65,0x63,0x74,0x6f,0x72,0x79,0x00,0x00,0x46,0x69,0x6c,0x65,0x53,0x69,0x7a,0x65,0x20,0x3d,0x20,0x25,
    0x78,0x2c,0x20,0x44,0x69,0x72,0x65,0x63,0x74,0x6f,0x72,0x79,0x20,0x69,0x73,0x20,0x61,0x74,0x20,0x25,0x78,0x00,0x00,0x00,
    0x4f,0x70,0x65,0x6e,0x6e,0x65,0x64,0x20,0x72,0x65,0x73,0x6f,0x75,0x72,0x63,0x65,0x20,0x25,0x73,0x00,0x25,0x73,0x25,0x73,
    0x2e,0x72,0x65,0x73,0x00,0x00,0x00,0x00,0x54,0x72,0x79,0x69,0x6e,0x67,0x20,0x74,0x6f,0x20,0x6f,0x70,0x65,0x6e,0x20,0x66,
    0x72,0x6f,0x6d,0x20,0x25,0x73,0x00,0x00,0x2e,0x5c,0x76,0x6f,0x6c,0x75,0x6d,0x65,0x73,0x5c,0x25,0x73,0x2e,0x72,0x65,0x73,
    0x00,0x00,0x00,0x00,0x41,0x74,0x74,0x65,0x6d,0x70,0x74,0x69,0x6e,0x67,0x20,0x74,0x6f,0x20,0x6f,0x70,0x65,0x6e,0x20,0x52,
    0x65,0x73,0x6f,0x75,0x72,0x63,0x65,0x20,0x25,0x73,0x00,0x00,0x7f,0x00,0x00,0x00,0x7f,0x00,0x00,0x00,0x00,0x00,0x00,0x00,
    0x00,0x00,0x00,0x00,0x00,0x00,0x00,0x00,0x80,0x02,0x00,0x00,0xe0,0x01,0x00,0x00,0x7f,0x00,0x00,0x00,0x00,0x00,0x00,0x00,
    0x00,0x00,0x00,0x00,0x38,0x71,0x4b,0x00,0x20,0x00,0x00,0x00,0x00,0x00,0x00,0x00,0x01,0x00,0x00,0x00,0x54,0xea,0x4b,0x00,
    0x1b,0x00,0x00,0x00,0x00,0x00,0x00,0x00,0x02,0x00,0x00,0x00,0x4c,0xea,0x4b,0x00,0x0e,0x00,0x00,0x00,0x00,0x00,0x00,0x00,
    0x03,0x00,0x00,0x00,0x44,0xea,0x4b,0x00,0x1d,0x00,0x00,0x00,0x00,0x00,0x00,0x00,0x04,0x00,0x00,0x00,0x34,0xea,0x4b,0x00,
    0x17,0x00,0x00,0x00,0x00,0x00,0x00,0x00,0x05,0x00,0x00,0x00,0x30,0x71,0x4b,0x00,0x13,0x00,0x00,0x00,0x00,0x00,0x00,0x00,
    0x06,0x00,0x00,0x00,0x2c,0xea,0x4b,0x00,0x0d,0x00,0x00,0x00,0x00,0x00,0x00,0x00,0x07,0x00,0x00,0x00,0x20,0xea,0x4b,0x00,
    0x3b,0x00,0x00,0x00,0x00,0x00,0x00,0x00,0x08,0x00,0x00,0x00,0x10,0xea,0x4b,0x00,0x1c,0x00,0x00,0x00,0x00,0x00,0x00,0x00,
    0x09,0x00,0x00,0x00,0x00,0xea,0x4b,0x00,0x21,0x00,0x00,0x00,0x00,0x00,0x00,0x00,0x0a,0x00,0x00,0x00,0xf0,0xe9,0x4b,0x00,
    0x18,0x00,0x00,0x00,0x00,0x00,0x00,0x00,0x0b,0x00,0x00,0x00,0xe4,0xe9,0x4b,0x00,0x2b,0x00,0x00,0x00,0x00,0x00,0x00,0x00,
    0x0c,0x00,0x00,0x00,0xd8,0xe9,0x4b,0x00,0x08,0x01,0x00,0x00,0x00,0x00,0x00,0x00,0x0d,0x00,0x00,0x00,0xcc,0xe9,0x4b,0x00,
    0xa7,0x00,0x00,0x00,0x00,0x00,0x00,0x00,0x0e,0x00,0x00,0x00,0xbc,0xe9,0x4b,0x00,0x55,0x00,0x00,0x00,0x00,0x00,0x00,0x00,
    0x0f,0x00,0x00,0x00,0xb0,0xe9,0x4b,0x00,0x11,0x00,0x00,0x00,0x00,0x00,0x00,0x00,0x10,0x00,0x00,0x00,0xa4,0xe9,0x4b,0x00,
    0x23,0x00,0x00,0x00,0x00,0x00,0x00,0x00,0x11,0x00,0x00,0x00,0x98,0xe9,0x4b,0x00,0x11,0x00,0x00,0x00,0x00,0x00,0x00,0x00,
    0x12,0x00,0x00,0x00,0x8c,0xe9,0x4b,0x00,0x28,0x00,0x00,0x00,0x00,0x00,0x00,0x00,0x13,0x00,0x00,0x00,0x7c,0xe9,0x4b,0x00,
    0x17,0x00,0x00,0x00,0x00,0x00,0x00,0x00,0x14,0x00,0x00,0x00,0x6c,0xe9,0x4b,0x00,0x19,0x00,0x00,0x00,0x00,0x00,0x00,0x00,
    0x15,0x00,0x00,0x00,0x5c,0xe9,0x4b,0x00,0x17,0x00,0x00,0x00,0x00,0x00,0x00,0x00,0x16,0x00,0x00,0x00,0x4c,0xe9,0x4b,0x00,
    0x1a,0x00,0x00,0x00,0x00,0x00,0x00,0x00,0x17,0x00,0x00,0x00,0x44,0xe9,0x4b,0x00,0x1e,0x00,0x00,0x00,0x00,0x00,0x00,0x00,
    0x18,0x00,0x00,0x00,0x3c,0xe9,0x4b,0x00,0x2d,0x00,0x00,0x00,0x00,0x00,0x00,0x00,0x19,0x00,0x00,0x00,0x30,0xe9,0x4b,0x00,
    0x10,0x00,0x00,0x00,0x00,0x00,0x00,0x00,0x1a,0x00,0x00,0x00,0x24,0xe9,0x4b,0x00,0x11,0x00,0x00,0x00,0x00,0x00,0x00,0x00,
    0x1b,0x00,0x00,0x00,0x18,0xe9,0x4b,0x00,0x10,0x00,0x00,0x00,0x00,0x00,0x00,0x00,0x1c,0x00,0x00,0x00,0x10,0xe9,0x4b,0x00,
    0x14,0x00,0x00,0x00,0x00,0x00,0x00,0x00,0x1d,0x00,0x00,0x00,0x08,0xe9,0x4b,0x00,0x81,0x00,0x00,0x00,0x00,0x00,0x00,0x00,
    0x1e,0x00,0x00,0x00,0x00,0xe9,0x4b,0x00,0x55,0x00,0x00,0x00,0x00,0x00,0x00,0x00,0x1f,0x00,0x00,0x00,0xf4,0xe8,0x4b,0x00,
    0x12,0x00,0x00,0x00,0x00,0x00,0x00,0x00,0x20,0x00,0x00,0x00,0xe8,0xe8,0x4b,0x00,0x11,0x00,0x00,0x00,0x00,0x00,0x00,0x00,
    0x21,0x00,0x00,0x00,0xdc,0xe8,0x4b,0x00,0x12,0x00,0x00,0x00,0x00,0x00,0x00,0x00,0x22,0x00,0x00,0x00,0xd4,0xe8,0x4b,0x00,
    0x17,0x00,0x00,0x00,0x00,0x00,0x00,0x00,0x23,0x00,0x00,0x00,0xcc,0xe8,0x4b,0x00,0x0f,0x00,0x00,0x00,0x00,0x00,0x00,0x00,
    0x24,0x00,0x00,0x00,0x64,0x8a,0x4b,0x00,0x47,0x02,0x00,0x00,0x00,0x00,0x00,0x00,0x25,0x00,0x00,0x00,0x58,0x8a,0x4b,0x00,
    0xd2,0x00,0x00,0x00,0x00,0x00,0x00,0x00,0x26,0x00,0x00,0x00,0x4c,0x8a,0x4b,0x00,0x96,0x00,0x00,0x00,0x00,0x00,0x00,0x00,
    0x27,0x00,0x00,0x00,0xbc,0xe8,0x4b,0x00,0x00,0x00,0x00,0x00,0x00,0x00,0x00,0x00,0x28,0x00,0x00,0x00,0xb4,0xe8,0x4b,0x00,
    0x12,0x00,0x00,0x00,0x00,0x00,0x00,0x00,0x29,0x00,0x00,0x00,0xac,0xe8,0x4b,0x00,0x69,0x00,0x00,0x00,0x00,0x00,0x00,0x00,
    0x2a,0x00,0x00,0x00,0x9c,0xe8,0x4b,0x00,0x2c,0x00,0x00,0x00,0x00,0x00,0x00,0x00,0x2b,0x00,0x00,0x00,0x8c,0xe8,0x4b,0x00,
    0x0f,0x00,0x00,0x00,0x00,0x00,0x00,0x00,0x2c,0x00,0x00,0x00,0x80,0xe8,0x4b,0x00,0x16,0x00,0x00,0x00,0x00,0x00,0x00,0x00,
    0x2d,0x00,0x00,0x00,0x78,0xe8,0x4b,0x00,0xe9,0x01,0x00,0x00,0x00,0x00,0x00,0x00,0x2e,0x00,0x00,0x00,0x6c,0xe8,0x4b,0x00,
    0x68,0x02,0x00,0x00,0x00,0x00,0x00,0x00,0x2f,0x00,0x00,0x00,0x60,0xe8,0x4b,0x00,0xae,0x00,0x00,0x00,0x00,0x00,0x00,0x00,
    0x30,0x00,0x00,0x00,0x54,0xe8,0x4b,0x00,0x7f,0x01,0x00,0x00,0x00,0x00,0x00,0x00,0x31,0x00,0x00,0x00,0x48,0xe8,0x4b,0x00,
    0xfd,0x02,0x00,0x00,0x00,0x00,0x00,0x00,0x32,0x00,0x00,0x00,0x3c,0xe8,0x4b,0x00,0x49,0x01,0x00,0x00,0x00,0x00,0x00,0x00,
    0x33,0x00,0x00,0x00,0x34,0xe8,0x4b,0x00,0xfd,0x04,0x00,0x00,0x00,0x00,0x00,0x00,0x34,0x00,0x00,0x00,0x20,0xe8,0x4b,0x00,
    0x4a,0x02,0x00,0x00,0x00,0x00,0x00,0x00,0x35,0x00,0x00,0x00,0x08,0xe8,0x4b,0x00,0x76,0x03,0x00,0x00,0x00,0x00,0x00,0x00,
    0x36,0x00,0x00,0x00,0xb8,0x75,0x4b,0x00,0xf7,0x00,0x00,0x00,0x00,0x00,0x00,0x00,0x37,0x00,0x00,0x00,0xac,0x75,0x4b,0x00,
    0xf4,0x00,0x00,0x00,0x00,0x00,0x00,0x00,0x38,0x00,0x00,0x00,0x9c,0x75,0x4b,0x00,0xe1,0x00,0x00,0x00,0x00,0x00,0x00,0x00,
    0x39,0x00,0x00,0x00,0x10,0x89,0x4b,0x00,0x0a,0x02,0x00,0x00,0x00,0x00,0x00,0x00,0x3a,0x00,0x00,0x00,0x00,0x89,0x4b,0x00,
    0x7e,0x03,0x00,0x00,0x00,0x00,0x00,0x00,0x3b,0x00,0x00,0x00,0xc4,0x75,0x4b,0x00,0xd7,0x01,0x00,0x00,0x00,0x00,0x00,0x00,
    0x3c,0x00,0x00,0x00,0xe8,0x88,0x4b,0x00,0x7e,0x00,0x00,0x00,0x00,0x00,0x00,0x00,0x3d,0x00,0x00,0x00,0xdc,0x83,0x4b,0x00,
    0x18,0x00,0x00,0x00,0x00,0x00,0x00,0x00,0x3e,0x00,0x00,0x00,0x64,0x89,0x4b,0x00,0xc8,0x01,0x00,0x00,0x00,0x00,0x00,0x00,
    0x3f,0x00,0x00,0x00,0x54,0x89,0x4b,0x00,0x22,0x00,0x00,0x00,0x00,0x00,0x00,0x00,0x40,0x00,0x00,0x00,0x44,0x89,0x4b,0x00,
    0x2b,0x00,0x00,0x00,0x00,0x00,0x00,0x00,0x41,0x00,0x00,0x00,0x30,0x89,0x4b,0x00,0x20,0x00,0x00,0x00,0x00,0x00,0x00,0x00,
    0x42,0x00,0x00,0x00,0xf4,0x88,0x4b,0x00,0x21,0x00,0x00,0x00,0x00,0x00,0x00,0x00,0x43,0x00,0x00,0x00,0xf4,0x75,0x4b,0x00,
    0x58,0x00,0x00,0x00,0x00,0x00,0x00,0x00,0x44,0x00,0x00,0x00,0xe0,0x75,0x4b,0x00,0x54,0x00,0x00,0x00,0x00,0x00,0x00,0x00,
    0x45,0x00,0x00,0x00,0xfc,0x75,0x4b,0x00,0x4f,0x00,0x00,0x00,0x00,0x00,0x00,0x00,0x46,0x00,0x00,0x00,0xe8,0x75,0x4b,0x00,
    0x1e,0x00,0x00,0x00,0x00,0x00,0x00,0x00,0x47,0x00,0x00,0x00,0x70,0x46,0x4b,0x00,0x0a,0x14,0x00,0x00,0x00,0x00,0x00,0x00,
    0x48,0x00,0x00,0x00,0xa0,0x45,0x4b,0x00,0xdc,0x06,0x00,0x00,0x00,0x00,0x00,0x00,0x49,0x00,0x00,0x00,0xd8,0x75,0x4b,0x00,
    0xb5,0x00,0x00,0x00,0x00,0x00,0x00,0x00,0x4a,0x00,0x00,0x00,0xf0,0x4e,0x4b,0x00,0xff,0x04,0x00,0x00,0x00,0x00,0x00,0x00,
    0x4b,0x00,0x00,0x00,0x2c,0x41,0x4b,0x00,0x17,0x05,0x00,0x00,0x00,0x00,0x00,0x00,0x4c,0x00,0x00,0x00,0x20,0x89,0x4b,0x00,
    0x75,0x01,0x00,0x00,0x00,0x00,0x00,0x00,0x4d,0x00,0x00,0x00,0x9c,0x78,0x4b,0x00,0x98,0x01,0x00,0x00,0x00,0x00,0x00,0x00,
    0x4e,0x00,0x00,0x00,0xe4,0x43,0x4b,0x00,0x45,0x08,0x00,0x00,0x00,0x00,0x00,0x00,0x4f,0x00,0x00,0x00,0x90,0x89,0x4b,0x00,
    0x16,0x1f,0x00,0x00,0x00,0x00,0x00,0x00,0x50,0x00,0x00,0x00,0x6c,0x7a,0x4b,0x00,0xcc,0x1b,0x00,0x00,0x00,0x00,0x00,0x00,
    0x51,0x00,0x00,0x00,0x84,0x89,0x4b,0x00,0x4b,0x0d,0x00,0x00,0x00,0x00,0x00,0x00,0x52,0x00,0x00,0x00,0x74,0x4d,0x4b,0x00,
    0xc0,0x11,0x00,0x00,0x00,0x00,0x00,0x00,0x53,0x00,0x00,0x00,0xfc,0xe7,0x4b,0x00,0x00,0x00,0x00,0x00,0x00,0x00,0x00,0x00,
    0x54,0x00,0x00,0x00,0x70,0x89,0x4b,0x00,0xf2,0x00,0x00,0x00,0x00,0x00,0x00,0x00,0x55,0x00,0x00,0x00,0xb8,0x4e,0x4b,0x00,
    0x6f,0x0c,0x00,0x00,0x00,0x00,0x00,0x00,0x56,0x00,0x00,0x00,0x78,0x79,0x4b,0x00,0x8d,0x0c,0x00,0x00,0x00,0x00,0x00,0x00,
    0x57,0x00,0x00,0x00,0x18,0x47,0x4b,0x00,0x46,0x11,0x00,0x00,0x00,0x00,0x00,0x00,0x58,0x00,0x00,0x00,0x8c,0x4f,0x4b,0x00,
    0x11,0x03,0x00,0x00,0x00,0x00,0x00,0x00,0x59,0x00,0x00,0x00,0xb0,0x80,0x4b,0x00,0xc2,0x02,0x00,0x00,0x00,0x00,0x00,0x00,
    0x5a,0x00,0x00,0x00,0xcc,0x89,0x4b,0x00,0x13,0x00,0x00,0x00,0x00,0x00,0x00,0x00,0x5b,0x00,0x00,0x00,0xbc,0x89,0x4b,0x00,
    0x0c,0x00,0x00,0x00,0x00,0x00,0x00,0x00,0x5c,0x00,0x00,0x00,0xe4,0x89,0x4b,0x00,0x16,0x00,0x00,0x00,0x00,0x00,0x00,0x00,
    0x5d,0x00,0x00,0x00,0xc0,0x80,0x4b,0x00,0x3f,0x08,0x00,0x00,0x00,0x00,0x00,0x00,0x5e,0x00,0x00,0x00,0x9c,0x88,0x4b,0x00,
    0xe4,0x00,0x00,0x00,0x00,0x00,0x00,0x00,0x5f,0x00,0x00,0x00,0xb8,0x88,0x4b,0x00,0x83,0x01,0x00,0x00,0x00,0x00,0x00,0x00,
    0x60,0x00,0x00,0x00,0xd4,0x88,0x4b,0x00,0x0c,0x00,0x00,0x00,0x00,0x00,0x00,0x00,0x61,0x00,0x00,0x00,0x6c,0x53,0x4b,0x00,
    0x5d,0x02,0x00,0x00,0x00,0x00,0x00,0x00,0x62,0x00,0x00,0x00,0x54,0x53,0x4b,0x00,0x2b,0x00,0x00,0x00,0x00,0x00,0x00,0x00,
    0x63,0x00,0x00,0x00,0x7c,0x53,0x4b,0x00,0x0c,0x00,0x00,0x00,0x00,0x00,0x00,0x00,0x64,0x00,0x00,0x00,0x8c,0x40,0x4b,0x00,
    0xea,0x06,0x00,0x00,0x00,0x00,0x00,0x00,0x65,0x00,0x00,0x00,0x0c,0x5c,0x4b,0x00,0xea,0x06,0x00,0x00,0x00,0x00,0x00,0x00,
    0x66,0x00,0x00,0x00,0xb4,0x5b,0x4b,0x00,0x0c,0x00,0x00,0x00,0x00,0x00,0x00,0x00,0x67,0x00,0x00,0x00,0xfc,0x5b,0x4b,0x00,
    0x0c,0x00,0x00,0x00,0x00,0x00,0x00,0x00,0x68,0x00,0x00,0x00,0xe8,0x5b,0x4b,0x00,0x0c,0x00,0x00,0x00,0x00,0x00,0x00,0x00,
    0x69,0x00,0x00,0x00,0xd0,0x5b,0x4b,0x00,0x0c,0x00,0x00,0x00,0x00,0x00,0x00,0x00,0x6a,0x00,0x00,0x00,0xe4,0xe7,0x4b,0x00,
    0x00,0x00,0x00,0x00,0x00,0x00,0x00,0x00,0x6b,0x00,0x00,0x00,0xb4,0x4b,0x4b,0x00,0x41,0x0b,0x00,0x00,0x00,0x00,0x00,0x00,
    0x6c,0x00,0x00,0x00,0x24,0x4b,0x4b,0x00,0xe5,0x03,0x00,0x00,0x00,0x00,0x00,0x00,0x6d,0x00,0x00,0x00,0x10,0x4b,0x4b,0x00,
    0xcc,0x02,0x00,0x00,0x00,0x00,0x00,0x00,0x6e,0x00,0x00,0x00,0x88,0x4b,0x4b,0x00,0x9b,0x01,0x00,0x00,0x00,0x00,0x00,0x00,
    0x6f,0x00,0x00,0x00,0x6c,0x4b,0x4b,0x00,0x8a,0x01,0x00,0x00,0x00,0x00,0x00,0x00,0x70,0x00,0x00,0x00,0x50,0x4b,0x4b,0x00,
    0xed,0x01,0x00,0x00,0x00,0x00,0x00,0x00,0x71,0x00,0x00,0x00,0x34,0x4b,0x4b,0x00,0xd6,0x01,0x00,0x00,0x00,0x00,0x00,0x00,
    0x72,0x00,0x00,0x00,0xec,0x4a,0x4b,0x00,0x3e,0x07,0x00,0x00,0x00,0x00,0x00,0x00,0x73,0x00,0x00,0x00,0x00,0x4b,0x4b,0x00,
    0x8a,0x04,0x00,0x00,0x00,0x00,0x00,0x00,0x74,0x00,0x00,0x00,0xa4,0x4b,0x4b,0x00,0xf7,0x01,0x00,0x00,0x00,0x00,0x00,0x00,
    0x75,0x00,0x00,0x00,0xcc,0xe7,0x4b,0x00,0x64,0x0c,0x00,0x00,0x00,0x00,0x00,0x00,0x76,0x00,0x00,0x00,0xbc,0xe7,0x4b,0x00,
    0x7a,0x09,0x00,0x00,0x00,0x00,0x00,0x00,0x77,0x00,0x00,0x00,0xac,0xe7,0x4b,0x00,0xbd,0x07,0x00,0x00,0x00,0x00,0x00,0x00,
    0x78,0x00,0x00,0x00,0x98,0xe7,0x4b,0x00,0x96,0x08,0x00,0x00,0x00,0x00,0x00,0x00,0x79,0x00,0x00,0x00,0x88,0xe7,0x4b,0x00,
    0x37,0x04,0x00,0x00,0x00,0x00,0x00,0x00,0x7a,0x00,0x00,0x00,0x74,0xe7,0x4b,0x00,0x2f,0x0b,0x00,0x00,0x00,0x00,0x00,0x00,
    0x7b,0x00,0x00,0x00,0x64,0xe7,0x4b,0x00,0x70,0x04,0x00,0x00,0x00,0x00,0x00,0x00,0x7c,0x00,0x00,0x00,0x50,0xe7,0x4b,0x00,
    0x71,0x0c,0x00,0x00,0x00,0x00,0x00,0x00,0x7d,0x00,0x00,0x00,0x3c,0xe7,0x4b,0x00,0x30,0x0e,0x00,0x00,0x00,0x00,0x00,0x00,
    0x7e,0x00,0x00,0x00,0x2c,0xe7,0x4b,0x00,0x0e,0x0c,0x00,0x00,0x00,0x00,0x00,0x00,0x7f,0x00,0x00,0x00,0x18,0xe7,0x4b,0x00,
    0xdc,0x05,0x00,0x00,0x00,0x00,0x00,0x00,0x80,0x00,0x00,0x00,0xf4,0x50,0x4b,0x00,0xf4,0x02,0x00,0x00,0x00,0x00,0x00,0x00,
    0x81,0x00,0x00,0x00,0x88,0x50,0x4b,0x00,0x59,0x04,0x00,0x00,0x00,0x00,0x00,0x00,0x82,0x00,0x00,0x00,0xa8,0x50,0x4b,0x00,
    0xe8,0x03,0x00,0x00,0x00,0x00,0x00,0x00,0x85,0x00,0x00,0x00,0xc8,0x50,0x4b,0x00,0x36,0x00,0x00,0x00,0x00,0x00,0x00,0x00,
    0x86,0x00,0x00,0x00,0xdc,0x50,0x4b,0x00,0xab,0x00,0x00,0x00,0x00,0x00,0x00,0x00,0x00,0x00,0x00,0x00,0xb0,0x8b,0x4d,0x00,
    0x00,0x00,0x00,0x00,0x00,0x00,0x00,0x00,0x78,0x78,0x4d,0x49,0x4e,0x49,0x4c,0x41,0x4e,0x44,0x20,0x44,0x45,0x4e,0x4d,0x41,
    0x52,0x4b,0x00,0x00,0x4d,0x49,0x4e,0x49,0x4c,0x41,0x4e,0x44,0x20,0x45,0x47,0x59,0x50,0x54,0x00,0x00,0x4d,0x49,0x4e,0x49,
    0x4c,0x41,0x4e,0x44,0x20,0x4e,0x45,0x57,0x20,0x59,0x4f,0x52,0x4b,0x00,0x00,0x00,0x4d,0x49,0x4e,0x49,0x4c,0x41,0x4e,0x44,
    0x20,0x41,0x55,0x53,0x54,0x52,0x41,0x4c,0x49,0x41,0x00,0x00,0x4d,0x49,0x4e,0x49,0x4c,0x41,0x4e,0x44,0x20,0x49,0x4e,0x44,
    0x49,0x41,0x00,0x00,0x4d,0x49,0x4e,0x49,0x4c,0x41,0x4e,0x44,0x20,0x57,0x41,0x53,0x48,0x49,0x4e,0x47,0x54,0x4f,0x4e,0x00,
    0x4d,0x49,0x4e,0x49,0x4c,0x41,0x4e,0x44,0x20,0x49,0x54,0x41,0x4c,0x59,0x00,0x00,0x4d,0x49,0x4e,0x49,0x4c,0x41,0x4e,0x44,
    0x20,0x48,0x4f,0x4c,0x4c,0x41,0x4e,0x44,0x00,0x00,0x00,0x00,0x4d,0x49,0x4e,0x49,0x4c,0x41,0x4e,0x44,0x20,0x46,0x52,0x41,
    0x4e,0x43,0x45,0x00,0x4d,0x49,0x4e,0x49,0x4c,0x41,0x4e,0x44,0x20,0x4c,0x4f,0x4e,0x44,0x4f,0x4e,0x00,0x4d,0x49,0x4e,0x49,
    0x4c,0x41,0x4e,0x44,0x20,0x53,0x41,0x4e,0x20,0x46,0x52,0x41,0x4e,0x43,0x49,0x53,0x43,0x4f,0x00,0x00,0x58,0x58,0x52,0x4f,
    0x4c,0x4c,0x45,0x52,0x20,0x43,0x4f,0x41,0x53,0x54,0x45,0x52,0x20,0x54,0x52,0x41,0x43,0x4b,0x00,0x00,0x52,0x4f,0x50,0x45,
    0x20,0x43,0x4c,0x49,0x4d,0x42,0x00,0x00,0x43,0x52,0x59,0x53,0x54,0x41,0x4c,0x20,0x50,0x4f,0x57,0x45,0x52,0x20,0x53,0x54,
    0x41,0x54,0x49,0x4f,0x4e,0x00,0x00,0x00,0x53,0x4d,0x41,0x4c,0x4c,0x20,0x50,0x4f,0x57,0x45,0x52,0x20,0x53,0x54,0x41,0x54,
    0x49,0x4f,0x4e,0x00,0x54,0x2d,0x52,0x45,0x58,0x00,0x00,0x00,0x44,0x49,0x4e,0x4f,0x20,0x53,0x4d,0x41,0x4c,0x4c,0x00,0x00,
    0x44,0x49,0x4e,0x4f,0x20,0x4d,0x49,0x4e,0x49,0x00,0x00,0x00,0x44,0x49,0x4e,0x4f,0x20,0x42,0x49,0x47,0x00,0x00,0x00,0x00,
    0x50,0x59,0x52,0x41,0x4d,0x49,0x44,0x20,0x32,0x00,0x00,0x00,0x50,0x59,0x52,0x41,0x4d,0x49,0x44,0x20,0x31,0x00,0x00,0x00,
    0x41,0x42,0x55,0x20,0x53,0x49,0x4d,0x00,0x42,0x49,0x47,0x20,0x4f,0x42,0x4c,0x49,0x53,0x4b,0x00,0x00,0x4f,0x42,0x4c,0x49,
    0x53,0x4b,0x20,0x53,0x4d,0x41,0x4c,0x4c,0x00,0x00,0x00,0x00,0x45,0x47,0x59,0x50,0x54,0x49,0x41,0x4e,0x20,0x53,0x54,0x41,
    0x54,0x55,0x45,0x00,0x53,0x50,0x48,0x49,0x4e,0x58,0x00,0x00,0x41,0x4e,0x55,0x42,0x49,0x53,0x00,0x00,0x58,0x58,0x43,0x41,
    0x53,0x54,0x4c,0x45,0x5f,0x44,0x55,0x4d,0x4d,0x59,0x00,0x00,0x42,0x41,0x52,0x52,0x4f,0x57,0x00,0x00,0x4b,0x45,0x45,0x50,
    0x00,0x00,0x00,0x00,0x43,0x41,0x43,0x54,0x55,0x53,0x20,0x33,0x00,0x00,0x00,0x00,0x43,0x41,0x43,0x54,0x55,0x53,0x20,0x32,
    0x00,0x00,0x00,0x00,0x43,0x41,0x43,0x54,0x55,0x53,0x20,0x31,0x00,0x00,0x00,0x00,0x43,0x41,0x43,0x54,0x49,0x20,0x33,0x00,
    0x43,0x41,0x43,0x54,0x49,0x20,0x32,0x00,0x43,0x41,0x43,0x54,0x49,0x20,0x31,0x00,0x57,0x45,0x53,0x54,0x20,0x42,0x55,0x53,
    0x48,0x20,0x33,0x00,0x57,0x45,0x53,0x54,0x20,0x42,0x55,0x53,0x48,0x20,0x32,0x00,0x57,0x45,0x53,0x54,0x20,0x42,0x55,0x53,
    0x48,0x20,0x31,0x00,0x42,0x55,0x53,0x48,0x20,0x32,0x00,0x00,0x42,0x55,0x53,0x48,0x20,0x31,0x00,0x00,0x46,0x4c,0x4f,0x57,
    0x45,0x52,0x20,0x42,0x45,0x44,0x20,0x34,0x00,0x00,0x00,0x00,0x46,0x4c,0x4f,0x57,0x45,0x52,0x20,0x42,0x45,0x44,0x20,0x33,
    0x00,0x00,0x00,0x00,0x46,0x4c,0x4f,0x57,0x45,0x52,0x20,0x42,0x45,0x44,0x20,0x32,0x00,0x00,0x00,0x00,0x46,0x4c,0x4f,0x57,
    0x45,0x52,0x20,0x42,0x45,0x44,0x20,0x31,0x00,0x00,0x00,0x00,0x50,0x4c,0x41,0x4e,0x54,0x53,0x20,0x34,0x00,0x00,0x00,0x00,
    0x50,0x4c,0x41,0x4e,0x54,0x53,0x20,0x33,0x00,0x00,0x00,0x00,0x50,0x4c,0x41,0x4e,0x54,0x53,0x20,0x32,0x00,0x00,0x00,0x00,
    0x50,0x4c,0x41,0x4e,0x54,0x53,0x20,0x31,0x00,0x00,0x00,0x00,0x50,0x41,0x4c,0x4d,0x20,0x54,0x52,0x45,0x45,0x53,0x20,0x32,
    0x00,0x00,0x00,0x00,0x4d,0x4f,0x4e,0x4b,0x54,0x52,0x45,0x45,0x00,0x00,0x00,0x00,0x43,0x52,0x4f,0x43,0x54,0x52,0x45,0x45,
    0x00,0x00,0x00,0x00,0x43,0x41,0x53,0x54,0x4c,0x45,0x20,0x57,0x45,0x4c,0x4c,0x00,0x43,0x41,0x53,0x54,0x4c,0x45,0x20,0x54,
    0x52,0x45,0x45,0x20,0x33,0x00,0x00,0x00,0x43,0x41,0x53,0x54,0x4c,0x45,0x20,0x54,0x52,0x45,0x45,0x20,0x32,0x00,0x00,0x00,
    0x43,0x41,0x53,0x54,0x4c,0x45,0x20,0x54,0x52,0x45,0x45,0x20,0x31,0x00,0x00,0x00,0x57,0x41,0x54,0x45,0x52,0x50,0x55,0x4d,
    0x50,0x00,0x00,0x00,0x53,0x48,0x52,0x55,0x42,0x00,0x00,0x00,0x4d,0x49,0x4e,0x49,0x20,0x50,0x49,0x4e,0x45,0x20,0x54,0x52,
    0x45,0x45,0x00,0x00,0x54,0x52,0x45,0x45,0x20,0x31,0x00,0x00,0x42,0x41,0x52,0x52,0x45,0x4c,0x00,0x00,0x50,0x41,0x4c,0x4d,
    0x20,0x54,0x52,0x45,0x45,0x00,0x00,0x00,0x42,0x61,0x72,0x5f,0x52,0x69,0x64,0x65,0x73,0x2e,0x6c,0x6c,0x73,0x00,0x00,0x00,
    0x41,0x63,0x63,0x65,0x70,0x74,0x5f,0x4f,0x6e,0x5f,0x46,0x72,0x65,0x65,0x50,0x6c,0x61,0x79,0x2e,0x6c,0x6c,0x73,0x00,0x00,
    0x47,0x6f,0x42,0x61,0x63,0x6b,0x5f,0x6f,0x6e,0x5f,0x46,0x72,0x65,0x65,0x50,0x6c,0x61,0x79,0x2e,0x6c,0x6c,0x73,0x00,0x00,
    0x46,0x50,0x5f,0x43,0x6f,0x76,0x65,0x72,0x2e,0x6c,0x6c,0x73,0x00,0x00,0x00,0x00,0x46,0x72,0x65,0x65,0x50,0x6c,0x61,0x79,
    0x5f,0x54,0x69,0x63,0x6b,0x2e,0x6c,0x6c,0x73,0x00,0x00,0x00,0x46,0x50,0x5f,0x55,0x70,0x34,0x2e,0x6c,0x6c,0x73,0x00,0x00,
    0x46,0x50,0x5f,0x55,0x70,0x33,0x2e,0x6c,0x6c,0x73,0x00,0x00,0x46,0x50,0x5f,0x55,0x70,0x32,0x2e,0x6c,0x6c,0x73,0x00,0x00,
    0x46,0x50,0x5f,0x55,0x70,0x31,0x2e,0x6c,0x6c,0x73,0x00,0x00,0x46,0x50,0x5f,0x44,0x6f,0x77,0x6e,0x34,0x2e,0x6c,0x6c,0x73,
    0x00,0x00,0x00,0x00,0x46,0x50,0x5f,0x44,0x6f,0x77,0x6e,0x33,0x2e,0x6c,0x6c,0x73,0x00,0x00,0x00,0x00,0x46,0x50,0x5f,0x44,
    0x6f,0x77,0x6e,0x32,0x2e,0x6c,0x6c,0x73,0x00,0x00,0x00,0x00,0x46,0x50,0x5f,0x44,0x6f,0x77,0x6e,0x31,0x2e,0x6c,0x6c,0x73,
    0x00,0x00,0x00,0x00,0x46,0x72,0x65,0x65,0x50,0x6c,0x61,0x79,0x53,0x63,0x72,0x65,0x65,0x6e,0x42,0x4b,0x2e,0x6c,0x6c,0x73,
    0x00,0x00,0x00,0x00,0x46,0x72,0x65,0x65,0x50,0x6c,0x61,0x79,0x54,0x65,0x73,0x74,0x2e,0x74,0x78,0x74,0x00,0x00,0x00,0x00,
    0x49,0x63,0x6f,0x6e,0x4c,0x69,0x73,0x74,0x2e,0x74,0x78,0x74,0x00,0x00,0x00,0x00,0x77,0x2b,0x00,0x00,0x00,0x00,0x00,0x00,
    0x7f,0x00,0x00,0x00,0x00,0x00,0x00,0x00,0xe4,0xee,0x4b,0x00,0xcc,0xee,0x4b,0x00,0x19,0x00,0x00,0x00,0x05,0x00,0x00,0x00,
    0x1a,0x00,0x00,0x00,0x00,0x00,0x00,0x00,0x00,0x00,0x00,0x00,0xb8,0xee,0x4b,0x00,0xa0,0xee,0x4b,0x00,0x1a,0x00,0x00,0x00,
    0xc2,0x00,0x00,0x00,0x05,0x00,0x00,0x00,0x00,0x00,0x00,0x00,0x00,0x00,0x00,0x00,0x88,0xee,0x4b,0x00,0x6c,0xee,0x4b,0x00,
    0x1b,0x00,0x00,0x00,0x83,0x00,0x00,0x00,0x66,0x00,0x00,0x00,0x00,0x00,0x00,0x00,0x00,0x00,0x00,0x00,0x5c,0xee,0x4b,0x00,
    0x48,0xee,0x4b,0x00,0x1c,0x00,0x00,0x00,0x05,0x00,0x00,0x00,0x8d,0x00,0x00,0x00,0x00,0x00,0x00,0x00,0x00,0x00,0x00,0x00,
    0x34,0xee,0x4b,0x00,0x20,0xee,0x4b,0x00,0x1d,0x00,0x00,0x00,0x54,0x01,0x00,0x00,0x53,0x00,0x00,0x00,0x00,0x00,0x00,0x00,
    0x00,0x00,0x00,0x00,0x0c,0xee,0x4b,0x00,0xf4,0xed,0x4b,0x00,0x1e,0x00,0x00,0x00,0x8c,0x00,0x00,0x00,0xc6,0x00,0x00,0x00,
    0x00,0x00,0x00,0x00,0x00,0x00,0x00,0x00,0xe0,0xed,0x4b,0x00,0xc8,0xed,0x4b,0x00,0x1f,0x00,0x00,0x00,0x1a,0x01,0x00,0x00,
    0xa2,0x00,0x00,0x00,0x00,0x00,0x00,0x00,0x00,0x00,0x00,0x00,0xb4,0xed,0x4b,0x00,0xa0,0xed,0x4b,0x00,0x20,0x00,0x00,0x00,
    0xdf,0x01,0x00,0x00,0x80,0x00,0x00,0x00,0x00,0x00,0x00,0x00,0x00,0x00,0x00,0x00,0x90,0xed,0x4b,0x00,0x7c,0xed,0x4b,0x00,
    0x21,0x00,0x00,0x00,0xd8,0x00,0x00,0x00,0x14,0x01,0x00,0x00,0x00,0x00,0x00,0x00,0x00,0x00,0x00,0x00,0x68,0xed,0x4b,0x00,
    0x54,0xed,0x4b,0x00,0x22,0x00,0x00,0x00,0x9a,0x01,0x00,0x00,0xef,0x00,0x00,0x00,0x00,0x00,0x00,0x00,0x00,0x00,0x00,0x00,
    0xff,0xff,0xff,0xff,0x00,0x00,0x00,0x00,0x40,0xed,0x4b,0x00,0x2c,0xed,0x4b,0x00,0x14,0x00,0x00,0x00,0x1e,0x00,0x00,0x00,
    0x82,0x00,0x00,0x00,0x00,0x00,0x00,0x00,0x00,0x00,0x00,0x00,0x40,0xed,0x4b,0x00,0x2c,0xed,0x4b,0x00,0x15,0x00,0x00,0x00,
    0x1e,0x00,0x00,0x00,0x9a,0x00,0x00,0x00,0x00,0x00,0x00,0x00,0x00,0x00,0x00,0x00,0x40,0xed,0x4b,0x00,0x2c,0xed,0x4b,0x00,
    0x16,0x00,0x00,0x00,0x1e,0x00,0x00,0x00,0xb2,0x00,0x00,0x00,0x00,0x00,0x00,0x00,0x00,0x00,0x00,0x00,0x40,0xed,0x4b,0x00,
    0x2c,0xed,0x4b,0x00,0x17,0x00,0x00,0x00,0x1e,0x00,0x00,0x00,0xca,0x00,0x00,0x00,0x00,0x00,0x00,0x00,0x00,0x00,0x00,0x00,
    0x40,0xed,0x4b,0x00,0x2c,0xed,0x4b,0x00,0x18,0x00,0x00,0x00,0x1e,0x00,0x00,0x00,0xe2,0x00,0x00,0x00,0x00,0x00,0x00,0x00,
    0x00,0x00,0x00,0x00,0x41,0x70,0x70,0x72,0x61,0x69,0x73,0x61,0x6c,0x5f,0x4e,0x6f,0x2e,0x6c,0x6c,0x73,0x00,0x00,0x00,0x00,
    0x41,0x70,0x70,0x72,0x61,0x69,0x73,0x61,0x6c,0x5f,0x59,0x65,0x73,0x2e,0x6c,0x6c,0x73,0x00,0x00,0x00,0x50,0x72,0x6f,0x5f,
    0x45,0x67,0x79,0x70,0x74,0x5f,0x55,0x6e,0x6c,0x69,0x74,0x2e,0x6c,0x6c,0x73,0x00,0x50,0x72,0x6f,0x5f,0x45,0x67,0x79,0x70,
    0x74,0x5f,0x4c,0x69,0x74,0x2e,0x6c,0x6c,0x73,0x00,0x00,0x00,0x50,0x72,0x6f,0x5f,0x53,0x79,0x64,0x5f,0x55,0x6e,0x6c,0x69,
    0x74,0x2e,0x6c,0x6c,0x73,0x00,0x00,0x00,0x50,0x72,0x6f,0x5f,0x53,0x79,0x64,0x5f,0x4c,0x69,0x74,0x2e,0x6c,0x6c,0x73,0x00,
    0x50,0x72,0x6f,0x5f,0x49,0x74,0x61,0x6c,0x79,0x5f,0x55,0x6e,0x6c,0x69,0x74,0x2e,0x6c,0x6c,0x73,0x00,0x50,0x72,0x6f,0x5f,
    0x49,0x74,0x61,0x6c,0x79,0x5f,0x4c,0x69,0x74,0x2e,0x6c,0x6c,0x73,0x00,0x00,0x00,0x50,0x72,0x6f,0x5f,0x4c,0x6f,0x6e,0x64,
    0x6f,0x6e,0x5f,0x55,0x6e,0x6c,0x69,0x74,0x2e,0x6c,0x6c,0x73,0x00,0x00,0x00,0x00,0x50,0x72,0x6f,0x5f,0x4c,0x6f,0x6e,0x64,
    0x6f,0x6e,0x5f,0x4c,0x69,0x74,0x2e,0x6c,0x6c,0x73,0x00,0x00,0x50,0x72,0x6f,0x5f,0x48,0x6f,0x6c,0x6c,0x61,0x6e,0x64,0x5f,
    0x55,0x6e,0x6c,0x69,0x74,0x2e,0x6c,0x6c,0x73,0x00,0x00,0x00,0x50,0x72,0x6f,0x5f,0x48,0x6f,0x6c,0x6c,0x61,0x6e,0x64,0x5f,
    0x4c,0x69,0x74,0x2e,0x6c,0x6c,0x73,0x00,0x50,0x72,0x6f,0x5f,0x49,0x6e,0x64,0x69,0x61,0x5f,0x55,0x6e,0x6c,0x69,0x74,0x2e,
    0x6c,0x6c,0x73,0x00,0x50,0x72,0x6f,0x5f,0x49,0x6e,0x64,0x69,0x61,0x5f,0x4c,0x69,0x74,0x2e,0x6c,0x6c,0x73,0x00,0x00,0x00,
    0x50,0x72,0x6f,0x5f,0x4e,0x59,0x5f,0x55,0x6e,0x6c,0x69,0x74,0x2e,0x6c,0x6c,0x73,0x00,0x00,0x00,0x00,0x50,0x72,0x6f,0x5f,
    0x4e,0x59,0x5f,0x4c,0x69,0x74,0x2e,0x6c,0x6c,0x73,0x00,0x00,0x50,0x72,0x6f,0x5f,0x57,0x61,0x73,0x68,0x69,0x6e,0x67,0x74,
    0x6f,0x6e,0x5f,0x55,0x6e,0x6c,0x69,0x74,0x2e,0x6c,0x6c,0x73,0x00,0x00,0x00,0x00,0x50,0x72,0x6f,0x5f,0x57,0x61,0x73,0x68,
    0x69,0x6e,0x67,0x74,0x6f,0x6e,0x5f,0x4c,0x69,0x74,0x2e,0x6c,0x6c,0x73,0x00,0x00,0x50,0x72,0x6f,0x5f,0x42,0x65,0x6c,0x67,
    0x69,0x75,0x6d,0x5f,0x55,0x6e,0x6c,0x69,0x74,0x2e,0x6c,0x6c,0x73,0x00,0x00,0x00,0x50,0x72,0x6f,0x5f,0x42,0x65,0x6c,0x67,
    0x69,0x75,0x6d,0x5f,0x4c,0x69,0x74,0x2e,0x6c,0x6c,0x73,0x00,0x50,0x72,0x6f,0x5f,0x53,0x61,0x6e,0x46,0x72,0x61,0x6e,0x5f,
    0x55,0x6e,0x6c,0x69,0x74,0x2e,0x6c,0x6c,0x73,0x00,0x00,0x00,0x50,0x72,0x6f,0x5f,0x53,0x61,0x6e,0x46,0x72,0x61,0x6e,0x5f,
    0x4c,0x69,0x74,0x2e,0x6c,0x6c,0x73,0x00,0x54,0x75,0x74,0x6f,0x72,0x69,0x61,0x6c,0x5f,0x4f,0x6e,0x5f,0x50,0x72,0x6f,0x67,
    0x72,0x65,0x73,0x73,0x2e,0x6c,0x6c,0x73,0x00,0x00,0x00,0x00,0x47,0x6f,0x42,0x61,0x63,0x6b,0x5f,0x6f,0x6e,0x5f,0x50,0x72,
    0x6f,0x67,0x72,0x65,0x73,0x73,0x2e,0x6c,0x6c,0x73,0x00,0x00,0x41,0x63,0x63,0x65,0x70,0x74,0x5f,0x6f,0x6e,0x5f,0x50,0x72,
    0x6f,0x67,0x72,0x65,0x73,0x73,0x2e,0x6c,0x6c,0x73,0x00,0x00,0x50,0x72,0x6f,0x67,0x72,0x65,0x73,0x73,0x5f,0x53,0x63,0x72,
    0x65,0x65,0x6e,0x42,0x4b,0x2e,0x6c,0x6c,0x73,0x00,0x00,0x00,0x47,0x6f,0x42,0x61,0x63,0x6b,0x5f,0x6f,0x6e,0x5f,0x54,0x75,
    0x74,0x2e,0x6c,0x6c,0x73,0x00,0x00,0x00,0x41,0x63,0x63,0x65,0x70,0x74,0x5f,0x6f,0x6e,0x5f,0x52,0x65,0x70,0x6f,0x72,0x74,
    0x2e,0x6c,0x6c,0x73,0x00,0x00,0x00,0x00,0x54,0x75,0x74,0x6f,0x72,0x69,0x61,0x6c,0x42,0x4b,0x2e,0x6c,0x6c,0x73,0x00,0x00,
    0x7f,0x00,0x00,0x00,0x01,0x00,0x00,0x00,0x45,0x4d,0x50,0x54,0x59,0x00,0x00,0x00,0x41,0x63,0x63,0x65,0x70,0x74,0x5f,0x4f,
    0x6e,0x5f,0x52,0x65,0x67,0x2e,0x6c,0x6c,0x73,0x00,0x00,0x00,0x52,0x65,0x67,0x5f,0x48,0x61,0x72,0x64,0x5f,0x4f,0x66,0x66,
    0x2e,0x6c,0x6c,0x73,0x00,0x00,0x00,0x00,0x52,0x65,0x67,0x5f,0x48,0x61,0x72,0x64,0x5f,0x4f,0x6e,0x2e,0x6c,0x6c,0x73,0x00,
    0x52,0x65,0x67,0x5f,0x4d,0x69,0x64,0x5f,0x4f,0x66,0x66,0x2e,0x6c,0x6c,0x73,0x00,0x52,0x65,0x67,0x5f,0x4d,0x69,0x64,0x5f,
    0x4f,0x6e,0x2e,0x6c,0x6c,0x73,0x00,0x00,0x52,0x65,0x67,0x5f,0x45,0x61,0x73,0x79,0x5f,0x4f,0x66,0x66,0x2e,0x6c,0x6c,0x73,
    0x00,0x00,0x00,0x00,0x52,0x65,0x67,0x5f,0x45,0x61,0x73,0x79,0x5f,0x4f,0x6e,0x2e,0x6c,0x6c,0x73,0x00,0x52,0x65,0x67,0x5f,
    0x44,0x69,0x66,0x66,0x5f,0x50,0x6f,0x70,0x55,0x70,0x2e,0x6c,0x6c,0x73,0x00,0x00,0x52,0x65,0x67,0x5f,0x44,0x65,0x6c,0x65,
    0x74,0x65,0x5f,0x50,0x6f,0x70,0x55,0x70,0x2e,0x6c,0x6c,0x73,0x00,0x00,0x00,0x00,0x52,0x65,0x67,0x50,0x72,0x6f,0x66,0x69,
    0x6c,0x65,0x4f,0x66,0x66,0x5f,0x38,0x2e,0x6c,0x6c,0x73,0x00,0x52,0x65,0x67,0x50,0x72,0x6f,0x66,0x69,0x6c,0x65,0x4f,0x66,
    0x66,0x5f,0x37,0x2e,0x6c,0x6c,0x73,0x00,0x52,0x65,0x67,0x50,0x72,0x6f,0x66,0x69,0x6c,0x65,0x4f,0x66,0x66,0x5f,0x36,0x2e,
    0x6c,0x6c,0x73,0x00,0x52,0x65,0x67,0x50,0x72,0x6f,0x66,0x69,0x6c,0x65,0x4f,0x66,0x66,0x5f,0x35,0x2e,0x6c,0x6c,0x73,0x00,
    0x52,0x65,0x67,0x50,0x72,0x6f,0x66,0x69,0x6c,0x65,0x4f,0x66,0x66,0x5f,0x34,0x2e,0x6c,0x6c,0x73,0x00,0x52,0x65,0x67,0x50,
    0x72,0x6f,0x66,0x69,0x6c,0x65,0x4f,0x66,0x66,0x5f,0x33,0x2e,0x6c,0x6c,0x73,0x00,0x52,0x65,0x67,0x50,0x72,0x6f,0x66,0x69,
    0x6c,0x65,0x4f,0x66,0x66,0x5f,0x32,0x2e,0x6c,0x6c,0x73,0x00,0x52,0x65,0x67,0x50,0x72,0x6f,0x66,0x69,0x6c,0x65,0x4f,0x66,
    0x66,0x5f,0x31,0x2e,0x6c,0x6c,0x73,0x00,0x52,0x65,0x67,0x50,0x72,0x6f,0x66,0x69,0x6c,0x65,0x4f,0x4e,0x2e,0x6c,0x6c,0x73,
    0x00,0x00,0x00,0x00,0x52,0x65,0x67,0x44,0x65,0x6c,0x65,0x74,0x65,0x2e,0x6c,0x6c,0x73,0x00,0x00,0x00,0x52,0x65,0x67,0x44,
    0x65,0x6c,0x65,0x74,0x65,0x4f,0x6e,0x2e,0x6c,0x6c,0x73,0x00,0x52,0x65,0x67,0x5f,0x53,0x63,0x72,0x65,0x65,0x6e,0x42,0x4b,
    0x2e,0x6c,0x6c,0x73,0x00,0x00,0x00,0x00,0x52,0x65,0x67,0x43,0x6c,0x6f,0x73,0x65,0x4f,0x4e,0x2e,0x6c,0x6c,0x73,0x00,0x00,
    0x52,0x65,0x67,0x43,0x6c,0x6f,0x73,0x65,0x2e,0x6c,0x6c,0x73,0x00,0x00,0x00,0x00,0x7f,0x00,0x00,0x00,0x41,0x63,0x63,0x65,
    0x70,0x74,0x5f,0x4f,0x6e,0x5f,0x53,0x61,0x76,0x65,0x2e,0x6c,0x6c,0x73,0x00,0x00,0x47,0x6f,0x42,0x61,0x63,0x6b,0x5f,0x6f,
    0x6e,0x5f,0x53,0x61,0x76,0x65,0x64,0x47,0x61,0x6d,0x65,0x2e,0x6c,0x6c,0x73,0x00,0x52,0x65,0x67,0x43,0x6f,0x72,0x6e,0x65,
    0x72,0x4d,0x61,0x73,0x6b,0x2e,0x6c,0x6c,0x73,0x00,0x00,0x00,0x52,0x65,0x67,0x53,0x61,0x76,0x65,0x44,0x6f,0x75,0x62,0x6c,
    0x65,0x5f,0x50,0x6f,0x70,0x55,0x70,0x2e,0x6c,0x6c,0x73,0x00,0x52,0x65,0x67,0x44,0x65,0x6c,0x65,0x74,0x65,0x4f,0x4e,0x2e,
    0x6c,0x6c,0x73,0x00,0x53,0x61,0x76,0x65,0x54,0x79,0x70,0x65,0x5f,0x46,0x72,0x65,0x65,0x2e,0x6c,0x6c,0x73,0x00,0x00,0x00,
    0x53,0x61,0x76,0x65,0x54,0x79,0x70,0x65,0x5f,0x4e,0x6f,0x72,0x6d,0x61,0x6c,0x2e,0x6c,0x6c,0x73,0x00,0x52,0x65,0x67,0x53,
    0x61,0x76,0x65,0x4f,0x66,0x66,0x5f,0x38,0x2e,0x6c,0x6c,0x73,0x00,0x00,0x00,0x00,0x52,0x65,0x67,0x53,0x61,0x76,0x65,0x4f,
    0x66,0x66,0x5f,0x37,0x2e,0x6c,0x6c,0x73,0x00,0x00,0x00,0x00,0x52,0x65,0x67,0x53,0x61,0x76,0x65,0x4f,0x66,0x66,0x5f,0x36,
    0x2e,0x6c,0x6c,0x73,0x00,0x00,0x00,0x00,0x52,0x65,0x67,0x53,0x61,0x76,0x65,0x4f,0x66,0x66,0x5f,0x35,0x2e,0x6c,0x6c,0x73,
    0x00,0x00,0x00,0x00,0x52,0x65,0x67,0x53,0x61,0x76,0x65,0x4f,0x66,0x66,0x5f,0x34,0x2e,0x6c,0x6c,0x73,0x00,0x00,0x00,0x00,
    0x52,0x65,0x67,0x53,0x61,0x76,0x65,0x4f,0x66,0x66,0x5f,0x33,0x2e,0x6c,0x6c,0x73,0x00,0x00,0x00,0x00,0x52,0x65,0x67,0x53,
    0x61,0x76,0x65,0x4f,0x66,0x66,0x5f,0x32,0x2e,0x6c,0x6c,0x73,0x00,0x00,0x00,0x00,0x52,0x65,0x67,0x53,0x61,0x76,0x65,0x4f,
    0x66,0x66,0x5f,0x31,0x2e,0x6c,0x6c,0x73,0x00,0x00,0x00,0x00,0x52,0x65,0x67,0x53,0x61,0x76,0x65,0x53,0x6c,0x6f,0x74,0x4f,
    0x6e,0x2e,0x6c,0x6c,0x73,0x00,0x00,0x00,0x53,0x61,0x76,0x65,0x64,0x5f,0x47,0x61,0x6d,0x65,0x5f,0x53,0x63,0x72,0x65,0x65,
    0x6e,0x2e,0x6c,0x6c,0x73,0x00,0x00,0x00,0x72,0x00,0x00,0x00,0x70,0x72,0x6f,0x66,0x69,0x6c,0x65,0x73,0x5c,0x25,0x64,0x73,
    0x61,0x76,0x65,0x25,0x64,0x2e,0x73,0x68,0x00,0x00,0x00,0x00,0x52,0x65,0x67,0x43,0x6c,0x6f,0x73,0x65,0x4f,0x6e,0x2e,0x6c,
    0x6c,0x73,0x00,0x00,0x7c,0x00,0x00,0x00,0x25,0x73,0x25,0x64,0x00,0x00,0x00,0x00,0x53,0x61,0x76,0x65,0x64,0x20,0x4f,0x4b,
    0x20,0x25,0x73,0x00,0x46,0x61,0x69,0x6c,0x65,0x64,0x20,0x74,0x6f,0x20,0x77,0x72,0x69,0x74,0x65,0x20,0x74,0x6f,0x20,0x73,
    0x61,0x76,0x65,0x20,0x68,0x65,0x61,0x64,0x65,0x72,0x20,0x25,0x73,0x00,0x00,0x00,0x0a,0x63,0x61,0x6e,0x6e,0x6f,0x74,0x20,
    0x6f,0x70,0x65,0x6e,0x20,0x6f,0x75,0x74,0x70,0x75,0x74,0x20,0x66,0x69,0x6c,0x65,0x20,0x25,0x73,0x00,0x46,0x61,0x69,0x6c,
    0x65,0x64,0x20,0x74,0x6f,0x20,0x6d,0x6f,0x76,0x65,0x20,0x74,0x6f,0x20,0x70,0x72,0x6f,0x66,0x69,0x6c,0x65,0x20,0x66,0x6f,
    0x6c,0x64,0x65,0x72,0x00,0x00,0x00,0x00,0x46,0x61,0x69,0x6c,0x65,0x64,0x20,0x74,0x6f,0x20,0x73,0x61,0x76,0x65,0x20,0x67,
    0x61,0x6d,0x65,0x20,0x25,0x73,0x00,0x00,0x46,0x61,0x69,0x6c,0x65,0x64,0x20,0x74,0x6f,0x20,0x64,0x65,0x6c,0x65,0x74,0x65,
    0x20,0x73,0x61,0x76,0x65,0x64,0x20,0x67,0x61,0x6d,0x65,0x20,0x48,0x65,0x61,0x64,0x65,0x72,0x20,0x25,0x73,0x0a,0x00,0x00,
    0x25,0x73,0x5c,0x25,0x64,0x73,0x61,0x76,0x65,0x25,0x64,0x2e,0x73,0x68,0x00,0x00,0x46,0x61,0x69,0x6c,0x65,0x64,0x20,0x74,
    0x6f,0x20,0x64,0x65,0x6c,0x65,0x74,0x65,0x20,0x73,0x61,0x76,0x65,0x64,0x20,0x67,0x61,0x6d,0x65,0x20,0x25,0x73,0x0a,0x00,
    0x7f,0x00,0x00,0x00,0x56,0x6f,0x6c,0x4d,0x61,0x72,0x6b,0x65,0x72,0x46,0x58,0x2e,0x6c,0x6c,0x73,0x00,0x55,0x70,0x33,0x2e,
    0x6c,0x6c,0x73,0x00,0x44,0x6f,0x77,0x6e,0x33,0x2e,0x6c,0x6c,0x73,0x00,0x00,0x00,0x56,0x6f,0x6c,0x4d,0x61,0x72,0x6b,0x65,
    0x72,0x4d,0x75,0x73,0x69,0x63,0x2e,0x6c,0x6c,0x73,0x00,0x00,0x55,0x70,0x32,0x2e,0x6c,0x6c,0x73,0x00,0x44,0x6f,0x77,0x6e,
    0x32,0x2e,0x6c,0x6c,0x73,0x00,0x00,0x00,0x56,0x6f,0x6c,0x4d,0x61,0x72,0x6b,0x65,0x72,0x53,0x70,0x65,0x65,0x63,0x68,0x2e,
    0x6c,0x6c,0x73,0x00,0x55,0x70,0x31,0x2e,0x6c,0x6c,0x73,0x00,0x44,0x6f,0x77,0x6e,0x31,0x2e,0x6c,0x6c,0x73,0x00,0x00,0x00,
    0x53,0x61,0x76,0x65,0x5f,0x6f,0x6e,0x5f,0x4f,0x70,0x74,0x69,0x6f,0x6e,0x73,0x2e,0x6c,0x6c,0x73,0x00,0x4c,0x6f,0x61,0x64,
    0x5f,0x6f,0x6e,0x5f,0x4f,0x70,0x74,0x69,0x6f,0x6e,0x73,0x2e,0x6c,0x6c,0x73,0x00,0x45,0x78,0x69,0x74,0x5f,0x6f,0x6e,0x5f,
    0x4f,0x70,0x74,0x69,0x6f,0x6e,0x73,0x2e,0x6c,0x6c,0x73,0x00,0x41,0x63,0x63,0x65,0x70,0x74,0x5f,0x4f,0x6e,0x5f,0x4f,0x70,
    0x74,0x69,0x6f,0x6e,0x73,0x2e,0x6c,0x6c,0x73,0x00,0x00,0x00,0x4f,0x70,0x74,0x69,0x6f,0x6e,0x53,0x63,0x72,0x65,0x65,0x6e,
    0x42,0x4b,0x2e,0x6c,0x6c,0x73,0x00,0x00,0x50,0x55,0x5f,0x49,0x6e,0x66,0x6f,0x50,0x6f,0x70,0x75,0x70,0x42,0x4b,0x2e,0x6c,
    0x6c,0x73,0x00,0x00,0x50,0x55,0x5f,0x42,0x69,0x67,0x50,0x6f,0x70,0x75,0x70,0x42,0x4b,0x2e,0x6c,0x6c,0x73,0x00,0x00,0x00,
    0x7f,0x00,0x00,0x00,0x7f,0x00,0x00,0x00,0x4d,0x6f,0x76,0x69,0x65,0x4f,0x6e,0x5f,0x4f,0x6e,0x5f,0x54,0x69,0x74,0x6c,0x65,
    0x2e,0x6c,0x6c,0x73,0x00,0x00,0x00,0x00,0x4c,0x6f,0x61,0x64,0x5f,0x6f,0x6e,0x5f,0x54,0x69,0x74,0x6c,0x65,0x2e,0x6c,0x6c,
    0x73,0x00,0x00,0x00,0x45,0x78,0x69,0x74,0x5f,0x4f,0x6e,0x5f,0x54,0x69,0x74,0x6c,0x65,0x2e,0x6c,0x6c,0x73,0x00,0x00,0x00,
    0x52,0x65,0x67,0x5f,0x6f,0x6e,0x5f,0x54,0x69,0x74,0x6c,0x65,0x2e,0x6c,0x6c,0x73,0x00,0x00,0x00,0x00,0x46,0x72,0x65,0x65,
    0x5f,0x6f,0x6e,0x5f,0x54,0x69,0x74,0x6c,0x65,0x2e,0x6c,0x6c,0x73,0x00,0x00,0x00,0x44,0x61,0x72,0x6b,0x5f,0x4e,0x65,0x77,
    0x5f,0x4f,0x6e,0x5f,0x54,0x69,0x74,0x6c,0x65,0x2e,0x6c,0x6c,0x73,0x00,0x00,0x00,0x4e,0x65,0x77,0x5f,0x6f,0x6e,0x5f,0x54,
    0x69,0x74,0x6c,0x65,0x2e,0x6c,0x6c,0x73,0x00,0x00,0x00,0x00,0x54,0x69,0x74,0x6c,0x65,0x53,0x63,0x72,0x65,0x65,0x6e,0x42,
    0x6b,0x2e,0x6c,0x6c,0x73,0x00,0x00,0x00,0x7f,0x00,0x00,0x00,0x42,0x69,0x6c,0x6c,0x75,0x6e,0x64,0x2e,0x61,0x76,0x69,0x00,
    0x57,0x69,0x6e,0x64,0x73,0x6f,0x72,0x2e,0x61,0x76,0x69,0x00,0x43,0x61,0x6c,0x69,0x66,0x6f,0x72,0x6e,0x69,0x61,0x2e,0x61,
    0x76,0x69,0x00,0x00,0x62,0x69,0x6c,0x6c,0x75,0x6e,0x64,0x2e,0x6c,0x6c,0x73,0x00,0x57,0x69,0x6e,0x64,0x73,0x6f,0x72,0x2e,
    0x6c,0x6c,0x73,0x00,0x43,0x61,0x6c,0x69,0x66,0x6f,0x72,0x6e,0x69,0x61,0x2e,0x6c,0x6c,0x73,0x00,0x00,0x47,0x6f,0x42,0x61,
    0x63,0x6b,0x5f,0x4f,0x6e,0x5f,0x41,0x64,0x76,0x65,0x72,0x74,0x2e,0x6c,0x6c,0x73,0x00,0x00,0x00,0x00,0x41,0x64,0x76,0x65,
    0x72,0x74,0x53,0x63,0x72,0x65,0x65,0x6e,0x2e,0x6c,0x6c,0x73,0x00,0x00,0x00,0x00,0x7f,0x00,0x00,0x00,0x70,0x72,0x69,0x6e,
    0x74,0x69,0x6e,0x66,0x6f,0x2e,0x6c,0x6c,0x73,0x00,0x00,0x00,0x50,0x72,0x69,0x6e,0x74,0x5f,0x4f,0x6e,0x5f,0x43,0x65,0x72,
    0x74,0x69,0x66,0x69,0x63,0x61,0x74,0x65,0x2e,0x6c,0x6c,0x73,0x00,0x00,0x00,0x00,0x47,0x6f,0x42,0x61,0x63,0x6b,0x5f,0x4f,
    0x6e,0x5f,0x43,0x65,0x72,0x74,0x69,0x66,0x69,0x63,0x61,0x74,0x65,0x2e,0x6c,0x6c,0x73,0x00,0x00,0x00,0x43,0x65,0x72,0x74,
    0x69,0x66,0x69,0x63,0x61,0x74,0x65,0x53,0x63,0x72,0x65,0x65,0x6e,0x2e,0x6c,0x6c,0x73,0x00,0x00,0x00,0x7f,0x00,0x00,0x00,
    0x01,0x00,0x00,0x00,0x25,0x73,0x5f,0x00,0x49,0x6e,0x74,0x65,0x72,0x76,0x61,0x6c,0x73,0x5c,0x25,0x73,0x00,0x00,0x00,0x00,
    0x25,0x73,0x25,0x30,0x32,0x64,0x2e,0x77,0x61,0x76,0x00,0x00,0x41,0x63,0x63,0x65,0x70,0x74,0x5f,0x4f,0x6e,0x5f,0x52,0x65,
    0x70,0x6f,0x72,0x74,0x2e,0x6c,0x6c,0x73,0x00,0x00,0x00,0x00,0x52,0x65,0x70,0x5f,0x48,0x69,0x6e,0x74,0x32,0x2e,0x6c,0x6c,
    0x73,0x00,0x00,0x00,0x52,0x65,0x70,0x5f,0x48,0x69,0x6e,0x74,0x31,0x2e,0x6c,0x6c,0x73,0x00,0x00,0x00,0x49,0x6e,0x74,0x65,
    0x72,0x76,0x61,0x6c,0x5f,0x53,0x63,0x72,0x65,0x65,0x6e,0x2e,0x6c,0x6c,0x73,0x00,0x7f,0x00,0x00,0x00,0x52,0x65,0x67,0x5f,
    0x4e,0x65,0x77,0x50,0x72,0x6f,0x66,0x69,0x6c,0x65,0x42,0x4b,0x2e,0x6c,0x6c,0x73,0x00,0x00,0x00,0x00,0x0a,0x63,0x61,0x6e,
    0x6e,0x6f,0x74,0x20,0x6f,0x70,0x65,0x6e,0x20,0x6f,0x75,0x74,0x70,0x75,0x74,0x20,0x66,0x69,0x6c,0x65,0x00,0x00,0x00,0x00,
    0x70,0x72,0x6f,0x66,0x69,0x6c,0x65,0x73,0x5c,0x50,0x72,0x6f,0x66,0x69,0x6c,0x65,0x25,0x64,0x2e,0x74,0x78,0x74,0x00,0x00,
    0x70,0x72,0x6f,0x66,0x69,0x6c,0x65,0x73,0x5c,0x25,0x64,0x73,0x61,0x76,0x65,0x25,0x64,0x2e,0x73,0x61,0x76,0x00,0x00,0x00,
    0x43,0x61,0x6e,0x6e,0x6f,0x74,0x20,0x46,0x69,0x6e,0x64,0x2f,0x4f,0x70,0x65,0x6e,0x20,0x50,0x72,0x6f,0x66,0x69,0x6c,0x65,
    0x20,0x44,0x69,0x72,0x65,0x63,0x74,0x6f,0x72,0x79,0x00,0x00,0x7f,0x00,0x00,0x00,0x7f,0x00,0x00,0x00,0x01,0x00,0x00,0x00,
    0x01,0x00,0x00,0x00,0x49,0x4d,0x54,0x3a,0x43,0x68,0x61,0x6e,0x67,0x69,0x6e,0x67,0x20,0x74,0x68,0x65,0x6d,0x65,0x20,0x62,
    0x65,0x66,0x6f,0x72,0x65,0x20,0x74,0x72,0x61,0x6e,0x73,0x69,0x74,0x69,0x6f,0x6e,0x0a,0x00,0x00,0x00,0x49,0x4d,0x54,0x3a,
    0x41,0x6c,0x72,0x65,0x61,0x64,0x79,0x20,0x69,0x6e,0x20,0x74,0x72,0x61,0x6e,0x73,0x69,0x74,0x69,0x6f,0x6e,0x2c,0x20,0x63,
    0x6f,0x6e,0x74,0x69,0x6e,0x75,0x69,0x6e,0x67,0x0a,0x00,0x00,0x49,0x4d,0x54,0x3a,0x54,0x68,0x65,0x6d,0x65,0x20,0x77,0x61,
    0x73,0x20,0x73,0x61,0x6d,0x65,0x20,0x25,0x64,0x2c,0x20,0x63,0x6f,0x6e,0x74,0x69,0x6e,0x75,0x69,0x6e,0x67,0x0a,0x00,0x00,
    0x49,0x4d,0x54,0x5f,0x49,0x4e,0x54,0x45,0x52,0x41,0x43,0x54,0x49,0x56,0x45,0x20,0x63,0x6f,0x6d,0x6d,0x61,0x6e,0x64,0x0a,
    0x00,0x00,0x00,0x00,0x49,0x4d,0x54,0x3a,0x53,0x65,0x67,0x6d,0x65,0x6e,0x74,0x20,0x73,0x74,0x61,0x72,0x74,0x65,0x64,0x0a,
    0x00,0x00,0x00,0x00,0x49,0x4d,0x54,0x3a,0x53,0x65,0x67,0x6d,0x65,0x6e,0x74,0x20,0x6c,0x6f,0x6f,0x70,0x65,0x64,0x0a,0x00,
    0x49,0x4d,0x54,0x3a,0x53,0x65,0x67,0x6d,0x65,0x6e,0x74,0x20,0x65,0x6e,0x64,0x0a,0x00,0x00,0x00,0x00,0x49,0x4d,0x54,0x3a,
    0x53,0x65,0x67,0x6d,0x65,0x6e,0x74,0x20,0x61,0x6c,0x6d,0x6f,0x73,0x74,0x20,0x65,0x6e,0x64,0x0a,0x00,0x49,0x4d,0x54,0x3a,
    0x53,0x65,0x67,0x6d,0x65,0x6e,0x74,0x20,0x73,0x74,0x6f,0x70,0x70,0x65,0x64,0x0a,0x00,0x00,0x00,0x00,0x45,0x6e,0x74,0x65,
    0x72,0x69,0x6e,0x67,0x20,0x49,0x4d,0x54,0x20,0x43,0x6f,0x6e,0x74,0x72,0x6f,0x6c,0x0a,0x00,0x00,0x00,0x77,0x00,0x6d,0x00,
    0x74,0x00,0x72,0x00,0x61,0x00,0x6e,0x00,0x32,0x00,0x00,0x00,0x77,0x00,0x69,0x00,0x74,0x00,0x72,0x00,0x61,0x00,0x6e,0x00,
    0x32,0x00,0x00,0x00,0x77,0x00,0x65,0x00,0x74,0x00,0x72,0x00,0x61,0x00,0x6e,0x00,0x32,0x00,0x00,0x00,0x77,0x00,0x6c,0x00,
    0x74,0x00,0x72,0x00,0x61,0x00,0x6e,0x00,0x32,0x00,0x00,0x00,0x6d,0x00,0x77,0x00,0x74,0x00,0x72,0x00,0x61,0x00,0x6e,0x00,
    0x32,0x00,0x00,0x00,0x6d,0x00,0x69,0x00,0x74,0x00,0x72,0x00,0x61,0x00,0x6e,0x00,0x32,0x00,0x00,0x00,0x6d,0x00,0x65,0x00,
    0x74,0x00,0x72,0x00,0x61,0x00,0x6e,0x00,0x32,0x00,0x00,0x00,0x6d,0x00,0x6c,0x00,0x74,0x00,0x72,0x00,0x61,0x00,0x6e,0x00,
    0x32,0x00,0x00,0x00,0x69,0x00,0x77,0x00,0x74,0x00,0x72,0x00,0x61,0x00,0x6e,0x00,0x32,0x00,0x00,0x00,0x69,0x00,0x6d,0x00,
    0x74,0x00,0x72,0x00,0x61,0x00,0x6e,0x00,0x32,0x00,0x00,0x00,0x69,0x00,0x65,0x00,0x74,0x00,0x72,0x00,0x61,0x00,0x6e,0x00,
    0x32,0x00,0x00,0x00,0x69,0x00,0x6c,0x00,0x74,0x00,0x72,0x00,0x61,0x00,0x6e,0x00,0x32,0x00,0x00,0x00,0x65,0x00,0x77,0x00,
    0x74,0x00,0x72,0x00,0x61,0x00,0x6e,0x00,0x32,0x00,0x00,0x00,0x65,0x00,0x6d,0x00,0x74,0x00,0x72,0x00,0x61,0x00,0x6e,0x00,
    0x32,0x00,0x00,0x00,0x65,0x00,0x69,0x00,0x74,0x00,0x72,0x00,0x61,0x00,0x6e,0x00,0x32,0x00,0x00,0x00,0x65,0x00,0x6c,0x00,
    0x74,0x00,0x72,0x00,0x61,0x00,0x6e,0x00,0x32,0x00,0x00,0x00,0x6c,0x00,0x77,0x00,0x74,0x00,0x72,0x00,0x61,0x00,0x6e,0x00,
    0x32,0x00,0x00,0x00,0x6c,0x00,0x6d,0x00,0x74,0x00,0x72,0x00,0x61,0x00,0x6e,0x00,0x32,0x00,0x00,0x00,0x6c,0x00,0x69,0x00,
    0x74,0x00,0x72,0x00,0x61,0x00,0x6e,0x00,0x32,0x00,0x00,0x00,0x6c,0x00,0x65,0x00,0x74,0x00,0x72,0x00,0x61,0x00,0x6e,0x00,
    0x32,0x00,0x00,0x00,0x73,0x00,0x65,0x00,0x67,0x00,0x77,0x00,0x65,0x00,0x73,0x00,0x74,0x00,0x32,0x00,0x00,0x00,0x00,0x00,
    0x73,0x00,0x65,0x00,0x67,0x00,0x6d,0x00,0x65,0x00,0x64,0x00,0x32,0x00,0x00,0x00,0x73,0x00,0x65,0x00,0x67,0x00,0x69,0x00,
    0x6e,0x00,0x63,0x00,0x61,0x00,0x32,0x00,0x00,0x00,0x00,0x00,0x73,0x00,0x65,0x00,0x67,0x00,0x65,0x00,0x67,0x00,0x79,0x00,
    0x70,0x00,0x74,0x00,0x32,0x00,0x00,0x00,0x73,0x00,0x65,0x00,0x67,0x00,0x77,0x00,0x65,0x00,0x73,0x00,0x74,0x00,0x31,0x00,
    0x00,0x00,0x00,0x00,0x73,0x00,0x65,0x00,0x67,0x00,0x6d,0x00,0x65,0x00,0x64,0x00,0x31,0x00,0x00,0x00,0x73,0x00,0x65,0x00,
    0x67,0x00,0x69,0x00,0x6e,0x00,0x63,0x00,0x61,0x00,0x31,0x00,0x00,0x00,0x00,0x00,0x73,0x00,0x65,0x00,0x67,0x00,0x65,0x00,
    0x67,0x00,0x79,0x00,0x70,0x00,0x74,0x00,0x31,0x00,0x00,0x00,0x74,0x00,0x68,0x00,0x65,0x00,0x6d,0x00,0x65,0x00,0x00,0x00,
    0x45,0x72,0x72,0x6f,0x72,0x20,0x47,0x65,0x74,0x74,0x69,0x6e,0x67,0x20,0x6d,0x75,0x73,0x69,0x63,0x20,0x6f,0x62,0x6a,0x65,
    0x63,0x74,0x20,0x28,0x43,0x61,0x6c,0x6c,0x20,0x25,0x64,0x29,0x20,0x28,0x52,0x65,0x74,0x20,0x3d,0x20,0x25,0x64,0x29,0x20,
    0x28,0x45,0x72,0x72,0x6f,0x72,0x20,0x3d,0x20,0x25,0x64,0x29,0x0a,0x00,0x00,0x00,0x74,0x00,0x68,0x00,0x65,0x00,0x6d,0x00,
    0x65,0x00,0x69,0x00,0x6e,0x00,0x74,0x00,0x72,0x00,0x6f,0x00,0x00,0x00,0x00,0x00,0x69,0x6d,0x75,0x73,0x69,0x63,0x5c,0x77,
    0x6d,0x74,0x72,0x61,0x6e,0x32,0x2e,0x73,0x67,0x74,0x00,0x00,0x69,0x6d,0x75,0x73,0x69,0x63,0x5c,0x77,0x69,0x74,0x72,0x61,
    0x6e,0x32,0x2e,0x73,0x67,0x74,0x00,0x00,0x69,0x6d,0x75,0x73,0x69,0x63,0x5c,0x77,0x65,0x74,0x72,0x61,0x6e,0x32,0x2e,0x73,
    0x67,0x74,0x00,0x00,0x69,0x6d,0x75,0x73,0x69,0x63,0x5c,0x77,0x6c,0x74,0x72,0x61,0x6e,0x32,0x2e,0x73,0x67,0x74,0x00,0x00,
    0x69,0x6d,0x75,0x73,0x69,0x63,0x5c,0x6d,0x77,0x74,0x72,0x61,0x6e,0x32,0x2e,0x73,0x67,0x74,0x00,0x00,0x69,0x6d,0x75,0x73,
    0x69,0x63,0x5c,0x6d,0x69,0x74,0x72,0x61,0x6e,0x32,0x2e,0x73,0x67,0x74,0x00,0x00,0x69,0x6d,0x75,0x73,0x69,0x63,0x5c,0x6d,
    0x65,0x74,0x72,0x61,0x6e,0x32,0x2e,0x73,0x67,0x74,0x00,0x00,0x69,0x6d,0x75,0x73,0x69,0x63,0x5c,0x6d,0x6c,0x74,0x72,0x61,
    0x6e,0x32,0x2e,0x73,0x67,0x74,0x00,0x00,0x69,0x6d,0x75,0x73,0x69,0x63,0x5c,0x69,0x77,0x74,0x72,0x61,0x6e,0x32,0x2e,0x73,
    0x67,0x74,0x00,0x00,0x69,0x6d,0x75,0x73,0x69,0x63,0x5c,0x69,0x6d,0x74,0x72,0x61,0x6e,0x32,0x2e,0x73,0x67,0x74,0x00,0x00,
    0x69,0x6d,0x75,0x73,0x69,0x63,0x5c,0x69,0x6c,0x74,0x72,0x61,0x6e,0x32,0x2e,0x73,0x67,0x74,0x00,0x00,0x69,0x6d,0x75,0x73,
    0x69,0x63,0x5c,0x65,0x77,0x74,0x72,0x61,0x6e,0x32,0x2e,0x73,0x67,0x74,0x00,0x00,0x69,0x6d,0x75,0x73,0x69,0x63,0x5c,0x65,
    0x6d,0x74,0x72,0x61,0x6e,0x32,0x2e,0x73,0x67,0x74,0x00,0x00,0x69,0x6d,0x75,0x73,0x69,0x63,0x5c,0x69,0x65,0x74,0x72,0x61,
    0x6e,0x32,0x2e,0x73,0x67,0x74,0x00,0x00,0x69,0x6d,0x75,0x73,0x69,0x63,0x5c,0x65,0x6c,0x74,0x72,0x61,0x6e,0x32,0x2e,0x73,
    0x67,0x74,0x00,0x00,0x69,0x6d,0x75,0x73,0x69,0x63,0x5c,0x6c,0x77,0x74,0x72,0x61,0x6e,0x32,0x2e,0x73,0x67,0x74,0x00,0x00,
    0x69,0x6d,0x75,0x73,0x69,0x63,0x5c,0x6c,0x6d,0x74,0x72,0x61,0x6e,0x32,0x2e,0x73,0x67,0x74,0x00,0x00,0x69,0x6d,0x75,0x73,
    0x69,0x63,0x5c,0x6c,0x69,0x74,0x72,0x61,0x6e,0x32,0x2e,0x73,0x67,0x74,0x00,0x00,0x69,0x6d,0x75,0x73,0x69,0x63,0x5c,0x6c,
    0x65,0x74,0x72,0x61,0x6e,0x32,0x2e,0x73,0x67,0x74,0x00,0x00,0x69,0x6d,0x75,0x73,0x69,0x63,0x5c,0x73,0x65,0x67,0x77,0x65,
    0x73,0x74,0x32,0x2e,0x73,0x67,0x74,0x00,0x69,0x6d,0x75,0x73,0x69,0x63,0x5c,0x73,0x65,0x67,0x6d,0x65,0x64,0x32,0x2e,0x73,
    0x67,0x74,0x00,0x00,0x69,0x6d,0x75,0x73,0x69,0x63,0x5c,0x73,0x65,0x67,0x69,0x6e,0x63,0x61,0x32,0x2e,0x73,0x67,0x74,0x00,
    0x69,0x6d,0x75,0x73,0x69,0x63,0x5c,0x73,0x65,0x67,0x65,0x67,0x79,0x70,0x74,0x32,0x2e,0x73,0x67,0x74,0x00,0x00,0x00,0x00,
    0x69,0x6d,0x75,0x73,0x69,0x63,0x5c,0x73,0x65,0x67,0x74,0x68,0x65,0x6d,0x65,0x32,0x2e,0x73,0x67,0x74,0x00,0x00,0x00,0x00,
    0x69,0x6d,0x75,0x73,0x69,0x63,0x5c,0x73,0x65,0x67,0x77,0x65,0x73,0x74,0x31,0x2e,0x73,0x67,0x74,0x00,0x69,0x6d,0x75,0x73,
    0x69,0x63,0x5c,0x73,0x65,0x67,0x6d,0x65,0x64,0x31,0x2e,0x73,0x67,0x74,0x00,0x00,0x69,0x6d,0x75,0x73,0x69,0x63,0x5c,0x73,
    0x65,0x67,0x69,0x6e,0x63,0x61,0x31,0x2e,0x73,0x67,0x74,0x00,0x69,0x6d,0x75,0x73,0x69,0x63,0x5c,0x73,0x65,0x67,0x65,0x67,
    0x79,0x70,0x74,0x31,0x2e,0x73,0x67,0x74,0x00,0x00,0x00,0x00,0x46,0x61,0x69,0x6c,0x65,0x64,0x20,0x74,0x6f,0x20,0x61,0x6c,
    0x6c,0x6f,0x63,0x61,0x74,0x65,0x20,0x4d,0x75,0x73,0x69,0x63,0x20,0x4f,0x62,0x6a,0x65,0x63,0x74,0x20,0x25,0x73,0x0a,0x00,
    0x4e,0x6f,0x74,0x20,0x45,0x6e,0x6f,0x75,0x67,0x68,0x20,0x44,0x61,0x74,0x61,0x20,0x25,0x73,0x20,0x28,0x77,0x61,0x6e,0x74,
    0x65,0x64,0x20,0x25,0x64,0x2c,0x20,0x67,0x6f,0x74,0x20,0x25,0x64,0x29,0x0a,0x00,0x69,0x6d,0x75,0x73,0x69,0x63,0x5c,0x73,
    0x65,0x67,0x74,0x68,0x65,0x6d,0x65,0x31,0x2e,0x73,0x67,0x74,0x00,0x00,0x00,0x00,0x4c,0x6f,0x61,0x64,0x69,0x6e,0x67,0x20,
    0x53,0x65,0x67,0x6d,0x65,0x6e,0x74,0x73,0x0a,0x00,0x00,0x00,0x4c,0x6f,0x61,0x64,0x69,0x6e,0x67,0x20,0x53,0x74,0x79,0x6c,
    0x65,0x73,0x0a,0x00,0x73,0x00,0x74,0x00,0x79,0x00,0x00,0x00,0x73,0x00,0x67,0x00,0x74,0x00,0x00,0x00,0x69,0x00,0x6d,0x00,
    0x75,0x00,0x73,0x00,0x69,0x00,0x63,0x00,0x00,0x00,0x00,0x00,0x09,0x53,0x74,0x6f,0x70,0x70,0x69,0x6e,0x67,0x20,0x53,0x61,
    0x6d,0x70,0x6c,0x65,0x20,0x66,0x6f,0x72,0x20,0x74,0x68,0x65,0x20,0x6b,0x69,0x6c,0x6c,0x20,0x25,0x73,0x20,0x28,0x25,0x78,
    0x29,0x0a,0x00,0x00,0x46,0x61,0x64,0x69,0x6e,0x67,0x20,0x53,0x61,0x6d,0x70,0x6c,0x65,0x20,0x28,0x25,0x73,0x29,0x20,0x28,
    0x25,0x78,0x29,0x20,0x74,0x6f,0x20,0x56,0x6f,0x6c,0x20,0x25,0x64,0x0a,0x00,0x00,0x4b,0x69,0x6c,0x6c,0x69,0x6e,0x67,0x20,
    0x4a,0x6f,0x75,0x73,0x74,0x20,0x46,0x58,0x0a,0x00,0x00,0x00,0x41,0x75,0x74,0x6f,0x6b,0x69,0x6c,0x6c,0x69,0x6e,0x67,0x20,
    0x53,0x61,0x6d,0x70,0x6c,0x65,0x20,0x25,0x73,0x20,0x28,0x25,0x78,0x29,0x0a,0x00,0x53,0x61,0x6d,0x70,0x6c,0x65,0x20,0x73,
    0x68,0x6f,0x75,0x6c,0x64,0x20,0x4b,0x69,0x6c,0x6c,0x20,0x69,0x6d,0x6d,0x65,0x64,0x69,0x61,0x74,0x65,0x6c,0x79,0x20,0x28,
    0x25,0x78,0x29,0x0a,0x00,0x00,0x00,0x00,0x46,0x61,0x64,0x69,0x6e,0x67,0x20,0x6f,0x75,0x74,0x20,0x53,0x61,0x6d,0x70,0x6c,
    0x65,0x20,0x25,0x73,0x20,0x28,0x25,0x78,0x29,0x20,0x5b,0x43,0x75,0x72,0x72,0x65,0x6e,0x74,0x20,0x56,0x6f,0x6c,0x20,0x3d,
    0x20,0x25,0x64,0x5d,0x0a,0x00,0x00,0x00,0x46,0x61,0x69,0x6c,0x65,0x64,0x20,0x74,0x6f,0x20,0x6c,0x6f,0x61,0x64,0x20,0x53,
    0x46,0x58,0x20,0x25,0x73,0x0a,0x00,0x00,0x2e,0x5c,0x73,0x66,0x78,0x5c,0x25,0x73,0x00,0x00,0x00,0x00,0x7f,0x00,0x00,0x00,
    0x43,0x6f,0x75,0x6c,0x64,0x6e,0x27,0x74,0x20,0x75,0x6e,0x6c,0x69,0x6e,0x6b,0x20,0x73,0x70,0x72,0x69,0x74,0x65,0x0a,0x00,
    0x2e,0x5c,0x43,0x6f,0x6d,0x70,0x53,0x70,0x72,0x69,0x74,0x65,0x5c,0x25,0x73,0x00,0x2e,0x63,0x73,0x70,0x00,0x00,0x00,0x00,
    0x7f,0x00,0x00,0x00,0x25,0x73,0x25,0x73,0x25,0x73,0x00,0x00,0x73,0x70,0x65,0x65,0x63,0x68,0x5c,0x00,0x2e,0x5c,0x73,0x74,
    0x72,0x69,0x6e,0x67,0x73,0x5c,0x73,0x74,0x61,0x62,0x2e,0x73,0x74,0x72,0x00,0x00,0x7f,0x00,0x00,0x00,0x25,0x30,0x32,0x64,
    0x3a,0x25,0x30,0x32,0x64,0x3a,0x25,0x30,0x32,0x64,0x2e,0x25,0x30,0x33,0x64,0x00,0x7f,0x00,0x00,0x00,0x00,0x00,0x00,0x00,
    0x00,0x00,0x00,0x00,0x01,0x00,0x00,0x00,0x00,0x00,0x00,0x00,0xff,0xff,0xff,0xff,0x01,0x00,0x00,0x00,0x00,0x00,0x00,0x00,
    0xff,0xff,0xff,0xff,0x00,0x00,0x00,0x00,0x00,0x00,0x00,0x00,0x02,0x00,0x00,0x00,0x00,0x00,0x00,0x00,0xfe,0xff,0xff,0xff,
    0x02,0x00,0x00,0x00,0x00,0x00,0x00,0x00,0xfe,0xff,0xff,0xff,0x00,0x00,0x00,0x00,0x01,0x00,0x00,0x00,0x01,0x00,0x00,0x00,
    0x01,0x00,0x00,0x00,0xff,0xff,0xff,0xff,0xff,0xff,0xff,0xff,0x01,0x00,0x00,0x00,0xff,0xff,0xff,0xff,0xff,0xff,0xff,0xff,
    0x41,0x6c,0x6c,0x6f,0x63,0x61,0x74,0x65,0x64,0x20,0x57,0x6f,0x72,0x6b,0x6f,0x72,0x64,0x65,0x72,0x20,0x25,0x78,0x0a,0x00,
    0x20,0x20,0x20,0x20,0x57,0x6f,0x72,0x6b,0x20,0x6f,0x72,0x64,0x65,0x72,0x20,0x6e,0x6f,0x74,0x20,0x66,0x6f,0x75,0x6e,0x64,
    0x20,0x28,0x25,0x78,0x29,0x20,0x61,0x74,0x20,0x28,0x25,0x64,0x2c,0x25,0x64,0x29,0x00,0x00,0x00,0x00,0x20,0x20,0x20,0x20,
    0x57,0x6f,0x72,0x6b,0x20,0x6f,0x72,0x64,0x65,0x72,0x73,0x20,0x53,0x54,0x41,0x52,0x54,0x20,0x28,0x25,0x78,0x29,0x2c,0x20,
    0x45,0x4e,0x44,0x20,0x28,0x25,0x78,0x29,0x0a,0x00,0x00,0x00,0x20,0x20,0x20,0x46,0x69,0x72,0x73,0x74,0x20,0x69,0x6e,0x20,
    0x6c,0x69,0x73,0x74,0x2c,0x20,0x4c,0x61,0x73,0x74,0x20,0x3d,0x20,0x25,0x78,0x0a,0x00,0x00,0x00,0x00,0x20,0x20,0x20,0x4c,
    0x61,0x73,0x74,0x20,0x69,0x6e,0x20,0x6c,0x69,0x73,0x74,0x2c,0x20,0x20,0x4e,0x65,0x78,0x74,0x20,0x3d,0x20,0x25,0x78,0x0a,
    0x00,0x00,0x00,0x00,0x75,0x6e,0x6c,0x69,0x6e,0x6b,0x69,0x6e,0x67,0x20,0x67,0x61,0x72,0x64,0x65,0x6e,0x65,0x72,0x20,0x6f,
    0x72,0x64,0x65,0x72,0x20,0x25,0x78,0x20,0x61,0x74,0x20,0x28,0x25,0x64,0x2c,0x20,0x25,0x64,0x29,0x0a,0x00,0x00,0x00,0x00,
    0x20,0x20,0x20,0x46,0x61,0x69,0x6c,0x65,0x64,0x20,0x74,0x6f,0x20,0x47,0x65,0x6e,0x65,0x72,0x61,0x74,0x65,0x20,0x47,0x61,
    0x72,0x64,0x65,0x6e,0x65,0x72,0x0a,0x00,0x20,0x20,0x20,0x47,0x61,0x72,0x64,0x65,0x6e,0x65,0x72,0x20,0x47,0x65,0x6e,0x65,
    0x72,0x61,0x74,0x65,0x64,0x20,0x61,0x74,0x20,0x28,0x25,0x64,0x2c,0x25,0x64,0x29,0x0a,0x00,0x00,0x00,0x20,0x20,0x20,0x47,
    0x61,0x72,0x64,0x65,0x6e,0x65,0x72,0x20,0x47,0x65,0x6e,0x65,0x72,0x61,0x74,0x65,0x64,0x20,0x69,0x6e,0x20,0x68,0x75,0x74,
    0x0a,0x00,0x00,0x00,0x47,0x65,0x6e,0x65,0x72,0x61,0x74,0x69,0x6e,0x67,0x20,0x47,0x61,0x72,0x64,0x65,0x6e,0x65,0x72,0x0a,
    0x00,0x00,0x00,0x00,0x75,0x98,0x00,0x00,0x73,0x98,0x00,0x00,0x48,0xe4,0x49,0x00,0x5f,0xe4,0x49,0x00,0x5f,0xe4,0x49,0x00,
    0x01,0x00,0x00,0x00,0x00,0x00,0x00,0x00,0x00,0x00,0x00,0x00,0x00,0x00,0x00,0x00,0x3f,0x17,0x00,0x00,0x3f,0x1b,0x00,0x00,
    0x00,0x00,0x00,0x00,0x00,0x00,0x00,0x00,0x00,0x00,0x00,0x00,0x00,0x00,0xe0,0x3f,0x70,0x6f,0x77,0x00,0x20,0x05,0x93,0x19,
    0x00,0x00,0x00,0x00,0x00,0x00,0x00,0x00,0x00,0x00,0x00,0x00,0x00,0x00,0x00,0x00,0x3a,0x01,0x4c,0x00,0x3a,0x01,0x4c,0x00,
    0x00,0x00,0x20,0x00,0x20,0x00,0x20,0x00,0x20,0x00,0x20,0x00,0x20,0x00,0x20,0x00,0x20,0x00,0x20,0x00,0x28,0x00,0x28,0x00,
    0x28,0x00,0x28,0x00,0x28,0x00,0x20,0x00,0x20,0x00,0x20,0x00,0x20,0x00,0x20,0x00,0x20,0x00,0x20,0x00,0x20,0x00,0x20,0x00,
    0x20,0x00,0x20,0x00,0x20,0x00,0x20,0x00,0x20,0x00,0x20,0x00,0x20,0x00,0x20,0x00,0x20,0x00,0x48,0x00,0x10,0x00,0x10,0x00,
    0x10,0x00,0x10,0x00,0x10,0x00,0x10,0x00,0x10,0x00,0x10,0x00,0x10,0x00,0x10,0x00,0x10,0x00,0x10,0x00,0x10,0x00,0x10,0x00,
    0x10,0x00,0x84,0x00,0x84,0x00,0x84,0x00,0x84,0x00,0x84,0x00,0x84,0x00,0x84,0x00,0x84,0x00,0x84,0x00,0x84,0x00,0x10,0x00,
    0x10,0x00,0x10,0x00,0x10,0x00,0x10,0x00,0x10,0x00,0x10,0x00,0x81,0x00,0x81,0x00,0x81,0x00,0x81,0x00,0x81,0x00,0x81,0x00,
    0x01,0x00,0x01,0x00,0x01,0x00,0x01,0x00,0x01,0x00,0x01,0x00,0x01,0x00,0x01,0x00,0x01,0x00,0x01,0x00,0x01,0x00,0x01,0x00,
    0x01,0x00,0x01,0x00,0x01,0x00,0x01,0x00,0x01,0x00,0x01,0x00,0x01,0x00,0x01,0x00,0x10,0x00,0x10,0x00,0x10,0x00,0x10,0x00,
    0x10,0x00,0x10,0x00,0x82,0x00,0x82,0x00,0x82,0x00,0x82,0x00,0x82,0x00,0x82,0x00,0x02,0x00,0x02,0x00,0x02,0x00,0x02,0x00,
    0x02,0x00,0x02,0x00,0x02,0x00,0x02,0x00,0x02,0x00,0x02,0x00,0x02,0x00,0x02,0x00,0x02,0x00,0x02,0x00,0x02,0x00,0x02,0x00,
    0x02,0x00,0x02,0x00,0x02,0x00,0x02,0x00,0x10,0x00,0x10,0x00,0x10,0x00,0x10,0x00,0x20,0x00,0x00,0x00,0x00,0x00,0x00,0x00,
    0x00,0x00,0x00,0x00,0x00,0x00,0x00,0x00,0x00,0x00,0x00,0x00,0x00,0x00,0x00,0x00,0x00,0x00,0x00,0x00,0x00,0x00,0x00,0x00,
    0x00,0x00,0x00,0x00,0x00,0x00,0x00,0x00,0x00,0x00,0x00,0x00,0x00,0x00,0x00,0x00,0x00,0x00,0x00,0x00,0x00,0x00,0x00,0x00,
    0x00,0x00,0x00,0x00,0x00,0x00,0x00,0x00,0x00,0x00,0x00,0x00,0x00,0x00,0x00,0x00,0x00,0x00,0x00,0x00,0x00,0x00,0x00,0x00,
    0x00,0x00,0x00,0x00,0x00,0x00,0x00,0x00,0x00,0x00,0x00,0x00,0x00,0x00,0x00,0x00,0x00,0x00,0x00,0x00,0x00,0x00,0x00,0x00,
    0x00,0x00,0x00,0x00,0x00,0x00,0x00,0x00,0x00,0x00,0x00,0x00,0x00,0x00,0x00,0x00,0x00,0x00,0x00,0x00,0x00,0x00,0x00,0x00,
    0x00,0x00,0x00,0x00,0x00,0x00,0x00,0x00,0x00,0x00,0x00,0x00,0x00,0x00,0x00,0x00,0x00,0x00,0x00,0x00,0x00,0x00,0x00,0x00,
    0x00,0x00,0x00,0x00,0x00,0x00,0x00,0x00,0x00,0x00,0x00,0x00,0x00,0x00,0x00,0x00,0x00,0x00,0x00,0x00,0x00,0x00,0x00,0x00,
    0x00,0x00,0x00,0x00,0x00,0x00,0x00,0x00,0x00,0x00,0x00,0x00,0x00,0x00,0x00,0x00,0x00,0x00,0x00,0x00,0x00,0x00,0x00,0x00,
    0x00,0x00,0x00,0x00,0x00,0x00,0x00,0x00,0x00,0x00,0x00,0x00,0x00,0x00,0x00,0x00,0x00,0x00,0x00,0x00,0x00,0x00,0x00,0x00,
    0x00,0x00,0x00,0x00,0x00,0x00,0x00,0x00,0x00,0x00,0x00,0x00,0x00,0x00,0x00,0x00,0x00,0x00,0x00,0x00,0x00,0x00,0x00,0x00,
    0x00,0x00,0x00,0x00,0x00,0x00,0x00,0x00,0x00,0x00,0x00,0x00,0x01,0x00,0x00,0x00,0x2e,0x00,0x00,0x00,0x01,0x00,0x00,0x00,
    0xc9,0x02,0x4a,0x00,0x02,0x00,0x00,0x00,0xf5,0x79,0x4a,0x00,0xf5,0x79,0x4a,0x00,0xf5,0x79,0x4a,0x00,0xf5,0x79,0x4a,0x00,
    0xf5,0x79,0x4a,0x00,0xf5,0x79,0x4a,0x00,0x10,0x00,0x00,0x00,0xf8,0x03,0x00,0x00,0x9c,0xd0,0x4a,0x00,0x8c,0xd0,0x4a,0x00,
    0x40,0x2f,0x83,0x00,0x00,0x00,0x00,0x00,0x40,0x2f,0x83,0x00,0x01,0x01,0x00,0x00,0x00,0x00,0x00,0x00,0x00,0x00,0x00,0x00,
    0x00,0x10,0x00,0x00,0x00,0x00,0x00,0x00,0x00,0x00,0x00,0x00,0x00,0x00,0x00,0x00,0x00,0x00,0x00,0x00,0x02,0x00,0x00,0x00,
    0x01,0x00,0x00,0x00,0x00,0x00,0x00,0x00,0x00,0x00,0x00,0x00,0x00,0x00,0x00,0x00,0x00,0x00,0x00,0x00,0x00,0x00,0x00,0x00,
    0x00,0x00,0x00,0x00,0x02,0x00,0x00,0x00,0x02,0x00,0x00,0x00,0x00,0x00,0x00,0x00,0x00,0x00,0x00,0x00,0x00,0x00,0x00,0x00,
    0x00,0x00,0x00,0x00,0x00,0x00,0x00,0x00,0x00,0x00,0x00,0x00,0x00,0x00,0x00,0x00,0x00,0x00,0x00,0x00,0x00,0x00,0x00,0x00,
    0x00,0x00,0x00,0x00,0x00,0x00,0x00,0x00,0x00,0x00,0x00,0x00,0x00,0x00,0x00,0x00,0x00,0x00,0x00,0x00,0x00,0x00,0x00,0x00,
    0x00,0x00,0x00,0x00,0x00,0x00,0x00,0x00,0x00,0x00,0x00,0x00,0x00,0x00,0x00,0x00,0x00,0x00,0x00,0x00,0x00,0x00,0x00,0x00,
    0x00,0x00,0x00,0x00,0x00,0x00,0x00,0x00,0x00,0x00,0x00,0x00,0x00,0x00,0x00,0x00,0x00,0x00,0x00,0x00,0x00,0x00,0x00,0x00,
    0x00,0x00,0x00,0x00,0x00,0x00,0x00,0x00,0x00,0x00,0x00,0x00,0x00,0x00,0x00,0x00,0x00,0x00,0x00,0x00,0x00,0x00,0x00,0x00,
    0x00,0x00,0x00,0x00,0x00,0x00,0x00,0x00,0x00,0x00,0x00,0x00,0x00,0x00,0x00,0x00,0x00,0x00,0x00,0x00,0x00,0x00,0x00,0x00,
    0x00,0x00,0x00,0x00,0x00,0x00,0x00,0x00,0x00,0x00,0x00,0x00,0x00,0x00,0x00,0x00,0x00,0x00,0x00,0x00,0x00,0x00,0x00,0x00,
    0x00,0x00,0x00,0x00,0x00,0x00,0x00,0x00,0x00,0x00,0x00,0x00,0x00,0x00,0x00,0x00,0x00,0x00,0x00,0x00,0x00,0x00,0x00,0x00,
    0x00,0x00,0x00,0x00,0x00,0x00,0x00,0x00,0x00,0x00,0x00,0x00,0x00,0x00,0x00,0x00,0x00,0x00,0x00,0x00,0x00,0x00,0x00,0x00,
    0x00,0x00,0x00,0x00,0x00,0x00,0x00,0x00,0x00,0x00,0x00,0x00,0x00,0x00,0x00,0x00,0x00,0x00,0x00,0x00,0x00,0x00,0x00,0x00,
    0x00,0x00,0x00,0x00,0x00,0x00,0x00,0x00,0x00,0x00,0x00,0x00,0x00,0x00,0x00,0x00,0x00,0x00,0x00,0x00,0x00,0x00,0x00,0x00,
    0x00,0x00,0x00,0x00,0x00,0x00,0x00,0x00,0x00,0x00,0x00,0x00,0x00,0x00,0x00,0x00,0x00,0x00,0x00,0x00,0x00,0x00,0x00,0x00,
    0x00,0x00,0x00,0x00,0x00,0x00,0x00,0x00,0x00,0x00,0x00,0x00,0x00,0x00,0x00,0x00,0x00,0x00,0x00,0x00,0x00,0x00,0x00,0x00,
    0x00,0x00,0x00,0x00,0x00,0x00,0x00,0x00,0x00,0x00,0x00,0x00,0x00,0x00,0x00,0x00,0x00,0x00,0x00,0x00,0x00,0x00,0x00,0x00,
    0x00,0x00,0x00,0x00,0x00,0x00,0x00,0x00,0x00,0x00,0x00,0x00,0x00,0x00,0x00,0x00,0x00,0x00,0x00,0x00,0x00,0x00,0x00,0x00,
    0x00,0x00,0x00,0x00,0x00,0x00,0x00,0x00,0x00,0x00,0x00,0x00,0x00,0x00,0x00,0x00,0x00,0x00,0x00,0x00,0x00,0x00,0x00,0x00,
    0x00,0x00,0x00,0x00,0x00,0x00,0x00,0x00,0x00,0x00,0x00,0x00,0x00,0x00,0x00,0x00,0x00,0x00,0x00,0x00,0x00,0x00,0x00,0x00,
    0x00,0x00,0x00,0x00,0x00,0x00,0x00,0x00,0x00,0x00,0x00,0x00,0x00,0x00,0x00,0x00,0x00,0x00,0x00,0x00,0x00,0x00,0x00,0x00,
    0x00,0x00,0x00,0x00,0x00,0x00,0x00,0x00,0x00,0x00,0x00,0x00,0x00,0x00,0x00,0x00,0x00,0x00,0x00,0x00,0x00,0x00,0x00,0x00,
    0x00,0x00,0x00,0x00,0x00,0x00,0x00,0x00,0x00,0x00,0x00,0x00,0x00,0x00,0x00,0x00,0x00,0x00,0x00,0x00,0x00,0x00,0x00,0x00,
    0x00,0x00,0x00,0x00,0x00,0x00,0x00,0x00,0x00,0x00,0x00,0x00,0x00,0x00,0x00,0x00,0x00,0x00,0x00,0x00,0x00,0x00,0x00,0x00,
    0x00,0x00,0x00,0x00,0x00,0x00,0x00,0x00,0x00,0x00,0x00,0x00,0x00,0x00,0x00,0x00,0x00,0x00,0x00,0x00,0x00,0x00,0x00,0x00,
    0x00,0x00,0x00,0x00,0x00,0x00,0x00,0x00,0x00,0x00,0x00,0x00,0x00,0x00,0x00,0x00,0x14,0x00,0x00,0x00,0x54,0xd1,0x4a,0x00,
    0x1d,0x00,0x00,0x00,0x50,0xd1,0x4a,0x00,0x1a,0x00,0x00,0x00,0x4c,0xd1,0x4a,0x00,0x1b,0x00,0x00,0x00,0x44,0xd1,0x4a,0x00,
    0x1f,0x00,0x00,0x00,0x3c,0xd1,0x4a,0x00,0x13,0x00,0x00,0x00,0x34,0xd1,0x4a,0x00,0x21,0x00,0x00,0x00,0x2c,0xd1,0x4a,0x00,
    0x0e,0x00,0x00,0x00,0x24,0xd1,0x4a,0x00,0x0d,0x00,0x00,0x00,0x1c,0xd1,0x4a,0x00,0x0f,0x00,0x00,0x00,0x14,0xd1,0x4a,0x00,
    0x10,0x00,0x00,0x00,0x0c,0xd1,0x4a,0x00,0x05,0x00,0x00,0x00,0x04,0xd1,0x4a,0x00,0x1e,0x00,0x00,0x00,0x00,0xd1,0x4a,0x00,
    0x12,0x00,0x00,0x00,0xfc,0xd0,0x4a,0x00,0x20,0x00,0x00,0x00,0xf8,0xd0,0x4a,0x00,0x0c,0x00,0x00,0x00,0xf0,0xd0,0x4a,0x00,
    0x0b,0x00,0x00,0x00,0xe8,0xd0,0x4a,0x00,0x15,0x00,0x00,0x00,0xe0,0xd0,0x4a,0x00,0x1c,0x00,0x00,0x00,0xd8,0xd0,0x4a,0x00,
    0x19,0x00,0x00,0x00,0xd0,0xd0,0x4a,0x00,0x11,0x00,0x00,0x00,0xc8,0xd0,0x4a,0x00,0x18,0x00,0x00,0x00,0xc0,0xd0,0x4a,0x00,
    0x16,0x00,0x00,0x00,0xb8,0xd0,0x4a,0x00,0x17,0x00,0x00,0x00,0xb0,0xd0,0x4a,0x00,0x22,0x00,0x00,0x00,0xac,0xd0,0x4a,0x00,
    0x23,0x00,0x00,0x00,0xa8,0xd0,0x4a,0x00,0x24,0x00,0x00,0x00,0xa4,0xd0,0x4a,0x00,0x00,0x00,0x00,0x00,0x00,0x00,0xf0,0x7f,
    0x00,0x00,0x00,0x00,0x00,0x00,0xf8,0xff,0xff,0xff,0xff,0xff,0xff,0xff,0xef,0x7f,0x00,0x00,0x00,0x00,0x00,0x00,0x10,0x00,
    0x00,0x00,0x00,0x00,0x00,0x00,0x00,0x80,0x00,0x00,0x00,0x00,0x00,0x00,0x00,0x80,0x10,0x44,0x00,0x00,0x01,0x00,0x00,0x00,
    0x00,0x00,0x00,0x80,0x00,0x30,0x00,0x00,0x00,0x00,0x00,0x00,0x00,0x00,0x00,0x80,0xff,0x7f,0x00,0x00,0x00,0x00,0x00,0x00,
    0x00,0x80,0xff,0xff,0xdc,0xa7,0xd7,0xb9,0x85,0x66,0x71,0xb1,0x0d,0x40,0x00,0x00,0x00,0x00,0x00,0x00,0xff,0xff,0x0d,0x40,
    0xf7,0x36,0x43,0x0c,0x98,0x19,0xf6,0x95,0xfd,0x3f,0x00,0x00,0x00,0x00,0x00,0x00,0xe0,0x3f,0x00,0x00,0x00,0x00,0x00,0x00,
    0x00,0x00,0x00,0x00,0x03,0x65,0x78,0x70,0x00,0x00,0x00,0x00,0x00,0x00,0x00,0x00,0x00,0x01,0x14,0x00,0xc1,0x33,0x4a,0x00,
    0xcd,0x36,0x4a,0x00,0xd2,0x36,0x4a,0x00,0x01,0x35,0x4a,0x00,0x00,0x00,0x00,0x00,0x00,0x00,0x00,0x00,0x00,0x00,0x00,0x00,
    0x00,0x00,0x00,0x00,0x00,0x00,0x00,0xc0,0xff,0xff,0x35,0xc2,0x68,0x21,0xa2,0xda,0x0f,0xc9,0xff,0x3f,0x00,0x00,0x00,0x00,
    0x00,0x00,0xf0,0x3f,0x01,0x08,0x04,0x08,0x08,0x08,0x04,0x08,0x08,0x00,0x04,0x0c,0x08,0x00,0x04,0x0c,0x08,0x00,0x00,0x00,
    0x01,0x00,0x00,0x00,0x16,0x00,0x00,0x00,0x02,0x00,0x00,0x00,0x02,0x00,0x00,0x00,0x03,0x00,0x00,0x00,0x02,0x00,0x00,0x00,
    0x04,0x00,0x00,0x00,0x18,0x00,0x00,0x00,0x05,0x00,0x00,0x00,0x0d,0x00,0x00,0x00,0x06,0x00,0x00,0x00,0x09,0x00,0x00,0x00,
    0x07,0x00,0x00,0x00,0x0c,0x00,0x00,0x00,0x08,0x00,0x00,0x00,0x0c,0x00,0x00,0x00,0x09,0x00,0x00,0x00,0x0c,0x00,0x00,0x00,
    0x0a,0x00,0x00,0x00,0x07,0x00,0x00,0x00,0x0b,0x00,0x00,0x00,0x08,0x00,0x00,0x00,0x0c,0x00,0x00,0x00,0x16,0x00,0x00,0x00,
    0x0d,0x00,0x00,0x00,0x16,0x00,0x00,0x00,0x0f,0x00,0x00,0x00,0x02,0x00,0x00,0x00,0x10,0x00,0x00,0x00,0x0d,0x00,0x00,0x00,
    0x11,0x00,0x00,0x00,0x12,0x00,0x00,0x00,0x12,0x00,0x00,0x00,0x02,0x00,0x00,0x00,0x21,0x00,0x00,0x00,0x0d,0x00,0x00,0x00,
    0x35,0x00,0x00,0x00,0x02,0x00,0x00,0x00,0x41,0x00,0x00,0x00,0x0d,0x00,0x00,0x00,0x43,0x00,0x00,0x00,0x02,0x00,0x00,0x00,
    0x50,0x00,0x00,0x00,0x11,0x00,0x00,0x00,0x52,0x00,0x00,0x00,0x0d,0x00,0x00,0x00,0x53,0x00,0x00,0x00,0x0d,0x00,0x00,0x00,
    0x57,0x00,0x00,0x00,0x16,0x00,0x00,0x00,0x59,0x00,0x00,0x00,0x0b,0x00,0x00,0x00,0x6c,0x00,0x00,0x00,0x0d,0x00,0x00,0x00,
    0x6d,0x00,0x00,0x00,0x20,0x00,0x00,0x00,0x70,0x00,0x00,0x00,0x1c,0x00,0x00,0x00,0x72,0x00,0x00,0x00,0x09,0x00,0x00,0x00,
    0x06,0x00,0x00,0x00,0x16,0x00,0x00,0x00,0x80,0x00,0x00,0x00,0x0a,0x00,0x00,0x00,0x81,0x00,0x00,0x00,0x0a,0x00,0x00,0x00,
    0x82,0x00,0x00,0x00,0x09,0x00,0x00,0x00,0x83,0x00,0x00,0x00,0x16,0x00,0x00,0x00,0x84,0x00,0x00,0x00,0x0d,0x00,0x00,0x00,
    0x91,0x00,0x00,0x00,0x29,0x00,0x00,0x00,0x9e,0x00,0x00,0x00,0x0d,0x00,0x00,0x00,0xa1,0x00,0x00,0x00,0x02,0x00,0x00,0x00,
    0xa4,0x00,0x00,0x00,0x0b,0x00,0x00,0x00,0xa7,0x00,0x00,0x00,0x0d,0x00,0x00,0x00,0xb7,0x00,0x00,0x00,0x11,0x00,0x00,0x00,
    0xce,0x00,0x00,0x00,0x02,0x00,0x00,0x00,0xd7,0x00,0x00,0x00,0x0b,0x00,0x00,0x00,0x18,0x07,0x00,0x00,0x0c,0x00,0x00,0x00,
    0x01,0x02,0x04,0x08,0x00,0x00,0x00,0x00,0xa4,0x03,0x00,0x00,0x60,0x82,0x79,0x82,0x21,0x00,0x00,0x00,0x00,0x00,0x00,0x00,
    0xa6,0xdf,0x00,0x00,0x00,0x00,0x00,0x00,0xa1,0xa5,0x00,0x00,0x00,0x00,0x00,0x00,0x81,0x9f,0xe0,0xfc,0x00,0x00,0x00,0x00,
    0x40,0x7e,0x80,0xfc,0x00,0x00,0x00,0x00,0xa8,0x03,0x00,0x00,0xc1,0xa3,0xda,0xa3,0x20,0x00,0x00,0x00,0x00,0x00,0x00,0x00,
    0x00,0x00,0x00,0x00,0x00,0x00,0x00,0x00,0x00,0x00,0x00,0x00,0x00,0x00,0x00,0x00,0x81,0xfe,0x00,0x00,0x00,0x00,0x00,0x00,
    0x40,0xfe,0x00,0x00,0x00,0x00,0x00,0x00,0xb5,0x03,0x00,0x00,0xc1,0xa3,0xda,0xa3,0x20,0x00,0x00,0x00,0x00,0x00,0x00,0x00,
    0x00,0x00,0x00,0x00,0x00,0x00,0x00,0x00,0x00,0x00,0x00,0x00,0x00,0x00,0x00,0x00,0x81,0xfe,0x00,0x00,0x00,0x00,0x00,0x00,
    0x41,0xfe,0x00,0x00,0x00,0x00,0x00,0x00,0xb6,0x03,0x00,0x00,0xcf,0xa2,0xe4,0xa2,0x1a,0x00,0xe5,0xa2,0xe8,0xa2,0x5b,0x00,
    0x00,0x00,0x00,0x00,0x00,0x00,0x00,0x00,0x00,0x00,0x00,0x00,0x00,0x00,0x00,0x00,0x81,0xfe,0x00,0x00,0x00,0x00,0x00,0x00,
    0x40,0x7e,0xa1,0xfe,0x00,0x00,0x00,0x00,0x51,0x05,0x00,0x00,0x51,0xda,0x5e,0xda,0x20,0x00,0x5f,0xda,0x6a,0xda,0x32,0x00,
    0x00,0x00,0x00,0x00,0x00,0x00,0x00,0x00,0x00,0x00,0x00,0x00,0x00,0x00,0x00,0x00,0x81,0xd3,0xd8,0xde,0xe0,0xf9,0x00,0x00,
    0x31,0x7e,0x81,0xfe,0x00,0x00,0x00,0x00,0x20,0x09,0x2d,0x0d,0x5d,0x00,0x00,0x00,0x5d,0x00,0x00,0x00,0x00,0x00,0x00,0x00,
    0xff,0xff,0xff,0xff,0x00,0x0a,0x00,0x00,0x80,0x70,0x00,0x00,0x01,0x00,0x00,0x00,0xf0,0xf1,0xff,0xff,0x50,0x53,0x54,0x00,
    0x00,0x00,0x00,0x00,0x00,0x00,0x00,0x00,0x00,0x00,0x00,0x00,0x00,0x00,0x00,0x00,0x00,0x00,0x00,0x00,0x00,0x00,0x00,0x00,
    0x00,0x00,0x00,0x00,0x00,0x00,0x00,0x00,0x00,0x00,0x00,0x00,0x00,0x00,0x00,0x00,0x00,0x00,0x00,0x00,0x00,0x00,0x00,0x00,
    0x00,0x00,0x00,0x00,0x00,0x00,0x00,0x00,0x00,0x00,0x00,0x00,0x50,0x44,0x54,0x00,0x00,0x00,0x00,0x00,0x00,0x00,0x00,0x00,
    0x00,0x00,0x00,0x00,0x00,0x00,0x00,0x00,0x00,0x00,0x00,0x00,0x00,0x00,0x00,0x00,0x00,0x00,0x00,0x00,0x00,0x00,0x00,0x00,
    0x00,0x00,0x00,0x00,0x00,0x00,0x00,0x00,0x00,0x00,0x00,0x00,0x00,0x00,0x00,0x00,0x00,0x00,0x00,0x00,0x00,0x00,0x00,0x00,
    0x00,0x00,0x00,0x00,0x34,0x0a,0x4c,0x00,0x74,0x0a,0x4c,0x00,0x00,0x00,0x00,0x00,0xff,0xff,0xff,0xff,0x00,0x00,0x00,0x00,
    0x00,0x00,0x00,0x00,0x00,0x00,0x00,0x00,0xff,0xff,0xff,0xff,0x00,0x00,0x00,0x00,0x00,0x00,0x00,0x00,0x00,0x00,0x00,0x00,
    0x05,0x00,0x00,0xc0,0x0b,0x00,0x00,0x00,0x00,0x00,0x00,0x00,0x1d,0x00,0x00,0xc0,0x04,0x00,0x00,0x00,0x00,0x00,0x00,0x00,
    0x96,0x00,0x00,0xc0,0x04,0x00,0x00,0x00,0x00,0x00,0x00,0x00,0x8d,0x00,0x00,0xc0,0x08,0x00,0x00,0x00,0x00,0x00,0x00,0x00,
    0x8e,0x00,0x00,0xc0,0x08,0x00,0x00,0x00,0x00,0x00,0x00,0x00,0x8f,0x00,0x00,0xc0,0x08,0x00,0x00,0x00,0x00,0x00,0x00,0x00,
    0x90,0x00,0x00,0xc0,0x08,0x00,0x00,0x00,0x00,0x00,0x00,0x00,0x91,0x00,0x00,0xc0,0x08,0x00,0x00,0x00,0x00,0x00,0x00,0x00,
    0x92,0x00,0x00,0xc0,0x08,0x00,0x00,0x00,0x00,0x00,0x00,0x00,0x93,0x00,0x00,0xc0,0x08,0x00,0x00,0x00,0x00,0x00,0x00,0x00,
    0x03,0x00,0x00,0x00,0x07,0x00,0x00,0x00,0x0a,0x00,0x00,0x00,0x8c,0x00,0x00,0x00,0x02,0x00,0x00,0x00,0x7c,0xd4,0x4a,0x00,
    0x08,0x00,0x00,0x00,0x50,0xd4,0x4a,0x00,0x09,0x00,0x00,0x00,0x24,0xd4,0x4a,0x00,0x0a,0x00,0x00,0x00,0x00,0xd4,0x4a,0x00,
    0x10,0x00,0x00,0x00,0xd4,0xd3,0x4a,0x00,0x11,0x00,0x00,0x00,0xa4,0xd3,0x4a,0x00,0x12,0x00,0x00,0x00,0x80,0xd3,0x4a,0x00,
    0x13,0x00,0x00,0x00,0x54,0xd3,0x4a,0x00,0x18,0x00,0x00,0x00,0x1c,0xd3,0x4a,0x00,0x19,0x00,0x00,0x00,0xf4,0xd2,0x4a,0x00,
    0x1a,0x00,0x00,0x00,0xbc,0xd2,0x4a,0x00,0x1b,0x00,0x00,0x00,0x84,0xd2,0x4a,0x00,0x1c,0x00,0x00,0x00,0x5c,0xd2,0x4a,0x00,
    0x78,0x00,0x00,0x00,0x4c,0xd2,0x4a,0x00,0x79,0x00,0x00,0x00,0x3c,0xd2,0x4a,0x00,0x7a,0x00,0x00,0x00,0x2c,0xd2,0x4a,0x00,
    0xfc,0x00,0x00,0x00,0xb8,0x8b,0x4b,0x00,0xff,0x00,0x00,0x00,0x1c,0xd2,0x4a,0x00,0x00,0x04,0x00,0x00,0x01,0xfc,0xff,0xff,
    0x35,0x00,0x00,0x00,0x0b,0x00,0x00,0x00,0x40,0x00,0x00,0x00,0xff,0x03,0x00,0x00,0x80,0x00,0x00,0x00,0x81,0xff,0xff,0xff,
    0x18,0x00,0x00,0x00,0x08,0x00,0x00,0x00,0x20,0x00,0x00,0x00,0x7f,0x00,0x00,0x00,0x00,0x00,0x00,0x00,0x00,0x00,0x00,0x00,
    0x94,0x26,0x00,0x00,0x00,0x00,0x00,0x00,0x00,0x00,0x00,0x00,0x00,0x00,0x00,0x00,0x00,0x01,0x00,0x00,0x04,0x00,0x00,0x07,
    0x00,0x00,0x0a,0x00,0x00,0x0d,0x00,0x00,0x00,0x00,0x70,0x3f,0x00,0x00,0x88,0x3f,0x00,0x00,0x00,0x5f,0x00,0x01,0x00,0x00,
    0x04,0x00,0x00,0x07,0x00,0x00,0x0a,0x00,0x00,0x0d,0x00,0x00,0x00,0x00,0x00,0x00,0x00,0x00,0xee,0x3f,0x00,0x00,0x00,0x00,
    0x00,0x00,0xf0,0x43,0x00,0x00,0x00,0x00,0x00,0x00,0xf0,0x3b,0x00,0x00,0x00,0x00,0x00,0x00,0xf0,0x3f,0x00,0x00,0x00,0x00,
    0x00,0x00,0xe0,0x3f,0x00,0x00,0x00,0x00,0x00,0x00,0xff,0xff,0xfe,0x7f,0x34,0x7d,0x4a,0x00,0x3a,0x7d,0x4a,0x00,0x3f,0x7d,
    0x4a,0x00,0x45,0x7d,0x4a,0x00,0x4a,0x7d,0x4a,0x00,0x50,0x7d,0x4a,0x00,0x56,0x7d,0x4a,0x00,0x5c,0x7d,0x4a,0x00,0x62,0x7d,
    0x4a,0x00,0x7e,0x7d,0x4a,0x00,0x83,0x7d,0x4a,0x00,0x99,0x7d,0x4a,0x00,0x9e,0x7d,0x4a,0x00,0xba,0x7d,0x4a,0x00,0xca,0x7d,
    0x4a,0x00,0xde,0x7d,0x4a,0x00,0xee,0x7d,0x4a,0x00,0x0e,0x7e,0x4a,0x00,0x13,0x7e,0x4a,0x00,0x2d,0x7e,0x4a,0x00,0x32,0x7e,
    0x4a,0x00,0x52,0x7e,0x4a,0x00,0x66,0x7e,0x4a,0x00,0x7e,0x7e,0x4a,0x00,0x92,0x7e,0x4a,0x00,0xb2,0x7e,0x4a,0x00,0xb7,0x7e,
    0x4a,0x00,0xd1,0x7e,0x4a,0x00,0xd6,0x7e,0x4a,0x00,0xf6,0x7e,0x4a,0x00,0x0a,0x7f,0x4a,0x00,0x22,0x7f,0x4a,0x00,0x36,0x7f,
    0x4a,0x00,0x56,0x7f,0x4a,0x00,0x5b,0x7f,0x4a,0x00,0x75,0x7f,0x4a,0x00,0x7a,0x7f,0x4a,0x00,0x9a,0x7f,0x4a,0x00,0xae,0x7f,
    0x4a,0x00,0xc6,0x7f,0x4a,0x00,0xda,0x7f,0x4a,0x00,0xfa,0x7f,0x4a,0x00,0xff,0x7f,0x4a,0x00,0x19,0x80,0x4a,0x00,0x1e,0x80,
    0x4a,0x00,0x3e,0x80,0x4a,0x00,0x52,0x80,0x4a,0x00,0x6a,0x80,0x4a,0x00,0x7e,0x80,0x4a,0x00,0x9e,0x80,0x4a,0x00,0xa3,0x80,
    0x4a,0x00,0xbd,0x80,0x4a,0x00,0xc2,0x80,0x4a,0x00,0xe2,0x80,0x4a,0x00,0xf6,0x80,0x4a,0x00,0x0e,0x81,0x4a,0x00,0x22,0x81,
    0x4a,0x00,0x42,0x81,0x4a,0x00,0x47,0x81,0x4a,0x00,0x61,0x81,0x4a,0x00,0x66,0x81,0x4a,0x00,0x86,0x81,0x4a,0x00,0x9a,0x81,
    0x4a,0x00,0xb2,0x81,0x4a,0x00,0x00,0x00,0xff,0xff,0xff,0xff,0x1e,0x00,0x00,0x00,0x3b,0x00,0x00,0x00,0x5a,0x00,0x00,0x00,
    0x78,0x00,0x00,0x00,0x97,0x00,0x00,0x00,0xb5,0x00,0x00,0x00,0xd4,0x00,0x00,0x00,0xf3,0x00,0x00,0x00,0x11,0x01,0x00,0x00,
    0x30,0x01,0x00,0x00,0x4e,0x01,0x00,0x00,0x6d,0x01,0x00,0x00,0xff,0xff,0xff,0xff,0x1e,0x00,0x00,0x00,0x3a,0x00,0x00,0x00,
    0x59,0x00,0x00,0x00,0x77,0x00,0x00,0x00,0x96,0x00,0x00,0x00,0xb4,0x00,0x00,0x00,0xd3,0x00,0x00,0x00,0xf2,0x00,0x00,0x00,
    0x10,0x01,0x00,0x00,0x2f,0x01,0x00,0x00,0x4d,0x01,0x00,0x00,0x6c,0x01,0x00,0x00,0x00,0x00,0x00,0x00,0x00,0x00,0x00,0x00,
    0x00,0x00,0x00,0x00,0x00,0x00,0x00,0x00,0x00,0xa0,0x02,0x40,0x00,0x00,0x00,0x00,0x00,0x00,0x00,0x00,0x00,0xc8,0x05,0x40,
    0x00,0x00,0x00,0x00,0x00,0x00,0x00,0x00,0x00,0xfa,0x08,0x40,0x00,0x00,0x00,0x00,0x00,0x00,0x00,0x00,0x40,0x9c,0x0c,0x40,
    0x00,0x00,0x00,0x00,0x00,0x00,0x00,0x00,0x50,0xc3,0x0f,0x40,0x00,0x00,0x00,0x00,0x00,0x00,0x00,0x00,0x24,0xf4,0x12,0x40,
    0x00,0x00,0x00,0x00,0x00,0x00,0x00,0x80,0x96,0x98,0x16,0x40,0x00,0x00,0x00,0x00,0x00,0x00,0x00,0x20,0xbc,0xbe,0x19,0x40,
    0x00,0x00,0x00,0x00,0x00,0x04,0xbf,0xc9,0x1b,0x8e,0x34,0x40,0x00,0x00,0x00,0xa1,0xed,0xcc,0xce,0x1b,0xc2,0xd3,0x4e,0x40,
    0x20,0xf0,0x9e,0xb5,0x70,0x2b,0xa8,0xad,0xc5,0x9d,0x69,0x40,0xd0,0x5d,0xfd,0x25,0xe5,0x1a,0x8e,0x4f,0x19,0xeb,0x83,0x40,
    0x71,0x96,0xd7,0x95,0x43,0x0e,0x05,0x8d,0x29,0xaf,0x9e,0x40,0xf9,0xbf,0xa0,0x44,0xed,0x81,0x12,0x8f,0x81,0x82,0xb9,0x40,
    0xbf,0x3c,0xd5,0xa6,0xcf,0xff,0x49,0x1f,0x78,0xc2,0xd3,0x40,0x6f,0xc6,0xe0,0x8c,0xe9,0x80,0xc9,0x47,0xba,0x93,0xa8,0x41,
    0xbc,0x85,0x6b,0x55,0x27,0x39,0x8d,0xf7,0x70,0xe0,0x7c,0x42,0xbc,0xdd,0x8e,0xde,0xf9,0x9d,0xfb,0xeb,0x7e,0xaa,0x51,0x43,
    0xa1,0xe6,0x76,0xe3,0xcc,0xf2,0x29,0x2f,0x84,0x81,0x26,0x44,0x28,0x10,0x17,0xaa,0xf8,0xae,0x10,0xe3,0xc5,0xc4,0xfa,0x44,
    0xeb,0xa7,0xd4,0xf3,0xf7,0xeb,0xe1,0x4a,0x7a,0x95,0xcf,0x45,0x65,0xcc,0xc7,0x91,0x0e,0xa6,0xae,0xa0,0x19,0xe3,0xa3,0x46,
    0x0d,0x65,0x17,0x0c,0x75,0x81,0x86,0x75,0x76,0xc9,0x48,0x4d,0x58,0x42,0xe4,0xa7,0x93,0x39,0x3b,0x35,0xb8,0xb2,0xed,0x53,
    0x4d,0xa7,0xe5,0x5d,0x3d,0xc5,0x5d,0x3b,0x8b,0x9e,0x92,0x5a,0xff,0x5d,0xa6,0xf0,0xa1,0x20,0xc0,0x54,0xa5,0x8c,0x37,0x61,
    0xd1,0xfd,0x8b,0x5a,0x8b,0xd8,0x25,0x5d,0x89,0xf9,0xdb,0x67,0xaa,0x95,0xf8,0xf3,0x27,0xbf,0xa2,0xc8,0x5d,0xdd,0x80,0x6e,
    0x4c,0xc9,0x9b,0x97,0x20,0x8a,0x02,0x52,0x60,0xc4,0x25,0x75,0x00,0x00,0x00,0x00,0xcd,0xcc,0xcd,0xcc,0xcc,0xcc,0xcc,0xcc,
    0xcc,0xcc,0xfb,0x3f,0x71,0x3d,0x0a,0xd7,0xa3,0x70,0x3d,0x0a,0xd7,0xa3,0xf8,0x3f,0x5a,0x64,0x3b,0xdf,0x4f,0x8d,0x97,0x6e,
    0x12,0x83,0xf5,0x3f,0xc3,0xd3,0x2c,0x65,0x19,0xe2,0x58,0x17,0xb7,0xd1,0xf1,0x3f,0xd0,0x0f,0x23,0x84,0x47,0x1b,0x47,0xac,
    0xc5,0xa7,0xee,0x3f,0x40,0xa6,0xb6,0x69,0x6c,0xaf,0x05,0xbd,0x37,0x86,0xeb,0x3f,0x33,0x3d,0xbc,0x42,0x7a,0xe5,0xd5,0x94,
    0xbf,0xd6,0xe7,0x3f,0xc2,0xfd,0xfd,0xce,0x61,0x84,0x11,0x77,0xcc,0xab,0xe4,0x3f,0x2f,0x4c,0x5b,0xe1,0x4d,0xc4,0xbe,0x94,
    0x95,0xe6,0xc9,0x3f,0x92,0xc4,0x53,0x3b,0x75,0x44,0xcd,0x14,0xbe,0x9a,0xaf,0x3f,0xde,0x67,0xba,0x94,0x39,0x45,0xad,0x1e,
    0xb1,0xcf,0x94,0x3f,0x24,0x23,0xc6,0xe2,0xbc,0xba,0x3b,0x31,0x61,0x8b,0x7a,0x3f,0x61,0x55,0x59,0xc1,0x7e,0xb1,0x53,0x7c,
    0x12,0xbb,0x5f,0x3f,0xd7,0xee,0x2f,0x8d,0x06,0xbe,0x92,0x85,0x15,0xfb,0x44,0x3f,0x24,0x3f,0xa5,0xe9,0x39,0xa5,0x27,0xea,
    0x7f,0xa8,0x2a,0x3f,0x7d,0xac,0xa1,0xe4,0xbc,0x64,0x7c,0x46,0xd0,0xdd,0x55,0x3e,0x63,0x7b,0x06,0xcc,0x23,0x54,0x77,0x83,
    0xff,0x91,0x81,0x3d,0x91,0xfa,0x3a,0x19,0x7a,0x63,0x25,0x43,0x31,0xc0,0xac,0x3c,0x21,0x89,0xd1,0x38,0x82,0x47,0x97,0xb8,
    0x00,0xfd,0xd7,0x3b,0xdc,0x88,0x58,0x08,0x1b,0xb1,0xe8,0xe3,0x86,0xa6,0x03,0x3b,0xc6,0x84,0x45,0x42,0x07,0xb6,0x99,0x75,
    0x37,0xdb,0x2e,0x3a,0x33,0x71,0x1c,0xd2,0x23,0xdb,0x32,0xee,0x49,0x90,0x5a,0x39,0xa6,0x87,0xbe,0xc0,0x57,0xda,0xa5,0x82,
    0xa6,0xa2,0xb5,0x32,0xe2,0x68,0xb2,0x11,0xa7,0x52,0x9f,0x44,0x59,0xb7,0x10,0x2c,0x25,0x49,0xe4,0x2d,0x36,0x34,0x4f,0x53,
    0xae,0xce,0x6b,0x25,0x8f,0x59,0x04,0xa4,0xc0,0xde,0xc2,0x7d,0xfb,0xe8,0xc6,0x1e,0x9e,0xe7,0x88,0x5a,0x57,0x91,0x3c,0xbf,
    0x50,0x83,0x22,0x18,0x4e,0x4b,0x65,0x62,0xfd,0x83,0x8f,0xaf,0x06,0x94,0x7d,0x11,0xe4,0x2d,0xde,0x9f,0xce,0xd2,0xc8,0x04,
    0xdd,0xa6,0xd8,0x0a,0x00,0x00,0x00,0x00,0x00,0x00,0x00,0x00,0x00,0x00,0x00,0x00,0x00,0x00,0x00,0x00,0x00,0x00,0x00,0x00,
    0x00,0x00,0x00,0x00,0x00,0x00,0x00,0x00,0x00,0x00,0x00,0x00,0x00,0x00,0x00,0x00,0x00,0x00,0x00,0x00,0x00,0x00,0x00,0x00,
    0x00,0x00,0x00,0x00,0x00,0x00,0x00,0x00,0x00,0x00,0x00,0x00,0x00,0x00,0x00,0x00,0x00,0x00,0x00,0x00,0x00,0x00,0x00,0x00,
    0x00,0x00,0x00,0x00,0x00,0x00,0x00,0x00,0x00,0x00,0x00,0x00,0x00,0x00,0x00,0x00,0x00,0x00,0x00,0x00,0x00,0x00,0x00,0x00,
    0x00,0x00,0x00,0x00,0x00,0x00,0x00,0x00,0x00,0x00,0x00,0x00,0x00,0x00,0x00,0x00,0x00,0x00,0x00,0x00,0x00,0x00,0x00,0x00,
    0x00,0x00,0x00,0x00,0x00,0x00,0x00,0x00,0x00,0x00,0x00,0x00,0x00,0x00,0x00,0x00,0x00,0x00,0x00,0x00,0x00,0x00,0x00,0x00,
    0x00,0x00,0x00,0x00,0x00,0x00,0x00,0x00,0x00,0x00,0x00,0x00,0x00,0x00,0x00,0x00,0x00,0x00,0x00,0x00,0x00,0x00,0x00,0x00,
    0x00,0x00,0x00,0x00,0x00,0x00,0x00,0x00,0x00,0x00,0x00,0x00,0x00,0x00,0x00,0x00,0x00,0x00,0x00,0x00,0x00,0x00,0x00,0x00,
    0x00,0x00,0x00,0x00,0x00,0x00,0x00,0x00,0x00,0x00,0x00,0x00,0x00,0x00,0x00,0x00,0x00,0x00,0x00,0x00,0x00,0x00,0x00,0x00,
    0x00,0x00,0x00,0x00,0x00,0x00,0x00,0x00,0x00,0x00,0x00,0x00,0x00,0x00,0x00,0x00,0x00,0x00,0x00,0x00,0x00,0x00,0x00,0x00,
    0x00,0x00,0x00,0x00,0x00,0x00,0x00,0x00,0x00,0x00,0x00,0x00,0x00,0x00,0x00,0x00,0x00,0x00,0x00,0x00,0x00,0x00,0x00,0x00,
    0x00,0x00,0x00,0x00,0x00,0x00,0x00,0x00,0x00,0x00,0x00,0x00,0x00,0x00,0x00,0x00,0x00,0x00,0x00,0x00,0x00,0x00,0x00,0x00,
    0x00,0x00,0x00,0x00,0x00,0x00,0x00,0x00,0x00,0x00,0x00,0x00,0x00,0x00,0x00,0x00,0x00,0x00,0x00,0x00,0x00,0x00,0x00,0x00,
    0x00,0x00,0x00,0x00,0x00,0x00,0x00,0x00,0x00,0x00,0x00,0x00,0x00,0x00,0x00,0x00,0x00,0x00,0x00,0x00,0x00,0x00,0x00,0x00,
    0x00,0x00,0x00,0x00,0x00,0x00,0x00,0x00,0x00,0x00,0x00,0x00,0x00,0x00,0x00,0x00,0x00,0x00,0x00,0x00,0x00,0x00,0x00,0x00,
    0x00,0x00,0x00,0x00,0x00,0x00,0x00,0x00,0x00,0x00,0x00,0x00,0x00,0x00,0x00,0x00,0x00,0x00,0x00,0x00,0x00,0x00,0x00,0x00,
    0x00,0x00,0x00,0x00,0x00,0x00,0x00,0x00,0x00,0x00,0x00,0x00,0x00,0x00,0x00,0x00,0x00,0x00,0x00,0x00,0x00,0x00,0x00,0x00,
    0x00,0x00,0x00,0x00,0x00,0x00,0x00,0x00,0x00,0x00,0x00,0x00,0x00,0x00,0x00,0x00,0x00,0x00,0x00,0x00,0x00,0x00,0x00,0x00,
    0x00,0x00,0x00,0x00,0x00,0x00,0x00,0x00,0x00,0x00,0x00,0x00,0x00,0x00,0x00,0x00,0x00,0x00,0x00,0x00,0x00,0x00,0x00,0x00,
    0x00,0x00,0x00,0x00,0x00,0x00,0x00,0x00,0x00,0x00,0x00,0x00,0x00,0x00,0x00,0x00,0x00,0x00,0x00,0x00,0x00,0x00,0x00,0x00,
    0x00,0x00,0x00,0x00,0x00,0x00,0x00,0x00,0x00,0x00,0x00,0x00,0x00,0x00,0x00,0x00,0x00,0x00,0x00,0x00,0x00,0x00,0x00,0x00,
    0x00,0x00,0x00,0x00,0x00,0x00,0x00,0x00,0x00,0x00,0x00,0x00,0x00,0x00,0x00,0x00,0x00,0x00,0x00,0x00,0x00,0x00,0x00,0x00,
    0x00,0x00,0x00,0x00,0x00,0x00,0x00,0x00,0x00,0x00,0x00,0x00,0x00,0x00,0x00,0x00,0x00,0x00,0x00,0x00,0x00,0x00,0x00,0x00,
    0x00,0x00,0x00,0x00,0x00,0x00,0x00,0x00,0x00,0x00,0x00,0x00,0x00,0x00,0x00,0x00,0x00,0x00,0x00,0x00,0x00,0x00,0x00,0x00,
    0x00,0x00,0x00,0x00,0x00,0x00,0x00,0x00,0x00,0x00,0x00,0x00,0x00,0x00,0x00,0x00,0x00,0x00,0x00,0x00,0x00,0x00,0x00,0x00,
    0x00,0x00,0x00,0x00,0x00,0x00,0x00,0x00,0x00,0x00,0x00,0x00,0x00,0x00,0x00,0x00,0x00,0x00,0x00,0x00,0x00,0x00,0x00,0x00,
    0x00,0x00,0x00,0x00,0x00,0x00,0x00,0x00,0x00,0x00,0x00,0x00,0x00,0x00,0x00,0x00,0x00,0x00,0x00,0x00,0x00,0x00,0x00,0x00,
    0x00,0x00,0x00,0x00,0x00,0x00,0x00,0x00,0x00,0x00,0x00,0x00,0x00,0x00,0x00,0x00,0x00,0x00,0x00,0x00,0x00,0x00,0x00,0x00,
    0x00,0x00,0x00,0x00,0x00,0x00,0x00,0x00,0x00,0x00,0x00,0x00,0x00,0x00,0x00,0x00,0x00,0x00,0x00,0x00,0x00,0x00,0x00,0x00,
    0x00,0x00,0x00,0x00,0x00,0x00,0x00,0x00,0x00,0x00,0x00,0x00,0x00,0x00,0x00,0x00,0x00,0x00,0x00,0x00,0x00,0x00,0x00,0x00,
    0x00,0x00,0x00,0x00,0x00,0x00,0x00,0x00,0x00,0x00,0x00,0x00,0x00,0x00,0x00,0x00,0x00,0x00,0x00,0x00,0x00,0x00,0x00,0x00,
    0x00,0x00,0x00,0x00,0x00,0x00,0x00,0x00,0x00,0x00,0x00,0x00,0x00,0x00,0x00,0x00,0x00,0x00,0x00,0x00,0x00,0x00,0x00,0x00,
    0x00,0x00,0x00,0x00,0x00,0x00,0x00,0x00,0x00,0x00,0x00,0x00,0x00,0x00,0x00,0x00,0x00,0x00,0x00,0x00,0x00,0x00,0x00,0x00,
    0x00,0x00,0x00,0x00,0x00,0x00,0x00,0x00,0x00,0x00,0x00,0x00,0x00,0x00,0x00,0x00,0x00,0x00,0x00,0x00,0x00,0x00,0x00,0x00,
    0x00,0x00,0x00,0x00,0x00,0x00,0x00,0x00,0x00,0x00,0x00,0x00,0x00,0x00,0x00,0x00,0x00,0x00,0x00,0x00,0x00,0x00,0x00,0x00,
    0x00,0x00,0x00,0x00,0x00,0x00,0x00,0x00,0x00,0x00,0x00,0x00,0x00,0x00,0x00,0x00,0x00,0x00,0x00,0x00,0x00,0x00,0x00,0x00,
    0x00,0x00,0x00,0x00,0x00,0x00,0x00,0x00,0x00,0x00,0x00,0x00,0x00,0x00,0x00,0x00,0x00,0x00,0x00,0x00,0x00,0x00,0x00,0x00,
    0x00,0x00,0x00,0x00,0x00,0x00,0x00,0x00,0x00,0x00,0x00,0x00,0x00,0x00,0x00,0x00,0x00,0x00,0x00,0x00,0x00,0x00,0x00,0x00,
    0x00,0x00,0x00,0x00,0x00,0x00,0x00,0x00,0x00,0x00,0x00,0x00,0x00,0x00,0x00,0x00,0x00,0x00,0x00,0x00,0x00,0x00,0x00,0x00,
    0x00,0x00,0x00,0x00,0x00,0x00,0x00,0x00,0x00,0x00,0x00,0x00,0x00,0x00,0x00,0x00,0x00,0x00,0x00,0x00,0x00,0x00,0x00,0x00,
    0x00,0x00,0x00,0x00,0x00,0x00,0x00,0x00,0x00,0x00,0x00,0x00,0x00,0x00,0x00,0x00,0x00,0x00,0x00,0x00,0x00,0x00,0x00,0x00,
    0x00,0x00,0x00,0x00,0x00,0x00,0x00,0x00,0x00,0x00,0x00,0x00,0x00,0x00,0x00,0x00,0x00,0x00,0x00,0x00,0x00,0x00,0x00,0x00,
    0x00,0x00,0x00,0x00,0x00,0x00,0x00,0x00,0x00,0x00,0x00,0x00,0x00,0x00,0x00,0x00,0x00,0x00,0x00,0x00,0x00,0x00,0x00,0x00,
    0x00,0x00,0x00,0x00,0x00,0x00,0x00,0x00,0x00,0x00,0x00,0x00,0x00,0x00,0x00,0x00,0x00,0x00,0x00,0x00,0x00,0x00,0x00,0x00,
    0x00,0x00,0x00,0x00,0x00,0x00,0x00,0x00,0x00,0x00,0x00,0x00,0x00,0x00,0x00,0x00,0x00,0x00,0x00,0x00,0x00,0x00,0x00,0x00,
    0x00,0x00,0x00,0x00,0x00,0x00,0x00,0x00,0x00,0x00,0x00,0x00,0x00,0x00,0x00,0x00,0x00,0x00,0x00,0x00,0x00,0x00,0x00,0x00,
    0x00,0x00,0x00,0x00,0x00,0x00,0x00,0x00,0x00,0x00,0x00,0x00,0x00,0x00,0x00,0x00,0x00,0x00,0x00,0x00,0x00,0x00,0x00,0x00,
    0x00,0x00,0x00,0x00,0x00,0x00,0x00,0x00,0x00,0x00,0x00,0x00,0x00,0x00,0x00,0x00,0x00,0x00,0x00,0x00,0x00,0x00,0x00,0x00,
    0x00,0x00,0x00,0x00,0x00,0x00,0x00,0x00,0x00,0x00,0x00,0x00,0x00,0x00,0x00,0x00,0x00,0x00,0x00,0x00,0x00,0x00,0x00,0x00,
    0x00,0x00,0x00,0x00,0x00,0x00,0x00,0x00,0x00,0x00,0x00,0x00,0x00,0x00,0x00,0x00,0x00,0x00,0x00,0x00,0x00,0x00,0x00,0x00,
    0x00,0x00,0x00,0x00,0x00,0x00,0x00,0x00,0x00,0x00,0x00,0x00,0x00,0x00,0x00,0x00,0x00,0x00,0x00,0x00,0x00,0x00,0x00,0x00,
    0x00,0x00,0x00,0x00,0x00,0x00,0x00,0x00,0x00,0x00,0x00,0x00,0x00,0x00,0x00,0x00,0x00,0x00,0x00,0x00,0x00,0x00,0x00,0x00,
    0x00,0x00,0x00,0x00,0x00,0x00,0x00,0x00,0x00,0x00,0x00,0x00,0x00,0x00,0x00,0x00,0x00,0x00,0x00,0x00,0x00,0x00,0x00,0x00,
    0x00,0x00,0x00,0x00,0x00,0x00,0x00,0x00,0x00,0x00,0x00,0x00,0x00,0x00,0x00,0x00,0x00,0x00,0x00,0x00,0x00,0x00,0x00,0x00,
    0x00,0x00,0x00,0x00,0x00,0x00,0x00,0x00,0x00,0x00,0x00,0x00,0x00,0x00,0x00,0x00,0x00,0x00,0x00,0x00,0x00,0x00,0x00,0x00,
    0x00,0x00,0x00,0x00,0x00,0x00,0x00,0x00,0x00,0x00,0x00,0x00,0x00,0x00,0x00,0x00,0x00,0x00,0x00,0x00,0x00,0x00,0x00,0x00,
    0x00,0x00,0x00,0x00,0x00,0x00,0x00,0x00,0x00,0x00,0x00,0x00,0x00,0x00,0x00,0x00,0x00,0x00,0x00,0x00,0x00,0x00,0x00,0x00,
    0x00,0x00,0x00,0x00,0x00,0x00,0x00,0x00,0x00,0x00,0x00,0x00,0x00,0x00,0x00,0x00,0x00,0x00,0x00,0x00,0x00,0x00,0x00,0x00,
    0x00,0x00,0x00,0x00,0x00,0x00,0x00,0x00,0x00,0x00,0x00,0x00,0x00,0x00,0x00,0x00,0x00,0x00,0x00,0x00,0x00,0x00,0x00,0x00,
    0x00,0x00,0x00,0x00,0x00,0x00,0x00,0x00,0x00,0x00,0x00,0x00,0x00,0x00,0x00,0x00,0x00,0x00,0x00,0x00,0x00,0x00,0x00,0x00,
    0x00,0x00,0x00,0x00,0x00,0x00,0x00,0x00,0x00,0x00,0x00,0x00,0x00,0x00,0x00,0x00,0x00,0x00,0x00,0x00,0x00,0x00,0x00,0x00,
    0x00,0x00,0x00,0x00,0x00,0x00,0x00,0x00,0x00,0x00,0x00,0x00,0x00,0x00,0x00,0x00,0x00,0x00,0x00,0x00,0x00,0x00,0x00,0x00,
    0x00,0x00,0x00,0x00,0x00,0x00,0x00,0x00,0x00,0x00,0x00,0x00,0x00,0x00,0x00,0x00,0x00,0x00,0x00,0x00,0x00,0x00,0x00,0x00,
    0x00,0x00,0x00,0x00,0x00,0x00,0x00,0x00,0x00,0x00,0x00,0x00,0x00,0x00,0x00,0x00,0x00,0x00,0x00,0x00,0x00,0x00,0x00,0x00,
    0x00,0x00,0x00,0x00,0x00,0x00,0x00,0x00,0x00,0x00,0x00,0x00,0x00,0x00,0x00,0x00,0x00,0x00,0x00,0x00,0x00,0x00,0x00,0x00,
    0x00,0x00,0x00,0x00,0x00,0x00,0x00,0x00,0x00,0x00,0x00,0x00,0x00,0x00,0x00,0x00,0x00,0x00,0x00,0x00,0x00,0x00,0x00,0x00,
    0x00,0x00,0x00,0x00,0x00,0x00,0x00,0x00,0x00,0x00,0x00,0x00,0x00,0x00,0x00,0x00,0x00,0x00,0x00,0x00,0x00,0x00,0x00,0x00,
    0x00,0x00,0x00,0x00,0x00,0x00,0x00,0x00,0x00,0x00,0x00,0x00,0x00,0x00,0x00,0x00,0x00,0x00,0x00,0x00,0x00,0x00,0x00,0x00,
    0x00,0x00,0x00,0x00,0x00,0x00,0x00,0x00,0x00,0x00,0x00,0x00,0x00,0x00,0x00,0x00,0x00,0x00,0x00,0x00,0x00,0x00,0x00,0x00,
    0x00,0x00,0x00,0x00,0x00,0x00,0x00,0x00,0x00,0x00,0x00,0x00,0x00,0x00,0x00,0x00,0x00,0x00,0x00,0x00,0x00,0x00,0x00,0x00,
    0x00,0x00,0x00,0x00,0x00,0x00,0x00,0x00,0x00,0x00,0x00,0x00,0x00,0x00,0x00,0x00,0x00,0x00,0x00,0x00,0x00,0x00,0x00,0x00,
    0x00,0x00,0x00,0x00,0x00,0x00,0x00,0x00,0x00,0x00,0x00,0x00,0x00,0x00,0x00,0x00,0x00,0x00,0x00,0x00,0x00,0x00,0x00,0x00,
    0x00,0x00,0x00,0x00,0x00,0x00,0x00,0x00,0x00,0x00,0x00,0x00,0x00,0x00,0x00,0x00,0x00,0x00,0x00,0x00,0x00,0x00,0x00,0x00,
    0x00,0x00,0x00,0x00,0x00,0x00,0x00,0x00,0x00,0x00,0x00,0x00,0x00,0x00,0x00,0x00,0x00,0x00,0x00,0x00,0x00,0x00,0x00,0x00,
    0x00,0x00,0x00,0x00,0x00,0x00,0x00,0x00,0x00,0x00,0x00,0x00,0x00,0x00,0x00,0x00,0x00,0x00,0x00,0x00,0x00,0x00,0x00,0x00,
    0x00,0x00,0x00,0x00,0x00,0x00,0x00,0x00,0x00,0x00,0x00,0x00,0x00,0x00,0x00,0x00,0x00,0x00,0x00,0x00,0x00,0x00,0x00,0x00,
    0x00,0x00,0x00,0x00,0x00,0x00,0x00,0x00,0x00,0x00,0x00,0x00,0x00,0x00,0x00,0x00,0x00,0x00,0x00,0x00,0x00,0x00,0x00,0x00,
    0x00,0x00,0x00,0x00,0x00,0x00,0x00,0x00,0x00,0x00,0x00,0x00,0x00,0x00,0x00,0x00,0x00,0x00,0x00,0x00,0x00,0x00,0x00,0x00,
    0x00,0x00,0x00,0x00,0x00,0x00,0x00,0x00,0x00,0x00,0x00,0x00,0x00,0x00,0x00,0x00,0x00,0x00,0x00,0x00,0x00,0x00,0x00,0x00,
    0x00,0x00,0x00,0x00,0x00,0x00,0x00,0x00,0x00,0x00,0x00,0x00,0x00,0x00,0x00,0x00,0x00,0x00,0x00,0x00,0x00,0x00,0x00,0x00,
    0x00,0x00,0x00,0x00,0x00,0x00,0x00,0x00,0x00,0x00,0x00,0x00,0x00,0x00,0x00,0x00,0x00,0x00,0x00,0x00,0x00,0x00,0x00,0x00,
    0x00,0x00,0x00,0x00,0x00,0x00,0x00,0x00,0x00,0x00,0x00,0x00,0x00,0x00,0x00,0x00,0x00,0x00,0x00,0x00,0x00,0x00,0x00,0x00,
    0x00,0x00,0x00,0x00,0x00,0x00,0x00,0x00,0x00,0x00,0x00,0x00,0x00,0x00,0x00,0x00,0x00,0x00,0x00,0x00,0x00,0x00,0x00,0x00,
    0x00,0x00,0x00,0x00,0x00,0x00,0x00,0x00,0x00,0x00,0x00,0x00,0x00,0x00,0x00,0x00,0x00,0x00,0x00,0x00,0x00,0x00,0x00,0x00,
    0x00,0x00,0x00,0x00,0x00,0x00,0x00,0x00,0x00,0x00,0x00,0x00,0x00,0x00,0x00,0x00,0x00,0x00,0x00,0x00,0x00,0x00,0x00,0x00,
    0x00,0x00,0x00,0x00,0x00,0x00,0x00,0x00,0x00,0x00,0x00,0x00,0x00,0x00,0x00,0x00,0x00,0x00,0x00,0x00,0x00,0x00,0x00,0x00,
    0x00,0x00,0x00,0x00,0x00,0x00,0x00,0x00,0x00,0x00,0x00,0x00,0x00,0x00,0x00,0x00,0x00,0x00,0x00,0x00,0x00,0x00,0x00,0x00,
    0x00,0x00,0x00,0x00,0x00,0x00,0x00,0x00,0x00,0x00,0x00,0x00,0x00,0x00,0x00,0x00,0x00,0x00,0x00,0x00,0x00,0x00,0x00,0x00,
    0x00,0x00,0x00,0x00,0x00,0x00,0x00,0x00,0x00,0x00,0x00,0x00,0x00,0x00,0x00,0x00,0x00,0x00,0x00,0x00,0x00,0x00,0x00,0x00,
    0x00,0x00,0x00,0x00,0x00,0x00,0x00,0x00,0x00,0x00,0x00,0x00,0x00,0x00,0x00,0x00,0x00,0x00,0x00,0x00,0x00,0x00,0x00,0x00,
    0x00,0x00,0x00,0x00,0x00,0x00,0x00,0x00,0x00,0x00,0x00,0x00,0x00,0x00,0x00,0x00,0x00,0x00,0x00,0x00,0x00,0x00,0x00,0x00,
    0x00,0x00,0x00,0x00,0x00,0x00,0x00,0x00,0x00,0x00,0x00,0x00,0x00,0x00,0x00,0x00,0x00,0x00,0x00,0x00,0x00,0x00,0x00,0x00,
    0x00,0x00,0x00,0x00,0x00,0x00,0x00,0x00,0x00,0x00,0x00,0x00,0x00,0x00,0x00,0x00,0x00,0x00,0x00,0x00,0x00,0x00,0x00,0x00,
    0x00,0x00,0x00,0x00,0x00,0x00,0x00,0x00,0x00,0x00,0x00,0x00,0x00,0x00,0x00,0x00,0x00,0x00,0x00,0x00,0x00,0x00,0x00,0x00,
    0x00,0x00,0x00,0x00,0x00,0x00,0x00,0x00,0x00,0x00,0x00,0x00,0x00,0x00,0x00,0x00,0x00,0x00,0x00,0x00,0x00,0x00,0x00,0x00,
    0x00,0x00,0x00,0x00,0x00,0x00,0x00,0x00,0x00,0x00,0x00,0x00,0x00,0x00,0x00,0x00,0x00,0x00,0x00,0x00,0x00,0x00,0x00,0x00,
    0x00,0x00,0x00,0x00,0x00,0x00,0x00,0x00,0x00,0x00,0x00,0x00,0x00,0x00,0x00,0x00,0x00,0x00,0x00,0x00,0x00,0x00,0x00,0x00,
    0x00,0x00,0x00,0x00,0x00,0x00,0x00,0x00,0x00,0x00,0x00,0x00,0x00,0x00,0x00,0x00,0x00,0x00,0x00,0x00,0x00,0x00,0x00,0x00,
    0x00,0x00,0x00,0x00,0x00,0x00,0x00,0x00,0x00,0x00,0x00,0x00,0x00,0x00,0x00,0x00,0x00,0x00,0x00,0x00,0x00,0x00,0x00,0x00,
    0x00,0x00,0x00,0x00,0x00,0x00,0x00,0x00,0x00,0x00,0x00,0x00,0x00,0x00,0x00,0x00,0x00,0x00,0x00,0x00,0x00,0x00,0x00,0x00,
    0x00,0x00,0x00,0x00,0x00,0x00,0x00,0x00,0x00,0x00,0x00,0x00,0x00,0x00,0x00,0x00,0x00,0x00,0x00,0x00,0x00,0x00,0x00,0x00,
    0x00,0x00,0x00,0x00,0x00,0x00,0x00,0x00,0x00,0x00,0x00,0x00,0x00,0x00,0x00,0x00,0x00,0x00,0x00,0x00,0x00,0x00,0x00,0x00,
    0x00,0x00,0x00,0x00,0x00,0x00,0x00,0x00,0x00,0x00,0x00,0x00,0x00,0x00,0x00,0x00,0x00,0x00,0x00,0x00,0x00,0x00,0x00,0x00,
    0x00,0x00,0x00,0x00,0x00,0x00,0x00,0x00,0x00,0x00,0x00,0x00,0x00,0x00,0x00,0x00,0x00,0x00,0x00,0x00,0x00,0x00,0x00,0x00,
    0x00,0x00,0x00,0x00,0x00,0x00,0x00,0x00,0x00,0x00,0x00,0x00,0x00,0x00,0x00,0x00,0x00,0x00,0x00,0x00,0x00,0x00,0x00,0x00,
    0x00,0x00,0x00,0x00,0x00,0x00,0x00,0x00,0x00,0x00,0x00,0x00,0x00,0x00,0x00,0x00,0x00,0x00,0x00,0x00,0x00,0x00,0x00,0x00,
    0x00,0x00,0x00,0x00,0x00,0x00,0x00,0x00,0x00,0x00,0x00,0x00,0x00,0x00,0x00,0x00,0x00,0x00,0x00,0x00,0x00,0x00,0x00,0x00,
    0x00,0x00,0x00,0x00,0x00,0x00,0x00,0x00,0x00,0x00,0x00,0x00,0x00,0x00,0x00,0x00,0x00,0x00,0x00,0x00,0x00,0x00,0x00,0x00,
    0x00,0x00,0x00,0x00,0x00,0x00,0x00,0x00,0x00,0x00,0x00,0x00,0x00,0x00,0x00,0x00,0x00,0x00,0x00,0x00,0x00,0x00,0x00,0x00,
    0x00,0x00,0x00,0x00,0x00,0x00,0x00,0x00,0x00,0x00,0x00,0x00,0x00,0x00,0x00,0x00,0x00,0x00,0x00,0x00,0x00,0x00,0x00,0x00,
    0x00,0x00,0x00,0x00,0x00,0x00,0x00,0x00,0x00,0x00,0x00,0x00,0x00,0x00,0x00,0x00,0x00,0x00,0x00,0x00,0x00,0x00,0x00,0x00,
    0x00,0x00,0x00,0x00,0x00,0x00,0x00,0x00,0x00,0x00,0x00,0x00,0x00,0x00,0x00,0x00,0x00,0x00,0x00,0x00,0x00,0x00,0x00,0x00,
    0x00,0x00,0x00,0x00,0x00,0x00,0x00,0x00,0x00,0x00,0x00,0x00,0x00,0x00,0x00,0x00,0x00,0x00,0x00,0x00,0x00,0x00,0x00,0x00,
    0x00,0x00,0x00,0x00,0x00,0x00,0x00,0x00,0x00,0x00,0x00,0x00,0x00,0x00,0x00,0x00,0x00,0x00,0x00,0x00,0x00,0x00,0x00,0x00,
    0x00,0x00,0x00,0x00,0x00,0x00,0x00,0x00,0x00,0x00,0x00,0x00,0x00,0x00,0x00,0x00,0x00,0x00,0x00,0x00,0x00,0x00,0x00,0x00,
    0x00,0x00,0x00,0x00,0x00,0x00,0x00,0x00,0x00,0x00,0x00,0x00,0x00,0x00,0x00,0x00,0x00,0x00,0x00,0x00,0x00,0x00,0x00,0x00,
    0x00,0x00,0x00,0x00,0x00,0x00,0x00,0x00,0x00,0x00,0x00,0x00,0x00,0x00,0x00,0x00,0x00,0x00,0x00,0x00,0x00,0x00,0x00,0x00,
    0x00,0x00,0x00,0x00,0x00,0x00,0x00,0x00,0x00,0x00,0x00,0x00,0x00,0x00,0x00,0x00,0x00,0x00,0x00,0x00,0x00,0x00,0x00,0x00,
    0x00,0x00,0x00,0x00,0x00,0x00,0x00,0x00,0x00,0x00,0x00,0x00,0x00,0x00,0x00,0x00,0x00,0x00,0x00,0x00,0x00,0x00,0x00,0x00,
    0x00,0x00,0x00,0x00,0x00,0x00,0x00,0x00,0x00,0x00,0x00,0x00,0x00,0x00,0x00,0x00,0x00,0x00,0x00,0x00,0x00,0x00,0x00,0x00,
    0x00,0x00,0x00,0x00,0x00,0x00,0x00,0x00,0x00,0x00,0x00,0x00,0x00,0x00,0x00,0x00,0x00,0x00,0x00,0x00,0x00,0x00,0x00,0x00,
    0x00,0x00,0x00,0x00,0x00,0x00,0x00,0x00,0x00,0x00,0x00,0x00,0x00,0x00,0x00,0x00,0x00,0x00,0x00,0x00,0x00,0x00,0x00,0x00,
    0x00,0x00,0x00,0x00,0x00,0x00,0x00,0x00,0x00,0x00,0x00,0x00,0x00,0x00,0x00,0x00,0x00,0x00,0x00,0x00,0x00,0x00,0x00,0x00,
    0x00,0x00,0x00,0x00,0x00,0x00,0x00,0x00,0x00,0x00,0x00,0x00,0x00,0x00,0x00,0x00,0x00,0x00,0x00,0x00,0x00,0x00,0x00,0x00,
    0x00,0x00,0x00,0x00,0x00,0x00,0x00,0x00,0x00,0x00,0x00,0x00,0x00,0x00,0x00,0x00,0x00,0x00,0x00,0x00,0x00,0x00,0x00,0x00,
    0x00,0x00,0x00,0x00,0x00,0x00,0x00,0x00,0x00,0x00,0x00,0x00,0x00,0x00,0x00,0x00,0x00,0x00,0x00,0x00,0x00,0x00,0x00,0x00,
    0x00,0x00,0x00,0x00,0x00,0x00,0x00,0x00,0x00,0x00,0x00,0x00,0x00,0x00,0x00,0x00,0x00,0x00,0x00,0x00,0x00,0x00,0x00,0x00,
    0x00,0x00,0x00,0x00,0x00,0x00,0x00,0x00,0x00,0x00,0x00,0x00,0x00,0x00,0x00,0x00,0x00,0x00,0x00,0x00,0x00,0x00,0x00,0x00,
    0x00,0x00,0x00,0x00,0x00,0x00,0x00,0x00,0x00,0x00,0x00,0x00,0x00,0x00,0x00,0x00,0x00,0x00,0x00,0x00,0x00,0x00,0x00,0x00,
    0x00,0x00,0x00,0x00,0x00,0x00,0x00,0x00,0x00,0x00,0x00,0x00,0x00,0x00,0x00,0x00,0x00,0x00,0x00,0x00,0x00,0x00,0x00,0x00,
    0x00,0x00,0x00,0x00,0x00,0x00,0x00,0x00,0x00,0x00,0x00,0x00,0x00,0x00,0x00,0x00,0x00,0x00,0x00,0x00,0x00,0x00,0x00,0x00,
    0x00,0x00,0x00,0x00,0x00,0x00,0x00,0x00,0x00,0x00,0x00,0x00,0x00,0x00,0x00,0x00,0x00,0x00,0x00,0x00,0x00,0x00,0x00,0x00,
    0x00,0x00,0x00,0x00,0x00,0x00,0x00,0x00,0x00,0x00,0x00,0x00,0x00,0x00,0x00,0x00,0x00,0x00,0x00,0x00,0x00,0x00,0x00,0x00,
    0x00,0x00,0x00,0x00,0x00,0x00,0x00,0x00,0x00,0x00,0x00,0x00,0x00,0x00,0x00,0x00,0x00,0x00,0x00,0x00,0x00,0x00,0x00,0x00,
    0x00,0x00,0x00,0x00,0x00,0x00,0x00,0x00,0x00,0x00,0x00,0x00,0x00,0x00,0x00,0x00,0x00,0x00,0x00,0x00,0x00,0x00,0x00,0x00,
    0x00,0x00,0x00,0x00,0x00,0x00,0x00,0x00,0x00,0x00,0x00,0x00,0x00,0x00,0x00,0x00,0x00,0x00,0x00,0x00,0x00,0x00,0x00,0x00,
    0x00,0x00,0x00,0x00,0x00,0x00,0x00,0x00,0x00,0x00,0x00,0x00,0x00,0x00,0x00,0x00,0x00,0x00,0x00,0x00,0x00,0x00,0x00,0x00,
    0x00,0x00,0x00,0x00,0x00,0x00,0x00,0x00,0x00,0x00,0x00,0x00,0x00,0x00,0x00,0x00,0x00,0x00,0x00,0x00,0x00,0x00,0x00,0x00,
    0x00,0x00,0x00,0x00,0x00,0x00,0x00,0x00,0x00,0x00,0x00,0x00,0x00,0x00,0x00,0x00,0x00,0x00,0x00,0x00,0x00,0x00,0x00,0x00,
    0x00,0x00,0x00,0x00,0x00,0x00,0x00,0x00,0x00,0x00,0x00,0x00,0x00,0x00,0x00,0x00,0x00,0x00,0x00,0x00,0x00,0x00,0x00,0x00,
    0x00,0x00,0x00,0x00,0x00,0x00,0x00,0x00,0x00,0x00,0x00,0x00,0x00,0x00,0x00,0x00,0x00,0x00,0x00,0x00,0x00,0x00,0x00,0x00,
    0x00,0x00,0x00,0x00,0x00,0x00,0x00,0x00,0x00,0x00,0x00,0x00,0x00,0x00,0x00,0x00,0x00,0x00,0x00,0x00,0x00,0x00,0x00,0x00,
    0x00,0x00,0x00,0x00,0x00,0x00,0x00,0x00,0x00,0x00,0x00,0x00,0x00,0x00,0x00,0x00,0x00,0x00,0x00,0x00,0x00,0x00,0x00,0x00,
    0x00,0x00,0x00,0x00,0x00,0x00,0x00,0x00,0x00,0x00,0x00,0x00,0x00,0x00,0x00,0x00,0x00,0x00,0x00,0x00,0x00,0x00,0x00,0x00,
    0x00,0x00,0x00,0x00,0x00,0x00,0x00,0x00,0x00,0x00,0x00,0x00,0x00,0x00,0x00,0x00,0x00,0x00,0x00,0x00,0x00,0x00,0x00,0x00,
    0x00,0x00,0x00,0x00,0x00,0x00,0x00,0x00,0x00,0x00,0x00,0x00,0x00,0x00,0x00,0x00,0x00,0x00,0x00,0x00,0x00,0x00,0x00,0x00,
    0x00,0x00,0x00,0x00,0x00,0x00,0x00,0x00,0x00,0x00,0x00,0x00,0x00,0x00,0x00,0x00,0x00,0x00,0x00,0x00,0x00,0x00,0x00,0x00,
    0x00,0x00,0x00,0x00,0x00,0x00,0x00,0x00,0x00,0x00,0x00,0x00,0x00,0x00,0x00,0x00,0x00,0x00,0x00,0x00,0x00,0x00,0x00,0x00,
    0x00,0x00,0x00,0x00,0x00,0x00,0x00,0x00,0x00,0x00,0x00,0x00,0x00,0x00,0x00,0x00,0x00,0x00,0x00,0x00,0x00,0x00,0x00,0x00,
    0x00,0x00,0x00,0x00,0x00,0x00,0x00,0x00,0x00,0x00,0x00,0x00,0x00,0x00,0x00,0x00,0x00,0x00,0x00,0x00,0x00,0x00,0x00,0x00,
    0x00,0x00,0x00,0x00,0x00,0x00,0x00,0x00,0x00,0x00,0x00,0x00,0x00,0x00,0x00,0x00,0x00,0x00,0x00,0x00,0x00,0x00,0x00,0x00,
    0x00,0x00,0x00,0x00,0x00,0x00,0x00,0x00,0x00,0x00,0x00,0x00,0x00,0x00,0x00,0x00,0x00,0x00,0x00,0x00,0x00,0x00,0x00,0x00,
    0x00,0x00,0x00,0x00,0x00,0x00,0x00,0x00,0x00,0x00,0x00,0x00,0x00,0x00,0x00,0x00,0x00,0x00,0x00,0x00,0x00,0x00,0x00,0x00,
    0x00,0x00,0x00,0x00,0x00,0x00,0x00,0x00,0x00,0x00,0x00,0x00,0x00,0x00,0x00,0x00,0x00,0x00,0x00,0x00,0x00,0x00,0x00,0x00,
    0x00,0x00,0x00,0x00,0x00,0x00,0x00,0x00,0x00,0x00,0x00,0x00,0x00,0x00,0x00,0x00,0x00,0x00,0x00,0x00,0x00,0x00,0x00,0x00,
    0x00,0x00,0x00,0x00,0x00,0x00,0x00,0x00,0x00,0x00,0x00,0x00,0x00,0x00,0x00,0x00,0x00,0x00,0x00,0x00,0x00,0x00,0x00,0x00,
    0x00,0x00,0x00,0x00,0x00,0x00,0x00,0x00,0x00,0x00,0x00,0x00,0x00,0x00,0x00,0x00,0x00,0x00,0x00,0x00,0x00,0x00,0x00,0x00,
    0x00,0x00,0x00,0x00,0x00,0x00,0x00,0x00,0x00,0x00,0x00,0x00,0x00,0x00,0x00,0x00,0x00,0x00,0x00,0x00,0x00,0x00,0x00,0x00,
    0x00,0x00,0x00,0x00,0x00,0x00,0x00,0x00,0x00,0x00,0x00,0x00,0x00,0x00,0x00,0x00,0x00,0x00,0x00,0x00,0x00,0x00,0x00,0x00,
    0x00,0x00,0x00,0x00,0x00,0x00,0x00,0x00,0x00,0x00,0x00,0x00,0x00,0x00,0x00,0x00,0x00,0x00,0x00,0x00,0x00,0x00,0x00,0x00,
    0x00,0x00,0x00,0x00,0x00,0x00,0x00,0x00,0x00,0x00,0x00,0x00,0x00,0x00,0x00,0x00,0x00,0x00,0x00,0x00,0x00,0x00,0x00,0x00,
    0x00,0x00,0x00,0x00,0x00,0x00,0x00,0x00,0x00,0x00,0x00,0x00,0x00,0x00,0x00,0x00,0x00,0x00,0x00,0x00,0x00,0x00,0x00,0x00,
    0x00,0x00,0x00,0x00,0x00,0x00,0x00,0x00,
};

struct PortFixup {
    unsigned int slot;   /* offset of the pointer slot in port_data */
    unsigned char kind;  /* 'G' global + offset, 'F' function, 'I' into port_data */
    void *target;        /* the global or function (NULL for 'I') */
    unsigned int size;   /* sizeof the global ('G') */
    unsigned int offset; /* offset into the global ('G') or into port_data ('I') */
    unsigned int data;   /* the original target's offset in port_data, or ~0u if outside it */
};

static const struct PortFixup port_fixups[] = {
    {0x410, 'G', (void *)&EditCursor, sizeof(EditCursor), 0x1440, ~0u},
    {0x208c, 'G', (void *)&DAT_0066be54, sizeof(DAT_0066be54), 0x741d4, ~0u},
    {0x2090, 'G', (void *)&DAT_0066be54, sizeof(DAT_0066be54), 0x54221, ~0u},
    {0x2e4c, 'G', (void *)&DAT_00579878, sizeof(DAT_00579878), 0x16788, ~0u},
    {0x2ffc, 'G', (void *)&DAT_00579878, sizeof(DAT_00579878), 0x46788, ~0u},
    {0x301c, 'G', (void *)&DAT_00579878, sizeof(DAT_00579878), 0x26788, ~0u},
    {0x3070, 'G', (void *)&DAT_004e3870, sizeof(DAT_004e3870), 0x1c790, ~0u},
    {0x30c0, 'G', (void *)&DAT_004cc090, sizeof(DAT_004cc090), 0x3fe4, ~0u},
    {0x315c, 'G', (void *)&DAT_00579878, sizeof(DAT_00579878), 0x367f4, ~0u},
    {0x318c, 'G', (void *)&DAT_004cc090, sizeof(DAT_004cc090), 0x3f70, ~0u},
    {0x35a4, 'G', (void *)&DAT_004e3870, sizeof(DAT_004e3870), 0x8c803, ~0u},
    {0x3e60, 'F', (void *)FUN_004119a0, 0, 0, ~0u},
    {0x3f80, 'F', (void *)LogFlumeHoldUpRemoveObject, 0, 0, ~0u},
    {0x4f1c, 'G', (void *)&NullGuid, sizeof(NullGuid), 0x307a, 0x504au},
    {0x4f20, 'G', (void *)&DAT_004cc090, sizeof(DAT_004cc090), 0x3fbc, ~0u},
    {0x4f24, 'G', (void *)&DAT_004e3870, sizeof(DAT_004e3870), 0xc7de, ~0u},
    {0x4f28, 'G', (void *)&DAT_004e3870, sizeof(DAT_004e3870), 0x2c7e0, ~0u},
    {0x4f2c, 'G', (void *)&DAT_004e3870, sizeof(DAT_004e3870), 0x4c7e2, ~0u},
    {0x4f30, 'G', (void *)&DAT_004e3870, sizeof(DAT_004e3870), 0x6c7e4, ~0u},
    {0x4f34, 'G', (void *)&DAT_004e3870, sizeof(DAT_004e3870), 0x8c7e6, ~0u},
    {0x4f38, 'G', (void *)&DAT_00579878, sizeof(DAT_00579878), 0x167e0, ~0u},
    {0x4f3c, 'G', (void *)&DAT_00579878, sizeof(DAT_00579878), 0x367e2, ~0u},
    {0x4f40, 'G', (void *)&DAT_00579878, sizeof(DAT_00579878), 0x567e4, ~0u},
    {0x4f44, 'G', (void *)&DAT_00579878, sizeof(DAT_00579878), 0x767e6, ~0u},
    {0x4f48, 'G', (void *)&DAT_0060fef8, sizeof(DAT_0060fef8), 0x168, ~0u},
    {0x4f4c, 'G', (void *)&DAT_0062fef8, sizeof(DAT_0062fef8), 0x16a, ~0u},
    {0x4f50, 'G', (void *)&DAT_0064cd90, sizeof(DAT_0064cd90), 0x32d4, ~0u},
    {0x4f54, 'G', (void *)&DAT_0066be54, sizeof(DAT_0066be54), 0x4212, ~0u},
    {0x4f58, 'G', (void *)&DAT_0066be54, sizeof(DAT_0066be54), 0x24214, ~0u},
    {0x4f5c, 'G', (void *)&DAT_0066be54, sizeof(DAT_0066be54), 0x44216, ~0u},
    {0x4f60, 'G', (void *)&DAT_0066be54, sizeof(DAT_0066be54), 0x64218, ~0u},
    {0x4f64, 'G', (void *)&DAT_0066be54, sizeof(DAT_0066be54), 0x8421a, ~0u},
    {0x4f68, 'G', (void *)&DAT_00701e68, sizeof(DAT_00701e68), 0xe208, ~0u},
    {0x4f6c, 'G', (void *)&DAT_00701e68, sizeof(DAT_00701e68), 0x2e20a, ~0u},
    {0x4f70, 'G', (void *)&DAT_00701e68, sizeof(DAT_00701e68), 0x4e20c, ~0u},
    {0x4f74, 'G', (void *)&DAT_00701e68, sizeof(DAT_00701e68), 0x6e20e, ~0u},
    {0x4f78, 'G', (void *)&DAT_00701e68, sizeof(DAT_00701e68), 0x8e210, ~0u},
    {0x4f7c, 'G', (void *)&SpeechPcmBuffer, sizeof(SpeechPcmBuffer), 0x53da, ~0u},
    {0x4f80, 'G', (void *)&PrintListPool, sizeof(PrintListPool), 0x4a7c, ~0u},
    {0x4f84, 'G', (void *)&PrintListPool, sizeof(PrintListPool), 0x24a7e, ~0u},
    {0x4f88, 'G', (void *)&CurrentProfile, sizeof(CurrentProfile), 0xe0, ~0u},
    {0x4f8c, 'G', (void *)&DAT_0082f760, sizeof(DAT_0082f760), 0x922, ~0u},
    {0x90c8, 'G', (void *)&Catapult_SFX, sizeof(Catapult_SFX), 0x58, 0x9120u},
    {0x90d4, 'G', (void *)&Catapult_SFX, sizeof(Catapult_SFX), 0x4c, 0x9114u},
    {0x90e0, 'G', (void *)&Catapult_SFX, sizeof(Catapult_SFX), 0x40, 0x9108u},
    {0x90ec, 'G', (void *)&Catapult_SFX, sizeof(Catapult_SFX), 0x30, 0x90f8u},
    {0x9140, 'G', (void *)&CopterPathTable4, 0x160u, 0x10c, 0x93a4u},
    {0x914c, 'G', (void *)&CopterPathTable4, 0x160u, 0xf4, 0x938cu},
    {0x9158, 'G', (void *)&CopterPathTable4, 0x160u, 0xdc, 0x9374u},
    {0x9164, 'G', (void *)&CopterPathTable4, 0x160u, 0xc0, 0x9358u},
    {0x9170, 'G', (void *)&CopterPathTable4, 0x160u, 0xb4, 0x934cu},
    {0x9174, 'G', (void *)&CopterPathTable4, 0x160u, 0xa4, 0x933cu},
    {0x9178, 'G', (void *)&CopterPathTable4, 0x160u, 0x98, 0x9330u},
    {0x917c, 'G', (void *)&CopterPathTable4, 0x160u, 0x88, 0x9320u},
    {0x9180, 'G', (void *)&CopterPathTable4, 0x160u, 0x7c, 0x9314u},
    {0x9184, 'G', (void *)&CopterPathTable4, 0x160u, 0x6c, 0x9304u},
    {0x9188, 'G', (void *)&CopterPathTable4, 0x160u, 0x60, 0x92f8u},
    {0x918c, 'G', (void *)&CopterPathTable4, 0x160u, 0x54, 0x92ecu},
    {0x9190, 'G', (void *)&CopterPathTable4, 0x160u, 0x48, 0x92e0u},
    {0x9194, 'G', (void *)&CopterPathTable4, 0x160u, 0x38, 0x92d0u},
    {0x91cc, 'I', NULL, 0, 0x9198, 0x9198u},
    {0x920c, 'I', NULL, 0, 0x91d0, 0x91d0u},
    {0x9244, 'I', NULL, 0, 0x9210, 0x9210u},
    {0x9274, 'I', NULL, 0, 0x9248, 0x9248u},
    {0x929c, 'I', NULL, 0, 0x9278, 0x9278u},
    {0x93f8, 'G', (void *)&DAT_004b4470, sizeof(DAT_004b4470), 0x50, 0x94c0u},
    {0x9404, 'G', (void *)&DAT_004b4470, sizeof(DAT_004b4470), 0x44, 0x94b4u},
    {0x9410, 'G', (void *)&DAT_004b4470, sizeof(DAT_004b4470), 0x38, 0x94a8u},
    {0x941c, 'G', (void *)&DAT_004b4470, sizeof(DAT_004b4470), 0x2c, 0x949cu},
    {0x9428, 'G', (void *)&DAT_004b4470, sizeof(DAT_004b4470), 0x20, 0x9490u},
    {0x9434, 'G', (void *)&DAT_004b4470, sizeof(DAT_004b4470), 0x14, 0x9484u},
    {0x960c, 'I', NULL, 0, 0x95e0, 0x95e0u},
    {0x9688, 'G', (void *)&JOUST_SFX, sizeof(JOUST_SFX), 0xc, 0x9694u},
    {0x9768, 'G', (void *)&DAT_004b4860, sizeof(DAT_004b4860), 0x74, 0x98d4u},
    {0x976c, 'G', (void *)&DAT_004b4860, sizeof(DAT_004b4860), 0x68, 0x98c8u},
    {0x9770, 'G', (void *)&DAT_004b4860, sizeof(DAT_004b4860), 0x5c, 0x98bcu},
    {0x9774, 'G', (void *)&DAT_004b4860, sizeof(DAT_004b4860), 0x50, 0x98b0u},
    {0x9778, 'G', (void *)&DAT_004b4860, sizeof(DAT_004b4860), 0x44, 0x98a4u},
    {0x977c, 'G', (void *)&DAT_004b4860, sizeof(DAT_004b4860), 0x38, 0x9898u},
    {0x9780, 'G', (void *)&DAT_004b4860, sizeof(DAT_004b4860), 0x2c, 0x988cu},
    {0x9784, 'G', (void *)&DAT_004b4860, sizeof(DAT_004b4860), 0x20, 0x9880u},
    {0x9788, 'G', (void *)&DAT_004b4860, sizeof(DAT_004b4860), 0x14, 0x9874u},
    {0x978c, 'G', (void *)&DAT_004b4860, sizeof(DAT_004b4860), 0x8, 0x9868u},
    {0x9790, 'G', (void *)&DAT_004b4860, sizeof(DAT_004b4860), 0x14, 0x9874u},
    {0x97bc, 'I', NULL, 0, 0x9798, 0x9798u},
    {0x97ec, 'I', NULL, 0, 0x97c0, 0x97c0u},
    {0x980c, 'G', (void *)&FlumeStages_004b47f0, sizeof(FlumeStages_004b47f0), 0x0, 0x97f0u},
    {0x982c, 'G', (void *)&FlumeStages_004b4810, sizeof(FlumeStages_004b4810), 0x0, 0x9810u},
    {0x985c, 'G', (void *)&FlumeStages_004b4830, sizeof(FlumeStages_004b4830), 0x0, 0x9830u},
    {0x9cb8, 'G', (void *)&DAT_004b4ce4, sizeof(DAT_004b4ce4), 0x20, 0x9d04u},
    {0x9d88, 'G', (void *)&DAT_004b4e20, sizeof(DAT_004b4e20), 0x8, 0x9e28u},
    {0x9f08, 'G', (void *)&DAT_004b4f1c, sizeof(DAT_004b4f1c), 0x28, 0x9f44u},
    {0x9f0c, 'G', (void *)&DAT_004b4f1c, sizeof(DAT_004b4f1c), 0x1c, 0x9f38u},
    {0x9f10, 'G', (void *)&DAT_004b4f1c, sizeof(DAT_004b4f1c), 0x10, 0x9f2cu},
    {0x9f14, 'G', (void *)&DAT_004b4f1c, sizeof(DAT_004b4f1c), 0x4, 0x9f20u},
    {0x9fa8, 'G', (void *)&WATERWORKS_SFX, sizeof(WATERWORKS_SFX), 0x4c, 0x9ff4u},
    {0x9fb4, 'G', (void *)&WATERWORKS_SFX, sizeof(WATERWORKS_SFX), 0x34, 0x9fdcu},
    {0x9fc0, 'G', (void *)&WATERWORKS_SFX, sizeof(WATERWORKS_SFX), 0x24, 0x9fccu},
    {0xa2c0, 'G', (void *)&PTR_s_Boat_Noise_wav, sizeof(PTR_s_Boat_Noise_wav), 0x2c, 0xa2ecu},
    {0xa2cc, 'G', (void *)&PTR_s_Boat_Noise_wav, sizeof(PTR_s_Boat_Noise_wav), 0x18, 0xa2d8u},
    {0xa5fc, 'G', (void *)&DAT_0082ac60, sizeof(DAT_0082ac60), 0x80, ~0u},
    {0xa600, 'G', (void *)&DAT_004d884c, sizeof(DAT_004d884c), 0x0, ~0u},
    {0xa604, 'G', (void *)&DAT_004d87cc, sizeof(DAT_004d87cc), 0x0, ~0u},
    {0xa648, 'F', (void *)FUN_0041f8d0, 0, 0, ~0u},
    {0xa64c, 'F', (void *)FUN_0041fba0, 0, 0, ~0u},
    {0xa658, 'F', (void *)FUN_0041fd80, 0, 0, ~0u},
    {0xa65c, 'F', (void *)FUN_0041ff80, 0, 0, ~0u},
    {0xa8d8, 'G', (void *)&DAT_004b5700, sizeof(DAT_004b5700), 0x0, 0xa700u},
    {0xa8e0, 'G', (void *)&DAT_004b5748, sizeof(DAT_004b5748), 0x0, 0xa748u},
    {0xa96c, 'G', (void *)&DAT_004b5988, sizeof(DAT_004b5988), 0x50, 0xa9d8u},
    {0xa970, 'G', (void *)&DAT_004b5988, sizeof(DAT_004b5988), 0x48, 0xa9d0u},
    {0xa97c, 'G', (void *)&DAT_004b5988, sizeof(DAT_004b5988), 0x38, 0xa9c0u},
    {0xa980, 'G', (void *)&DAT_004b5988, sizeof(DAT_004b5988), 0x48, 0xa9d0u},
    {0xaaac, 'G', (void *)&SitLoManSitName, 0xc4u, 0x18, 0xaa10u},
    {0xaab0, 'G', (void *)&SitLoManSitName, 0xc4u, 0x40, 0xaa38u},
    {0xaab4, 'G', (void *)&SitLoManSitName, 0xc4u, 0x68, 0xaa60u},
    {0xaab8, 'G', (void *)&SitLoManSitName, 0xc4u, 0x90, 0xaa88u},
    {0xab20, 'G', (void *)&DAT_00579878, sizeof(DAT_00579878), 0x84, ~0u},
    {0xab24, 'G', (void *)&DAT_004e3870, sizeof(DAT_004e3870), 0x0, ~0u},
    {0xab3c, 'G', (void *)&DAT_004dd870, sizeof(DAT_004dd870), 0x0, ~0u},
    {0xab64, 'F', (void *)FUN_00423940, 0, 0, ~0u},
    {0xab68, 'F', (void *)FUN_00423970, 0, 0, ~0u},
    {0xab6c, 'F', (void *)FUN_00423990, 0, 0, ~0u},
    {0xad3c, 'F', (void *)FUN_00427a40, 0, 0, ~0u},
    {0xad40, 'F', (void *)FUN_00427a80, 0, 0, ~0u},
    {0xad44, 'F', (void *)FUN_004286e0, 0, 0, ~0u},
    {0xad48, 'F', (void *)FUN_004275c0, 0, 0, ~0u},
    {0xad4c, 'F', (void *)FUN_004275b0, 0, 0, ~0u},
    {0xad74, 'F', (void *)FUN_00427c30, 0, 0, ~0u},
    {0xad78, 'F', (void *)FUN_00427c70, 0, 0, ~0u},
    {0xad7c, 'F', (void *)FUN_004286e0, 0, 0, ~0u},
    {0xad80, 'F', (void *)FUN_004275c0, 0, 0, ~0u},
    {0xad84, 'F', (void *)FUN_004275b0, 0, 0, ~0u},
    {0xadac, 'F', (void *)FUN_00427c30, 0, 0, ~0u},
    {0xadb0, 'F', (void *)FUN_00427c70, 0, 0, ~0u},
    {0xadb4, 'F', (void *)FUN_004286e0, 0, 0, ~0u},
    {0xadb8, 'F', (void *)FUN_004275c0, 0, 0, ~0u},
    {0xadbc, 'F', (void *)FUN_004275b0, 0, 0, ~0u},
    {0xade4, 'F', (void *)FUN_00427c30, 0, 0, ~0u},
    {0xade8, 'F', (void *)FUN_00427c70, 0, 0, ~0u},
    {0xadec, 'F', (void *)FUN_004286e0, 0, 0, ~0u},
    {0xadf0, 'F', (void *)FUN_00427ff0, 0, 0, ~0u},
    {0xadf4, 'F', (void *)FUN_00427f70, 0, 0, ~0u},
    {0xaf50, 'F', (void *)FUN_00428860, 0, 0, ~0u},
    {0xaf54, 'F', (void *)FUN_00428860, 0, 0, ~0u},
    {0xaf70, 'G', (void *)&DAT_006139c8, sizeof(DAT_006139c8), 0x0, ~0u},
    {0xaf74, 'G', (void *)&DAT_006148b8, sizeof(DAT_006148b8), 0x0, ~0u},
    {0xaf78, 'G', (void *)&DAT_00612708, sizeof(DAT_00612708), 0x0, ~0u},
    {0xb15c, 'G', (void *)&DAT_006137e8, sizeof(DAT_006137e8), 0x0, ~0u},
    {0xb160, 'G', (void *)&DAT_004b5f80, sizeof(DAT_004b5f80), 0x190, 0xb110u},
    {0xb168, 'G', (void *)&DAT_004b5f80, sizeof(DAT_004b5f80), 0x90, 0xb010u},
    {0xb30c, 'G', (void *)&DAT_00614858, sizeof(DAT_00614858), 0x0, ~0u},
    {0xb310, 'G', (void *)&DAT_004b61e0, sizeof(DAT_004b61e0), 0x60, 0xb240u},
    {0xb318, 'G', (void *)&DAT_004b61e0, sizeof(DAT_004b61e0), 0x90, 0xb270u},
    {0xb3fc, 'F', (void *)FUN_00429e20, 0, 0, ~0u},
    {0xb4d8, 'G', (void *)&CAROUSSEL_SFX, sizeof(CAROUSSEL_SFX), 0x34, 0xb50cu},
    {0xb4e4, 'G', (void *)&CAROUSSEL_SFX, sizeof(CAROUSSEL_SFX), 0x18, 0xb4f0u},
    {0xb668, 'G', (void *)&ENTRANCE_SFX, sizeof(ENTRANCE_SFX), 0xc, 0xb674u},
    {0xb6e8, 'G', (void *)&DAT_004b6d58, sizeof(DAT_004b6d58), 0x15c, 0xbeb4u},
    {0xb968, 'G', (void *)&DAT_004b6d58, sizeof(DAT_004b6d58), 0x148, 0xbea0u},
    {0xb974, 'G', (void *)&DAT_004b6d58, sizeof(DAT_004b6d58), 0x134, 0xbe8cu},
    {0xb980, 'G', (void *)&DAT_004b6d58, sizeof(DAT_004b6d58), 0x120, 0xbe78u},
    {0xc618, 'G', (void *)&DAT_004b77e8, sizeof(DAT_004b77e8), 0x40, 0xc828u},
    {0xc68c, 'G', (void *)&SPACE_TOWER_SFX, sizeof(SPACE_TOWER_SFX), 0x10, 0xc628u},
    {0xc694, 'G', (void *)&SPACE_TOWER_SFX, sizeof(SPACE_TOWER_SFX), 0x30, 0xc648u},
    {0xc69c, 'G', (void *)&SPACE_TOWER_SFX, sizeof(SPACE_TOWER_SFX), 0x40, 0xc658u},
    {0xc6a4, 'G', (void *)&SPACE_TOWER_SFX, sizeof(SPACE_TOWER_SFX), 0x60, 0xc678u},
    {0xc6a8, 'G', (void *)&SPACE_TOWER_SFX, sizeof(SPACE_TOWER_SFX), 0x70, 0xc688u},
    {0xc6ac, 'G', (void *)&SPACE_TOWER_SFX, sizeof(SPACE_TOWER_SFX), 0x78, 0xc690u},
    {0xc6b0, 'G', (void *)&SPACE_TOWER_SFX, sizeof(SPACE_TOWER_SFX), 0x80, 0xc698u},
    {0xc6b4, 'G', (void *)&SPACE_TOWER_SFX, sizeof(SPACE_TOWER_SFX), 0x88, 0xc6a0u},
    {0xc6bc, 'G', (void *)&SPACE_TOWER_SFX, sizeof(SPACE_TOWER_SFX), 0x90, 0xc6a8u},
    {0xc724, 'G', (void *)&DAT_004b76b8, sizeof(DAT_004b76b8), 0x8, 0xc6c0u},
    {0xc72c, 'G', (void *)&DAT_004b76b8, sizeof(DAT_004b76b8), 0x28, 0xc6e0u},
    {0xc734, 'G', (void *)&DAT_004b76b8, sizeof(DAT_004b76b8), 0x38, 0xc6f0u},
    {0xc73c, 'G', (void *)&DAT_004b76b8, sizeof(DAT_004b76b8), 0x58, 0xc710u},
    {0xc740, 'G', (void *)&DAT_004b76b8, sizeof(DAT_004b76b8), 0x68, 0xc720u},
    {0xc744, 'G', (void *)&DAT_004b76b8, sizeof(DAT_004b76b8), 0x70, 0xc728u},
    {0xc748, 'G', (void *)&DAT_004b76b8, sizeof(DAT_004b76b8), 0x78, 0xc730u},
    {0xc74c, 'G', (void *)&DAT_004b76b8, sizeof(DAT_004b76b8), 0x80, 0xc738u},
    {0xc754, 'G', (void *)&DAT_004b76b8, sizeof(DAT_004b76b8), 0x88, 0xc740u},
    {0xc75c, 'G', (void *)&DAT_004b76b8, sizeof(DAT_004b76b8), 0x0, 0xc6b8u},
    {0xc764, 'G', (void *)&DAT_004b76b8, sizeof(DAT_004b76b8), 0x0, 0xc6b8u},
    {0xc76c, 'G', (void *)&DAT_004b7750, sizeof(DAT_004b7750), 0x0, 0xc750u},
    {0xc774, 'G', (void *)&DAT_004b7750, sizeof(DAT_004b7750), 0x0, 0xc750u},
    {0xc77c, 'G', (void *)&DAT_004b7750, sizeof(DAT_004b7750), 0x0, 0xc750u},
    {0xc784, 'G', (void *)&DAT_004b7750, sizeof(DAT_004b7750), 0x0, 0xc750u},
    {0xc78c, 'G', (void *)&DAT_004b76b8, sizeof(DAT_004b76b8), 0x0, 0xc6b8u},
    {0xc794, 'G', (void *)&DAT_004b76b8, sizeof(DAT_004b76b8), 0x0, 0xc6b8u},
    {0xc9d0, 'G', (void *)&DAT_004b79d0, sizeof(DAT_004b79d0), 0x34, 0xca04u},
    {0xc9dc, 'G', (void *)&DAT_004b79d0, sizeof(DAT_004b79d0), 0x18, 0xc9e8u},
    {0xce38, 'F', (void *)FUN_004443b0, 0, 0, ~0u},
    {0xce3c, 'F', (void *)FUN_004443e0, 0, 0, ~0u},
    {0xce40, 'F', (void *)FUN_00444410, 0, 0, ~0u},
    {0xce44, 'F', (void *)FUN_00444440, 0, 0, ~0u},
    {0xce48, 'F', (void *)FUN_00444470, 0, 0, ~0u},
    {0xce4c, 'F', (void *)FUN_004444b0, 0, 0, ~0u},
    {0xce50, 'F', (void *)FUN_004444f0, 0, 0, ~0u},
    {0xce54, 'F', (void *)FUN_00444530, 0, 0, ~0u},
    {0xce58, 'F', (void *)FUN_00444570, 0, 0, ~0u},
    {0xce5c, 'F', (void *)FUN_004445b0, 0, 0, ~0u},
    {0xce60, 'F', (void *)FUN_004445f0, 0, 0, ~0u},
    {0xce64, 'F', (void *)FUN_00444630, 0, 0, ~0u},
    {0xce68, 'F', (void *)FUN_00444670, 0, 0, ~0u},
    {0xce6c, 'F', (void *)FUN_004446b0, 0, 0, ~0u},
    {0xce70, 'F', (void *)FUN_004446f0, 0, 0, ~0u},
    {0xce74, 'F', (void *)FUN_00444730, 0, 0, ~0u},
    {0xce78, 'F', (void *)FUN_00444770, 0, 0, ~0u},
    {0xce7c, 'F', (void *)FUN_004447b0, 0, 0, ~0u},
    {0xce80, 'F', (void *)FUN_004447f0, 0, 0, ~0u},
    {0xce84, 'F', (void *)FUN_00444830, 0, 0, ~0u},
    {0xce88, 'F', (void *)FUN_00444870, 0, 0, ~0u},
    {0xce8c, 'F', (void *)FUN_004448b0, 0, 0, ~0u},
    {0xce90, 'F', (void *)FUN_004448f0, 0, 0, ~0u},
    {0xce94, 'F', (void *)FUN_00444930, 0, 0, ~0u},
    {0xce98, 'F', (void *)FUN_00444970, 0, 0, ~0u},
    {0xce9c, 'G', (void *)&DAT_004b7e9c, sizeof(DAT_004b7e9c), 0x1fc, 0xd098u},
    {0xcea0, 'G', (void *)&DAT_004b7e9c, sizeof(DAT_004b7e9c), 0x1ec, 0xd088u},
    {0xcea4, 'G', (void *)&DAT_004b7e9c, sizeof(DAT_004b7e9c), 0x1d4, 0xd070u},
    {0xcea8, 'G', (void *)&DAT_004b4470, sizeof(DAT_004b4470), 0xec, 0x955cu},
    {0xceac, 'G', (void *)&DAT_004b7e9c, sizeof(DAT_004b7e9c), 0x1c8, 0xd064u},
    {0xceb0, 'G', (void *)&DAT_004b7e9c, sizeof(DAT_004b7e9c), 0x1ac, 0xd048u},
    {0xceb4, 'G', (void *)&DAT_004b7e9c, sizeof(DAT_004b7e9c), 0x198, 0xd034u},
    {0xceb8, 'G', (void *)&DAT_004b7e9c, sizeof(DAT_004b7e9c), 0x188, 0xd024u},
    {0xcebc, 'G', (void *)&DAT_004b7e9c, sizeof(DAT_004b7e9c), 0x178, 0xd014u},
    {0xcec0, 'G', (void *)&DAT_004b7e9c, sizeof(DAT_004b7e9c), 0x164, 0xd000u},
    {0xcec4, 'G', (void *)&DAT_004b7e9c, sizeof(DAT_004b7e9c), 0x148, 0xcfe4u},
    {0xcec8, 'G', (void *)&DAT_004b7e9c, sizeof(DAT_004b7e9c), 0x12c, 0xcfc8u},
    {0xcecc, 'G', (void *)&DAT_004b7e9c, sizeof(DAT_004b7e9c), 0x110, 0xcfacu},
    {0xced0, 'G', (void *)&DAT_004b7e9c, sizeof(DAT_004b7e9c), 0xf4, 0xcf90u},
    {0xced4, 'G', (void *)&DAT_004b7e9c, sizeof(DAT_004b7e9c), 0xe4, 0xcf80u},
    {0xced8, 'G', (void *)&DAT_004b7e9c, sizeof(DAT_004b7e9c), 0xd0, 0xcf6cu},
    {0xcedc, 'G', (void *)&DAT_004b7e9c, sizeof(DAT_004b7e9c), 0xc0, 0xcf5cu},
    {0xcee0, 'G', (void *)&DAT_004b7e9c, sizeof(DAT_004b7e9c), 0xb0, 0xcf4cu},
    {0xcee4, 'G', (void *)&DAT_004b7e9c, sizeof(DAT_004b7e9c), 0x98, 0xcf34u},
    {0xcee8, 'G', (void *)&DAT_004b7e9c, sizeof(DAT_004b7e9c), 0x84, 0xcf20u},
    {0xceec, 'G', (void *)&DAT_004b7e9c, sizeof(DAT_004b7e9c), 0x68, 0xcf04u},
    {0xcef0, 'G', (void *)&DAT_004b7e9c, sizeof(DAT_004b7e9c), 0x58, 0xcef4u},
    {0xd1c0, 'G', (void *)&ModelsPath, sizeof(ModelsPath), 0x88, 0xd260u},
    {0xd1c4, 'G', (void *)&ModelsPath, sizeof(ModelsPath), 0x88, 0xd260u},
    {0xd1c8, 'G', (void *)&ModelsPath, sizeof(ModelsPath), 0x74, 0xd24cu},
    {0xd1cc, 'G', (void *)&ModelsPath, sizeof(ModelsPath), 0x60, 0xd238u},
    {0xd1d0, 'G', (void *)&ModelsPath, sizeof(ModelsPath), 0x48, 0xd220u},
    {0xd1d4, 'G', (void *)&ModelsPath, sizeof(ModelsPath), 0x34, 0xd20cu},
    {0xd1d8, 'G', (void *)&ModelsPath, sizeof(ModelsPath), 0x20, 0xd1f8u},
    {0xd1dc, 'G', (void *)&ModelsPath, sizeof(ModelsPath), 0x8, 0xd1e0u},
    {0xd348, 'G', (void *)&DAT_006661cc, sizeof(DAT_006661cc), 0x0, ~0u},
    {0xd350, 'G', (void *)&DAT_006661cc, sizeof(DAT_006661cc), 0xc8, ~0u},
    {0xd354, 'G', (void *)&DAT_006661cc, sizeof(DAT_006661cc), 0x12c, ~0u},
    {0xd35c, 'G', (void *)&DAT_006661cc, sizeof(DAT_006661cc), 0x1f4, ~0u},
    {0xd364, 'G', (void *)&DAT_006661cc, sizeof(DAT_006661cc), 0x2bc, ~0u},
    {0xd368, 'F', (void *)Bloke_DoNothing, 0, 0, ~0u},
    {0xd36c, 'F', (void *)FUN_0044f170, 0, 0, ~0u},
    {0xd370, 'F', (void *)FUN_0044ebf0, 0, 0, ~0u},
    {0xd374, 'F', (void *)FUN_0044ed70, 0, 0, ~0u},
    {0xd378, 'F', (void *)Bloke_DoNothing, 0, 0, ~0u},
    {0xd380, 'F', (void *)FUN_0044f610, 0, 0, ~0u},
    {0xd384, 'F', (void *)Bloke_DoNothing, 0, 0, ~0u},
    {0xd388, 'F', (void *)Bloke_DoNothing, 0, 0, ~0u},
    {0xd38c, 'F', (void *)Bloke_DoNothing, 0, 0, ~0u},
    {0xd390, 'F', (void *)Bloke_DoNothing, 0, 0, ~0u},
    {0xd394, 'F', (void *)Bloke_DoNothing, 0, 0, ~0u},
    {0xd398, 'F', (void *)Bloke_DoNothing, 0, 0, ~0u},
    {0xd39c, 'F', (void *)FUN_0044fe80, 0, 0, ~0u},
    {0xd3a0, 'F', (void *)FUN_00450250, 0, 0, ~0u},
    {0xd3a4, 'F', (void *)FUN_00450450, 0, 0, ~0u},
    {0xd3a8, 'F', (void *)Gardener_Idle, 0, 0, ~0u},
    {0xd3ac, 'F', (void *)Mechanic_Idle, 0, 0, ~0u},
    {0xd3b0, 'F', (void *)Gardener_Build, 0, 0, ~0u},
    {0xd3b4, 'F', (void *)Mechanic_Build, 0, 0, ~0u},
    {0xd3b8, 'F', (void *)FUN_00450330, 0, 0, ~0u},
    {0xd3bc, 'F', (void *)Garderner_Repair, 0, 0, ~0u},
    {0xd3c0, 'F', (void *)Mechanics_Repair, 0, 0, ~0u},
    {0xd3c4, 'F', (void *)FUN_0044fe10, 0, 0, ~0u},
    {0xd3c8, 'F', (void *)FUN_0049a4a0, 0, 0, ~0u},
    {0xd3cc, 'F', (void *)FUN_0049a4d0, 0, 0, ~0u},
    {0xd710, 'G', (void *)&WATERWORKS_SFX, sizeof(WATERWORKS_SFX), 0x24, 0x9fccu},
    {0xd71c, 'G', (void *)&WATERWORKS_SFX, sizeof(WATERWORKS_SFX), 0x34, 0x9fdcu},
    {0xd728, 'G', (void *)&WATERWORKS_SFX, sizeof(WATERWORKS_SFX), 0x4c, 0x9ff4u},
    {0xd734, 'G', (void *)&MONEY_SFX, sizeof(MONEY_SFX), 0xdc, 0xd884u},
    {0xd740, 'G', (void *)&MONEY_SFX, sizeof(MONEY_SFX), 0xc4, 0xd86cu},
    {0xd750, 'G', (void *)&MONEY_SFX, sizeof(MONEY_SFX), 0xa8, 0xd850u},
    {0xd75c, 'G', (void *)&MONEY_SFX, sizeof(MONEY_SFX), 0x94, 0xd83cu},
    {0xd768, 'G', (void *)&MONEY_SFX, sizeof(MONEY_SFX), 0x88, 0xd830u},
    {0xd774, 'G', (void *)&MONEY_SFX, sizeof(MONEY_SFX), 0x7c, 0xd824u},
    {0xd780, 'G', (void *)&MONEY_SFX, sizeof(MONEY_SFX), 0x70, 0xd818u},
    {0xd78c, 'G', (void *)&MONEY_SFX, sizeof(MONEY_SFX), 0x64, 0xd80cu},
    {0xd798, 'G', (void *)&MONEY_SFX, sizeof(MONEY_SFX), 0x58, 0xd800u},
    {0xd7a8, 'G', (void *)&MONEY_SFX, sizeof(MONEY_SFX), 0x2c, 0xd7d4u},
    {0xd7b4, 'G', (void *)&MONEY_SFX, sizeof(MONEY_SFX), 0x18, 0xd7c0u},
    {0xe228, 'G', (void *)&DAT_004b9610, sizeof(DAT_004b9610), 0x584, 0xeb94u},
    {0xe234, 'G', (void *)&DAT_004b9610, sizeof(DAT_004b9610), 0x570, 0xeb80u},
    {0xe240, 'G', (void *)&DAT_004b9610, sizeof(DAT_004b9610), 0x55c, 0xeb6cu},
    {0xe24c, 'G', (void *)&DAT_004b9610, sizeof(DAT_004b9610), 0x54c, 0xeb5cu},
    {0xe258, 'G', (void *)&DAT_004b9610, sizeof(DAT_004b9610), 0x53c, 0xeb4cu},
    {0xe264, 'G', (void *)&DAT_004b9610, sizeof(DAT_004b9610), 0x52c, 0xeb3cu},
    {0xe270, 'G', (void *)&DAT_004b9610, sizeof(DAT_004b9610), 0x518, 0xeb28u},
    {0xe27c, 'G', (void *)&DAT_004b9610, sizeof(DAT_004b9610), 0x508, 0xeb18u},
    {0xe288, 'G', (void *)&DAT_004b9610, sizeof(DAT_004b9610), 0x4f8, 0xeb08u},
    {0xe294, 'G', (void *)&DAT_004b9610, sizeof(DAT_004b9610), 0x4ec, 0xeafcu},
    {0xe2a0, 'G', (void *)&DAT_004b9610, sizeof(DAT_004b9610), 0x4e0, 0xeaf0u},
    {0xe2ac, 'G', (void *)&DAT_004b9610, sizeof(DAT_004b9610), 0x4d4, 0xeae4u},
    {0xe2b8, 'G', (void *)&DAT_004b9610, sizeof(DAT_004b9610), 0x4c4, 0xead4u},
    {0xe2c4, 'G', (void *)&DAT_004b9610, sizeof(DAT_004b9610), 0x4b4, 0xeac4u},
    {0xe2d0, 'G', (void *)&DAT_004b9610, sizeof(DAT_004b9610), 0x4a8, 0xeab8u},
    {0xe2dc, 'G', (void *)&DAT_004b9610, sizeof(DAT_004b9610), 0x490, 0xeaa0u},
    {0xe2e8, 'G', (void *)&DAT_004b9610, sizeof(DAT_004b9610), 0x474, 0xea84u},
    {0xe2f4, 'G', (void *)&DAT_004b9610, sizeof(DAT_004b9610), 0x45c, 0xea6cu},
    {0xe300, 'G', (void *)&DAT_004b9610, sizeof(DAT_004b9610), 0x448, 0xea58u},
    {0xe30c, 'G', (void *)&DAT_004b9610, sizeof(DAT_004b9610), 0x430, 0xea40u},
    {0xe318, 'G', (void *)&DAT_004b9610, sizeof(DAT_004b9610), 0x40c, 0xea1cu},
    {0xe324, 'G', (void *)&DAT_004b9610, sizeof(DAT_004b9610), 0x3e8, 0xe9f8u},
    {0xe330, 'G', (void *)&DAT_004b9610, sizeof(DAT_004b9610), 0x3d8, 0xe9e8u},
    {0xe340, 'G', (void *)&DAT_004b9610, sizeof(DAT_004b9610), 0x3c4, 0xe9d4u},
    {0xe348, 'G', (void *)&DAT_004b9610, sizeof(DAT_004b9610), 0x3ac, 0xe9bcu},
    {0xe350, 'G', (void *)&MONEY_SFX, sizeof(MONEY_SFX), 0x26c, 0xda14u},
    {0xe358, 'G', (void *)&MONEY_SFX, sizeof(MONEY_SFX), 0x260, 0xda08u},
    {0xe360, 'G', (void *)&MONEY_SFX, sizeof(MONEY_SFX), 0x254, 0xd9fcu},
    {0xe368, 'G', (void *)&DAT_004b9610, sizeof(DAT_004b9610), 0x3a4, 0xe9b4u},
    {0xe370, 'G', (void *)&DAT_004b9610, sizeof(DAT_004b9610), 0x398, 0xe9a8u},
    {0xe378, 'G', (void *)&DAT_004b9610, sizeof(DAT_004b9610), 0x38c, 0xe99cu},
    {0xe380, 'G', (void *)&DAT_004b9610, sizeof(DAT_004b9610), 0x380, 0xe990u},
    {0xe388, 'G', (void *)&DAT_004b9610, sizeof(DAT_004b9610), 0x370, 0xe980u},
    {0xe390, 'G', (void *)&DAT_004b9610, sizeof(DAT_004b9610), 0x360, 0xe970u},
    {0xe398, 'G', (void *)&DAT_004b9610, sizeof(DAT_004b9610), 0x34c, 0xe95cu},
    {0xe3a0, 'G', (void *)&DAT_004b9610, sizeof(DAT_004b9610), 0x340, 0xe950u},
    {0xe3a8, 'G', (void *)&DAT_004b9610, sizeof(DAT_004b9610), 0x334, 0xe944u},
    {0xe3b0, 'G', (void *)&DAT_004b9610, sizeof(DAT_004b9610), 0x324, 0xe934u},
    {0xe3b8, 'G', (void *)&DAT_004b9610, sizeof(DAT_004b9610), 0x314, 0xe924u},
    {0xe3c0, 'G', (void *)&DAT_004b9610, sizeof(DAT_004b9610), 0x304, 0xe914u},
    {0xe3c8, 'G', (void *)&DAT_004b9610, sizeof(DAT_004b9610), 0x2f4, 0xe904u},
    {0xe3d0, 'G', (void *)&DAT_004b9610, sizeof(DAT_004b9610), 0x2e8, 0xe8f8u},
    {0xe3d8, 'G', (void *)&DAT_004b9610, sizeof(DAT_004b9610), 0x2d8, 0xe8e8u},
    {0xe3e0, 'G', (void *)&DAT_004b9610, sizeof(DAT_004b9610), 0x2c0, 0xe8d0u},
    {0xe3e8, 'G', (void *)&DAT_004b9610, sizeof(DAT_004b9610), 0x2b8, 0xe8c8u},
    {0xe3f0, 'G', (void *)&DAT_004b9610, sizeof(DAT_004b9610), 0x2a8, 0xe8b8u},
    {0xe3f8, 'G', (void *)&DAT_004b9610, sizeof(DAT_004b9610), 0x294, 0xe8a4u},
    {0xe400, 'G', (void *)&DAT_004b9610, sizeof(DAT_004b9610), 0x288, 0xe898u},
    {0xe408, 'G', (void *)&DAT_004b9610, sizeof(DAT_004b9610), 0x270, 0xe880u},
    {0xe410, 'G', (void *)&DAT_004b9610, sizeof(DAT_004b9610), 0x250, 0xe860u},
    {0xe418, 'G', (void *)&DAT_004b9610, sizeof(DAT_004b9610), 0x230, 0xe840u},
    {0xe420, 'G', (void *)&DAT_004b9610, sizeof(DAT_004b9610), 0x218, 0xe828u},
    {0xe428, 'G', (void *)&DAT_004b9610, sizeof(DAT_004b9610), 0x20c, 0xe81cu},
    {0xe430, 'G', (void *)&DAT_004b9610, sizeof(DAT_004b9610), 0x204, 0xe814u},
    {0xe438, 'G', (void *)&DAT_004b9610, sizeof(DAT_004b9610), 0x1f8, 0xe808u},
    {0xe440, 'G', (void *)&DAT_004b9610, sizeof(DAT_004b9610), 0x1e8, 0xe7f8u},
    {0xe448, 'G', (void *)&DAT_004b9610, sizeof(DAT_004b9610), 0x1dc, 0xe7ecu},
    {0xe450, 'G', (void *)&DAT_004b9610, sizeof(DAT_004b9610), 0x1d4, 0xe7e4u},
    {0xe458, 'G', (void *)&DAT_004b9610, sizeof(DAT_004b9610), 0x1cc, 0xe7dcu},
    {0xe460, 'G', (void *)&DAT_004b9610, sizeof(DAT_004b9610), 0x1c0, 0xe7d0u},
    {0xe468, 'G', (void *)&DAT_004b9610, sizeof(DAT_004b9610), 0x1b8, 0xe7c8u},
    {0xe470, 'G', (void *)&DAT_004b9610, sizeof(DAT_004b9610), 0x1ac, 0xe7bcu},
    {0xe478, 'G', (void *)&DAT_004b9610, sizeof(DAT_004b9610), 0x198, 0xe7a8u},
    {0xe480, 'G', (void *)&DAT_004b9610, sizeof(DAT_004b9610), 0x180, 0xe790u},
    {0xe488, 'G', (void *)&DAT_004b9610, sizeof(DAT_004b9610), 0x178, 0xe788u},
    {0xe490, 'G', (void *)&DAT_004b9610, sizeof(DAT_004b9610), 0x164, 0xe774u},
    {0xe498, 'G', (void *)&DAT_004b9610, sizeof(DAT_004b9610), 0x158, 0xe768u},
    {0xe4a0, 'G', (void *)&DAT_004b9610, sizeof(DAT_004b9610), 0x144, 0xe754u},
    {0xe4a8, 'G', (void *)&DAT_004b9610, sizeof(DAT_004b9610), 0x134, 0xe744u},
    {0xe4b0, 'G', (void *)&DAT_004b9610, sizeof(DAT_004b9610), 0x128, 0xe738u},
    {0xe4b8, 'G', (void *)&DAT_004b9610, sizeof(DAT_004b9610), 0x11c, 0xe72cu},
    {0xe4c0, 'G', (void *)&DAT_004b9610, sizeof(DAT_004b9610), 0x10c, 0xe71cu},
    {0xe4c8, 'G', (void *)&DAT_004b9610, sizeof(DAT_004b9610), 0x100, 0xe710u},
    {0xe4d0, 'G', (void *)&DAT_004b9610, sizeof(DAT_004b9610), 0xf0, 0xe700u},
    {0xe4d8, 'G', (void *)&DAT_004b9610, sizeof(DAT_004b9610), 0xe4, 0xe6f4u},
    {0xe4e0, 'G', (void *)&DAT_004b9610, sizeof(DAT_004b9610), 0xd8, 0xe6e8u},
    {0xe4e8, 'G', (void *)&DAT_004b9610, sizeof(DAT_004b9610), 0xd0, 0xe6e0u},
    {0xe4f0, 'G', (void *)&DAT_004b9610, sizeof(DAT_004b9610), 0xb8, 0xe6c8u},
    {0xe4f8, 'G', (void *)&DAT_004b9610, sizeof(DAT_004b9610), 0xa8, 0xe6b8u},
    {0xe500, 'G', (void *)&DAT_004b9610, sizeof(DAT_004b9610), 0x94, 0xe6a4u},
    {0xe508, 'G', (void *)&DAT_004b9610, sizeof(DAT_004b9610), 0x80, 0xe690u},
    {0xe510, 'G', (void *)&DAT_004b9610, sizeof(DAT_004b9610), 0x70, 0xe680u},
    {0xe518, 'G', (void *)&DAT_004b9610, sizeof(DAT_004b9610), 0x5c, 0xe66cu},
    {0xe520, 'G', (void *)&DAT_004b9610, sizeof(DAT_004b9610), 0x4c, 0xe65cu},
    {0xe528, 'G', (void *)&DAT_004b9610, sizeof(DAT_004b9610), 0x3c, 0xe64cu},
    {0xe530, 'G', (void *)&DAT_004b9610, sizeof(DAT_004b9610), 0x28, 0xe638u},
    {0xe538, 'G', (void *)&DAT_004b9610, sizeof(DAT_004b9610), 0x18, 0xe628u},
    {0xe540, 'G', (void *)&DAT_004b9610, sizeof(DAT_004b9610), 0x4, 0xe614u},
    {0xe548, 'G', (void *)&DAT_004d8bb0, sizeof(DAT_004d8bb0), 0x0, ~0u},
    {0xe560, 'G', (void *)&DAT_00701e68, sizeof(DAT_00701e68), 0x37d98, ~0u},
    {0xe5d0, 'G', (void *)&DAT_0080ff80, sizeof(DAT_0080ff80), 0x0, ~0u},
    {0xe5d8, 'G', (void *)&DAT_0080ff80, sizeof(DAT_0080ff80), 0x0, ~0u},
    {0xe5e0, 'G', (void *)&MapRenderOrderList, sizeof(MapRenderOrderList), 0x19f, ~0u},
    {0xe5f0, 'G', (void *)&DAT_00801420, sizeof(DAT_00801420), 0x0, ~0u},
    {0xeca4, 'F', (void *)FlipFrame, 0, 0, ~0u},
    {0xed4c, 'F', (void *)FUN_00469b20, 0, 0, ~0u},
    {0xed50, 'F', (void *)FUN_00469b50, 0, 0, ~0u},
    {0xed54, 'F', (void *)FUN_00469b70, 0, 0, ~0u},
    {0xed58, 'F', (void *)ObjectiveEventAddBricks, 0, 0, ~0u},
    {0xed5c, 'F', (void *)ObjectiveEventSetBricks, 0, 0, ~0u},
    {0xed60, 'F', (void *)FUN_00469c40, 0, 0, ~0u},
    {0xed64, 'F', (void *)FUN_00469c80, 0, 0, ~0u},
    {0xed68, 'F', (void *)FUN_00469ed0, 0, 0, ~0u},
    {0xed6c, 'F', (void *)FUN_00469f20, 0, 0, ~0u},
    {0xed70, 'F', (void *)FUN_00469f70, 0, 0, ~0u},
    {0xed74, 'F', (void *)FUN_00469f80, 0, 0, ~0u},
    {0xed78, 'F', (void *)FUN_00469fc0, 0, 0, ~0u},
    {0xed7c, 'F', (void *)FUN_0046a030, 0, 0, ~0u},
    {0xed80, 'F', (void *)FUN_0046a120, 0, 0, ~0u},
    {0xed84, 'F', (void *)GenerateWorkers, 0, 0, ~0u},
    {0xed88, 'F', (void *)FUN_0046a1f0, 0, 0, ~0u},
    {0xed8c, 'F', (void *)FUN_0046a230, 0, 0, ~0u},
    {0xed90, 'F', (void *)FUN_0046a300, 0, 0, ~0u},
    {0xed94, 'F', (void *)FUN_0046a330, 0, 0, ~0u},
    {0xed98, 'F', (void *)FUN_0046a350, 0, 0, ~0u},
    {0xed9c, 'F', (void *)NerpsSetEntranceFee, 0, 0, ~0u},
    {0xeda0, 'F', (void *)FUN_0046a3b0, 0, 0, ~0u},
    {0xeda4, 'F', (void *)FUN_0046a170, 0, 0, ~0u},
    {0xeda8, 'F', (void *)FUN_0046a420, 0, 0, ~0u},
    {0xedac, 'F', (void *)FUN_0046a440, 0, 0, ~0u},
    {0xedb0, 'F', (void *)FUN_0046a460, 0, 0, ~0u},
    {0xedb4, 'F', (void *)FUN_0046a480, 0, 0, ~0u},
    {0xedb8, 'F', (void *)FUN_0046a4a0, 0, 0, ~0u},
    {0xedbc, 'F', (void *)FUN_0046a4c0, 0, 0, ~0u},
    {0xedc0, 'F', (void *)FUN_0046a4e0, 0, 0, ~0u},
    {0xedc4, 'F', (void *)FUN_0046a390, 0, 0, ~0u},
    {0xedc8, 'F', (void *)FUN_0046a4f0, 0, 0, ~0u},
    {0xedcc, 'F', (void *)FUN_0046a540, 0, 0, ~0u},
    {0xedd0, 'F', (void *)FUN_0046a5b0, 0, 0, ~0u},
    {0xedd4, 'F', (void *)FUN_0046a690, 0, 0, ~0u},
    {0xedd8, 'F', (void *)FUN_0046a750, 0, 0, ~0u},
    {0xeddc, 'F', (void *)FUN_0046a900, 0, 0, ~0u},
    {0xede0, 'F', (void *)FUN_0046a960, 0, 0, ~0u},
    {0xede4, 'F', (void *)FUN_0046aa30, 0, 0, ~0u},
    {0xede8, 'F', (void *)FUN_0046aa70, 0, 0, ~0u},
    {0xedec, 'F', (void *)FUN_0046aae0, 0, 0, ~0u},
    {0xedf0, 'F', (void *)FUN_0046ab70, 0, 0, ~0u},
    {0xedf4, 'F', (void *)FUN_0046abc0, 0, 0, ~0u},
    {0xedf8, 'F', (void *)FUN_0046abd0, 0, 0, ~0u},
    {0xedfc, 'F', (void *)FUN_0046ac50, 0, 0, ~0u},
    {0xee00, 'F', (void *)FUN_0046ac00, 0, 0, ~0u},
    {0xee04, 'F', (void *)FUN_0046ad00, 0, 0, ~0u},
    {0xee08, 'F', (void *)FUN_0046ad30, 0, 0, ~0u},
    {0xee0c, 'F', (void *)FUN_0046ad60, 0, 0, ~0u},
    {0xee10, 'F', (void *)FUN_0046ad90, 0, 0, ~0u},
    {0xee14, 'F', (void *)FUN_0046adc0, 0, 0, ~0u},
    {0xee18, 'F', (void *)FUN_0046adf0, 0, 0, ~0u},
    {0xee1c, 'F', (void *)FUN_0046ae20, 0, 0, ~0u},
    {0xee20, 'F', (void *)FUN_0046ae30, 0, 0, ~0u},
    {0xee24, 'F', (void *)FUN_0046ae40, 0, 0, ~0u},
    {0xee28, 'F', (void *)FUN_0046ae70, 0, 0, ~0u},
    {0xee2c, 'F', (void *)AdjustGardenerCount, 0, 0, ~0u},
    {0xee30, 'F', (void *)FUN_0046af10, 0, 0, ~0u},
    {0xee34, 'F', (void *)FUN_0046af60, 0, 0, ~0u},
    {0xee38, 'F', (void *)FUN_0046afe0, 0, 0, ~0u},
    {0xee3c, 'F', (void *)FUN_0046b080, 0, 0, ~0u},
    {0xee40, 'F', (void *)FUN_0046b0b0, 0, 0, ~0u},
    {0xee44, 'F', (void *)FUN_0046b0c0, 0, 0, ~0u},
    {0xee48, 'F', (void *)FUN_0046b100, 0, 0, ~0u},
    {0xee4c, 'F', (void *)FUN_0046b130, 0, 0, ~0u},
    {0xee50, 'F', (void *)FUN_0046b180, 0, 0, ~0u},
    {0xee54, 'F', (void *)FUN_0046b1e0, 0, 0, ~0u},
    {0xee58, 'F', (void *)FUN_0046b1f0, 0, 0, ~0u},
    {0xf87c, 'G', (void *)&IconListHead, sizeof(IconListHead), 0x0, ~0u},
    {0xf880, 'G', (void *)&DAT_006687cc, sizeof(DAT_006687cc), 0x0, ~0u},
    {0x100a4, 'G', (void *)&DAT_004b5b62, sizeof(DAT_004b5b62), 0xaa, 0xac0cu},
    {0x100a8, 'G', (void *)&DAT_004b5b62, sizeof(DAT_004b5b62), 0x9a, 0xabfcu},
    {0x100ac, 'G', (void *)&DAT_004b5b62, sizeof(DAT_004b5b62), 0x6e, 0xabd0u},
    {0x100b0, 'G', (void *)&DAT_004b5b62, sizeof(DAT_004b5b62), 0x9a, 0xabfcu},
    {0x100b4, 'G', (void *)&DAT_004b5b62, sizeof(DAT_004b5b62), 0x86, 0xabe8u},
    {0x100b8, 'G', (void *)&DAT_004b5b62, sizeof(DAT_004b5b62), 0x9a, 0xabfcu},
    {0x100bc, 'G', (void *)&DAT_004b5b62, sizeof(DAT_004b5b62), 0x52, 0xabb4u},
    {0x100c0, 'G', (void *)&DAT_004b5b62, sizeof(DAT_004b5b62), 0x9a, 0xabfcu},
    {0x100c4, 'G', (void *)&DAT_004b5b62, sizeof(DAT_004b5b62), 0x9a, 0xabfcu},
    {0x100cc, 'G', (void *)&PTR_s_Boat_Noise_wav, sizeof(PTR_s_Boat_Noise_wav), 0xac, 0xa36cu},
    {0x100d0, 'G', (void *)&PTR_s_Boat_Noise_wav, sizeof(PTR_s_Boat_Noise_wav), 0xbc, 0xa37cu},
    {0x100d4, 'G', (void *)&PTR_s_Boat_Noise_wav, sizeof(PTR_s_Boat_Noise_wav), 0xbc, 0xa37cu},
    {0x100dc, 'G', (void *)&DAT_004b7e9c, sizeof(DAT_004b7e9c), 0x214, 0xd0b0u},
    {0x100e0, 'G', (void *)&MONEY_SFX, sizeof(MONEY_SFX), 0x224, 0xd9ccu},
    {0x100e4, 'G', (void *)&MONEY_SFX, sizeof(MONEY_SFX), 0x224, 0xd9ccu},
    {0x100ec, 'G', (void *)&MONEY_SFX, sizeof(MONEY_SFX), 0x23c, 0xd9e4u},
    {0x100f4, 'G', (void *)&DAT_004b7e9c, sizeof(DAT_004b7e9c), 0x224, 0xd0c0u},
    {0x100f8, 'G', (void *)&MONEY_SFX, sizeof(MONEY_SFX), 0x12c, 0xd8d4u},
    {0x100fc, 'G', (void *)&MONEY_SFX, sizeof(MONEY_SFX), 0x12c, 0xd8d4u},
    {0x10104, 'G', (void *)&DAT_004bb18c, sizeof(DAT_004bb18c), 0x30, 0x101bcu},
    {0x10108, 'G', (void *)&MONEY_SFX, sizeof(MONEY_SFX), 0x12c, 0xd8d4u},
    {0x1010c, 'G', (void *)&MONEY_SFX, sizeof(MONEY_SFX), 0xf4, 0xd89cu},
    {0x10110, 'G', (void *)&MONEY_SFX, sizeof(MONEY_SFX), 0x12c, 0xd8d4u},
    {0x10114, 'G', (void *)&MONEY_SFX, sizeof(MONEY_SFX), 0x110, 0xd8b8u},
    {0x10118, 'G', (void *)&MONEY_SFX, sizeof(MONEY_SFX), 0x12c, 0xd8d4u},
    {0x1011c, 'G', (void *)&DAT_004b4860, sizeof(DAT_004b4860), 0x354, 0x9bb4u},
    {0x10120, 'G', (void *)&DAT_004b4860, sizeof(DAT_004b4860), 0x344, 0x9ba4u},
    {0x10124, 'G', (void *)&DAT_004b4860, sizeof(DAT_004b4860), 0x2c4, 0x9b24u},
    {0x10128, 'G', (void *)&DAT_004b4860, sizeof(DAT_004b4860), 0x344, 0x9ba4u},
    {0x1012c, 'G', (void *)&DAT_004b4860, sizeof(DAT_004b4860), 0x2a0, 0x9b00u},
    {0x10130, 'G', (void *)&DAT_004b4860, sizeof(DAT_004b4860), 0x344, 0x9ba4u},
    {0x10134, 'G', (void *)&DAT_004b4860, sizeof(DAT_004b4860), 0x28c, 0x9aecu},
    {0x10138, 'G', (void *)&DAT_004b4860, sizeof(DAT_004b4860), 0x344, 0x9ba4u},
    {0x1013c, 'G', (void *)&DAT_004b4860, sizeof(DAT_004b4860), 0x328, 0x9b88u},
    {0x10140, 'G', (void *)&DAT_004b4860, sizeof(DAT_004b4860), 0x344, 0x9ba4u},
    {0x10144, 'G', (void *)&DAT_004b4860, sizeof(DAT_004b4860), 0x30c, 0x9b6cu},
    {0x10148, 'G', (void *)&DAT_004b4860, sizeof(DAT_004b4860), 0x344, 0x9ba4u},
    {0x1014c, 'G', (void *)&DAT_004b4860, sizeof(DAT_004b4860), 0x2f0, 0x9b50u},
    {0x10150, 'G', (void *)&DAT_004b4860, sizeof(DAT_004b4860), 0x344, 0x9ba4u},
    {0x10154, 'G', (void *)&DAT_004b4860, sizeof(DAT_004b4860), 0x2d4, 0x9b34u},
    {0x10158, 'G', (void *)&DAT_004b4860, sizeof(DAT_004b4860), 0x344, 0x9ba4u},
    {0x1015c, 'G', (void *)&DAT_004b4860, sizeof(DAT_004b4860), 0x344, 0x9ba4u},
    {0x10164, 'G', (void *)&DAT_004b4860, sizeof(DAT_004b4860), 0x2b0, 0x9b10u},
    {0x10168, 'G', (void *)&DAT_004b4860, sizeof(DAT_004b4860), 0x344, 0x9ba4u},
    {0x1016c, 'G', (void *)&MONEY_SFX, sizeof(MONEY_SFX), 0x140, 0xd8e8u},
    {0x10170, 'G', (void *)&PTR_Bloke_DoNothing_004b8368, sizeof(PTR_Bloke_DoNothing_004b8368), 0x74, 0xd3dcu},
    {0x10174, 'G', (void *)&PTR_Bloke_DoNothing_004b8368, sizeof(PTR_Bloke_DoNothing_004b8368), 0x74, 0xd3dcu},
    {0x1017c, 'G', (void *)&WATERWORKS_SFX, sizeof(WATERWORKS_SFX), 0x120, 0xa0c8u},
    {0x10184, 'G', (void *)&WATERWORKS_SFX, sizeof(WATERWORKS_SFX), 0x134, 0xa0dcu},
    {0x105b4, 'G', (void *)&DAT_004b85c4, sizeof(DAT_004b85c4), 0x10c, 0xd6d0u},
    {0x105b8, 'G', (void *)&DAT_004bb6f8, sizeof(DAT_004bb6f8), 0x980, 0x11078u},
    {0x105bc, 'G', (void *)&DAT_004bb6f8, sizeof(DAT_004bb6f8), 0x978, 0x11070u},
    {0x105c0, 'G', (void *)&DAT_004bb6f8, sizeof(DAT_004bb6f8), 0x970, 0x11068u},
    {0x105c4, 'G', (void *)&DAT_004b85c4, sizeof(DAT_004b85c4), 0x10c, 0xd6d0u},
    {0x105c8, 'G', (void *)&DAT_004bb6f8, sizeof(DAT_004bb6f8), 0x970, 0x11068u},
    {0x105cc, 'G', (void *)&DAT_004bb6f8, sizeof(DAT_004bb6f8), 0x978, 0x11070u},
    {0x105d0, 'G', (void *)&DAT_004bb6f8, sizeof(DAT_004bb6f8), 0x980, 0x11078u},
    {0x105d4, 'G', (void *)&DAT_004bb6f8, sizeof(DAT_004bb6f8), 0x968, 0x11060u},
    {0x105d8, 'G', (void *)&DAT_004bb6f8, sizeof(DAT_004bb6f8), 0x960, 0x11058u},
    {0x105dc, 'G', (void *)&DAT_004bb6f8, sizeof(DAT_004bb6f8), 0x954, 0x1104cu},
    {0x105e0, 'G', (void *)&DAT_004bb6f8, sizeof(DAT_004bb6f8), 0x94c, 0x11044u},
    {0x105e4, 'G', (void *)&DAT_004bb6f8, sizeof(DAT_004bb6f8), 0x944, 0x1103cu},
    {0x105e8, 'G', (void *)&DAT_004bb6f8, sizeof(DAT_004bb6f8), 0x93c, 0x11034u},
    {0x105ec, 'G', (void *)&DAT_004bb6f8, sizeof(DAT_004bb6f8), 0x934, 0x1102cu},
    {0x105f0, 'G', (void *)&DAT_004bb6f8, sizeof(DAT_004bb6f8), 0x930, 0x11028u},
    {0x105f4, 'G', (void *)&DAT_004bb6f8, sizeof(DAT_004bb6f8), 0x924, 0x1101cu},
    {0x105f8, 'G', (void *)&DAT_004bb6f8, sizeof(DAT_004bb6f8), 0x918, 0x11010u},
    {0x105fc, 'G', (void *)&DAT_004bb6f8, sizeof(DAT_004bb6f8), 0x90c, 0x11004u},
    {0x10600, 'G', (void *)&DAT_004bb6f8, sizeof(DAT_004bb6f8), 0x900, 0x10ff8u},
    {0x10604, 'G', (void *)&DAT_004bb6f8, sizeof(DAT_004bb6f8), 0x8f8, 0x10ff0u},
    {0x10608, 'G', (void *)&DAT_004bb6f8, sizeof(DAT_004bb6f8), 0x8f0, 0x10fe8u},
    {0x1060c, 'G', (void *)&DAT_004bb6f8, sizeof(DAT_004bb6f8), 0x8e4, 0x10fdcu},
    {0x10610, 'G', (void *)&DAT_004bb6f8, sizeof(DAT_004bb6f8), 0x8d8, 0x10fd0u},
    {0x10614, 'G', (void *)&DAT_004bb6f8, sizeof(DAT_004bb6f8), 0x8cc, 0x10fc4u},
    {0x10618, 'G', (void *)&DAT_004bb6f8, sizeof(DAT_004bb6f8), 0x8c0, 0x10fb8u},
    {0x1061c, 'G', (void *)&DAT_004bb6f8, sizeof(DAT_004bb6f8), 0x8b0, 0x10fa8u},
    {0x10620, 'G', (void *)&DAT_004bb6f8, sizeof(DAT_004bb6f8), 0x8a0, 0x10f98u},
    {0x10624, 'G', (void *)&DAT_004bb6f8, sizeof(DAT_004bb6f8), 0x898, 0x10f90u},
    {0x10628, 'G', (void *)&DAT_004bb6f8, sizeof(DAT_004bb6f8), 0x88c, 0x10f84u},
    {0x1062c, 'G', (void *)&DAT_004bb6f8, sizeof(DAT_004bb6f8), 0x880, 0x10f78u},
    {0x10630, 'G', (void *)&DAT_004bb6f8, sizeof(DAT_004bb6f8), 0x874, 0x10f6cu},
    {0x10634, 'G', (void *)&DAT_004bb6f8, sizeof(DAT_004bb6f8), 0x86c, 0x10f64u},
    {0x10638, 'G', (void *)&DAT_004bb6f8, sizeof(DAT_004bb6f8), 0x864, 0x10f5cu},
    {0x1063c, 'G', (void *)&DAT_004bb6f8, sizeof(DAT_004bb6f8), 0x85c, 0x10f54u},
    {0x10640, 'G', (void *)&DAT_004bb6f8, sizeof(DAT_004bb6f8), 0x854, 0x10f4cu},
    {0x10644, 'G', (void *)&DAT_004bb6f8, sizeof(DAT_004bb6f8), 0x84c, 0x10f44u},
    {0x10648, 'G', (void *)&DAT_004bb6f8, sizeof(DAT_004bb6f8), 0x83c, 0x10f34u},
    {0x1064c, 'G', (void *)&DAT_004bb6f8, sizeof(DAT_004bb6f8), 0x82c, 0x10f24u},
    {0x10650, 'G', (void *)&DAT_004bb6f8, sizeof(DAT_004bb6f8), 0x820, 0x10f18u},
    {0x10654, 'G', (void *)&DAT_004bb6f8, sizeof(DAT_004bb6f8), 0x814, 0x10f0cu},
    {0x10658, 'G', (void *)&DAT_004bb6f8, sizeof(DAT_004bb6f8), 0x808, 0x10f00u},
    {0x1065c, 'G', (void *)&DAT_004bb6f8, sizeof(DAT_004bb6f8), 0x7fc, 0x10ef4u},
    {0x10660, 'G', (void *)&DAT_004bb6f8, sizeof(DAT_004bb6f8), 0x7f0, 0x10ee8u},
    {0x10664, 'G', (void *)&DAT_004bb6f8, sizeof(DAT_004bb6f8), 0x7e4, 0x10edcu},
    {0x10668, 'G', (void *)&DAT_004bb6f8, sizeof(DAT_004bb6f8), 0x7d8, 0x10ed0u},
    {0x1066c, 'G', (void *)&DAT_004bb6f8, sizeof(DAT_004bb6f8), 0x7cc, 0x10ec4u},
    {0x10670, 'G', (void *)&DAT_004bb6f8, sizeof(DAT_004bb6f8), 0x7c4, 0x10ebcu},
    {0x10674, 'G', (void *)&DAT_004bb6f8, sizeof(DAT_004bb6f8), 0x7b8, 0x10eb0u},
    {0x10678, 'G', (void *)&DAT_004bb6f8, sizeof(DAT_004bb6f8), 0x7ac, 0x10ea4u},
    {0x1067c, 'G', (void *)&DAT_004bb6f8, sizeof(DAT_004bb6f8), 0x7a4, 0x10e9cu},
    {0x10680, 'G', (void *)&DAT_004bb6f8, sizeof(DAT_004bb6f8), 0x794, 0x10e8cu},
    {0x10684, 'G', (void *)&DAT_004bb6f8, sizeof(DAT_004bb6f8), 0x78c, 0x10e84u},
    {0x10688, 'G', (void *)&DAT_004bb6f8, sizeof(DAT_004bb6f8), 0x780, 0x10e78u},
    {0x1068c, 'G', (void *)&DAT_004bb6f8, sizeof(DAT_004bb6f8), 0x774, 0x10e6cu},
    {0x10690, 'G', (void *)&DAT_004bb6f8, sizeof(DAT_004bb6f8), 0x768, 0x10e60u},
    {0x10694, 'G', (void *)&DAT_004bb6f8, sizeof(DAT_004bb6f8), 0x75c, 0x10e54u},
    {0x10698, 'G', (void *)&DAT_004bb6f8, sizeof(DAT_004bb6f8), 0x74c, 0x10e44u},
    {0x1069c, 'G', (void *)&DAT_004bb6f8, sizeof(DAT_004bb6f8), 0x744, 0x10e3cu},
    {0x106a0, 'G', (void *)&DAT_004bb6f8, sizeof(DAT_004bb6f8), 0x73c, 0x10e34u},
    {0x106a4, 'G', (void *)&DAT_004bb6f8, sizeof(DAT_004bb6f8), 0x8f0, 0x10fe8u},
    {0x106a8, 'G', (void *)&DAT_004bb6f8, sizeof(DAT_004bb6f8), 0x734, 0x10e2cu},
    {0x106ac, 'G', (void *)&DAT_004bb6f8, sizeof(DAT_004bb6f8), 0x728, 0x10e20u},
    {0x106b0, 'G', (void *)&DAT_004bb6f8, sizeof(DAT_004bb6f8), 0x720, 0x10e18u},
    {0x106b4, 'G', (void *)&DAT_004bb6f8, sizeof(DAT_004bb6f8), 0x714, 0x10e0cu},
    {0x106b8, 'G', (void *)&DAT_004bb6f8, sizeof(DAT_004bb6f8), 0x70c, 0x10e04u},
    {0x106bc, 'G', (void *)&DAT_004ba884, sizeof(DAT_004ba884), 0x4, 0xf888u},
    {0x106c0, 'G', (void *)&DAT_004bb6f8, sizeof(DAT_004bb6f8), 0x70c, 0x10e04u},
    {0x106c4, 'G', (void *)&DAT_004bb6f8, sizeof(DAT_004bb6f8), 0x704, 0x10dfcu},
    {0x106c8, 'G', (void *)&DAT_004bb6f8, sizeof(DAT_004bb6f8), 0x6f8, 0x10df0u},
    {0x106cc, 'G', (void *)&DAT_004bb6f8, sizeof(DAT_004bb6f8), 0x6f0, 0x10de8u},
    {0x106d0, 'G', (void *)&DAT_004bb6f8, sizeof(DAT_004bb6f8), 0x6e4, 0x10ddcu},
    {0x106d4, 'G', (void *)&DAT_004b85c4, sizeof(DAT_004b85c4), 0x10c, 0xd6d0u},
    {0x106d8, 'G', (void *)&DAT_004bb6f8, sizeof(DAT_004bb6f8), 0x970, 0x11068u},
    {0x106dc, 'G', (void *)&DAT_004bb6f8, sizeof(DAT_004bb6f8), 0x978, 0x11070u},
    {0x106e0, 'G', (void *)&DAT_004bb6f8, sizeof(DAT_004bb6f8), 0x980, 0x11078u},
    {0x106e4, 'G', (void *)&DAT_004bb6f8, sizeof(DAT_004bb6f8), 0x934, 0x1102cu},
    {0x106e8, 'G', (void *)&DAT_004bb6f8, sizeof(DAT_004bb6f8), 0x94c, 0x11044u},
    {0x106ec, 'G', (void *)&DAT_004bb6f8, sizeof(DAT_004bb6f8), 0x93c, 0x11034u},
    {0x106f0, 'G', (void *)&DAT_004bb6f8, sizeof(DAT_004bb6f8), 0x930, 0x11028u},
    {0x106f4, 'G', (void *)&DAT_004bb6f8, sizeof(DAT_004bb6f8), 0x6dc, 0x10dd4u},
    {0x106f8, 'G', (void *)&DAT_004bb6f8, sizeof(DAT_004bb6f8), 0x6d4, 0x10dccu},
    {0x106fc, 'F', (void *)IsStringEmpty, 0, 0, ~0u},
    {0x10700, 'G', (void *)&DAT_004bb6f8, sizeof(DAT_004bb6f8), 0x6cc, 0x10dc4u},
    {0x10704, 'F', (void *)FUN_00478890, 0, 0, ~0u},
    {0x10708, 'G', (void *)&DAT_004bb6f8, sizeof(DAT_004bb6f8), 0x6c4, 0x10dbcu},
    {0x1070c, 'F', (void *)FUN_00478870, 0, 0, ~0u},
    {0x10710, 'G', (void *)&DAT_004bb6f8, sizeof(DAT_004bb6f8), 0x6b8, 0x10db0u},
    {0x10714, 'F', (void *)FUN_00478930, 0, 0, ~0u},
    {0x10718, 'G', (void *)&DAT_004bb6f8, sizeof(DAT_004bb6f8), 0x6ac, 0x10da4u},
    {0x1071c, 'F', (void *)FUN_00478980, 0, 0, ~0u},
    {0x10720, 'G', (void *)&DAT_004bb6f8, sizeof(DAT_004bb6f8), 0x6a0, 0x10d98u},
    {0x10724, 'F', (void *)FUN_004789c0, 0, 0, ~0u},
    {0x10728, 'G', (void *)&DAT_004bb6f8, sizeof(DAT_004bb6f8), 0x694, 0x10d8cu},
    {0x1072c, 'F', (void *)FUN_00478a00, 0, 0, ~0u},
    {0x10730, 'G', (void *)&DAT_004bb6f8, sizeof(DAT_004bb6f8), 0x688, 0x10d80u},
    {0x10734, 'F', (void *)FUN_00478a40, 0, 0, ~0u},
    {0x10738, 'G', (void *)&DAT_004bb6f8, sizeof(DAT_004bb6f8), 0x67c, 0x10d74u},
    {0x1073c, 'F', (void *)FUN_00478a80, 0, 0, ~0u},
    {0x10740, 'G', (void *)&DAT_004bb6f8, sizeof(DAT_004bb6f8), 0x674, 0x10d6cu},
    {0x10744, 'F', (void *)FUN_00478840, 0, 0, ~0u},
    {0x10748, 'G', (void *)&DAT_004bb6f8, sizeof(DAT_004bb6f8), 0x930, 0x11028u},
    {0x1074c, 'F', (void *)FUN_00478ac0, 0, 0, ~0u},
    {0x10750, 'G', (void *)&DAT_004bb6f8, sizeof(DAT_004bb6f8), 0x66c, 0x10d64u},
    {0x10754, 'F', (void *)FUN_00478b70, 0, 0, ~0u},
    {0x10758, 'G', (void *)&DAT_004bb6f8, sizeof(DAT_004bb6f8), 0x664, 0x10d5cu},
    {0x1075c, 'F', (void *)FUN_00478be0, 0, 0, ~0u},
    {0x10760, 'G', (void *)&DAT_004bb6f8, sizeof(DAT_004bb6f8), 0x658, 0x10d50u},
    {0x10764, 'F', (void *)FUN_00478c60, 0, 0, ~0u},
    {0x10768, 'G', (void *)&DAT_004bb6f8, sizeof(DAT_004bb6f8), 0x648, 0x10d40u},
    {0x1076c, 'F', (void *)FUN_00478cd0, 0, 0, ~0u},
    {0x10770, 'G', (void *)&DAT_004bb6f8, sizeof(DAT_004bb6f8), 0x640, 0x10d38u},
    {0x10774, 'F', (void *)FUN_00478d30, 0, 0, ~0u},
    {0x10778, 'G', (void *)&DAT_004bb6f8, sizeof(DAT_004bb6f8), 0x630, 0x10d28u},
    {0x1077c, 'F', (void *)FUN_00478e20, 0, 0, ~0u},
    {0x10780, 'G', (void *)&DAT_004bb6f8, sizeof(DAT_004bb6f8), 0x620, 0x10d18u},
    {0x10784, 'F', (void *)FUN_00478e20, 0, 0, ~0u},
    {0x10788, 'G', (void *)&DAT_004bb6f8, sizeof(DAT_004bb6f8), 0x614, 0x10d0cu},
    {0x1078c, 'F', (void *)FUN_00478e90, 0, 0, ~0u},
    {0x10790, 'G', (void *)&DAT_004bb6f8, sizeof(DAT_004bb6f8), 0x608, 0x10d00u},
    {0x10794, 'F', (void *)FUN_00478bc0, 0, 0, ~0u},
    {0x10798, 'G', (void *)&DAT_004bb6f8, sizeof(DAT_004bb6f8), 0x5fc, 0x10cf4u},
    {0x1079c, 'F', (void *)FUN_00478fa0, 0, 0, ~0u},
    {0x107a0, 'G', (void *)&DAT_004bb6f8, sizeof(DAT_004bb6f8), 0x5f0, 0x10ce8u},
    {0x107a4, 'F', (void *)FUN_00479060, 0, 0, ~0u},
    {0x107a8, 'G', (void *)&DAT_004bb6f8, sizeof(DAT_004bb6f8), 0x5e8, 0x10ce0u},
    {0x107ac, 'F', (void *)FUN_00478f00, 0, 0, ~0u},
    {0x107b0, 'G', (void *)&DAT_004bb6f8, sizeof(DAT_004bb6f8), 0x5dc, 0x10cd4u},
    {0x107b4, 'F', (void *)FUN_0047ac80, 0, 0, ~0u},
    {0x107b8, 'G', (void *)&DAT_004bb6f8, sizeof(DAT_004bb6f8), 0x5d0, 0x10cc8u},
    {0x107bc, 'F', (void *)FUN_0047aa90, 0, 0, ~0u},
    {0x107c0, 'G', (void *)&DAT_004bb6f8, sizeof(DAT_004bb6f8), 0x5c0, 0x10cb8u},
    {0x107c4, 'F', (void *)FUN_0047ab00, 0, 0, ~0u},
    {0x107c8, 'G', (void *)&DAT_004bb6f8, sizeof(DAT_004bb6f8), 0x5b4, 0x10cacu},
    {0x107cc, 'F', (void *)FUN_0047ab80, 0, 0, ~0u},
    {0x107d0, 'G', (void *)&DAT_004bb6f8, sizeof(DAT_004bb6f8), 0x5a8, 0x10ca0u},
    {0x107d4, 'F', (void *)FUN_0047ae00, 0, 0, ~0u},
    {0x107d8, 'G', (void *)&DAT_004bb6f8, sizeof(DAT_004bb6f8), 0x598, 0x10c90u},
    {0x107dc, 'F', (void *)FUN_0047aea0, 0, 0, ~0u},
    {0x107e0, 'G', (void *)&DAT_004bb6f8, sizeof(DAT_004bb6f8), 0x590, 0x10c88u},
    {0x107e4, 'F', (void *)FUN_00479120, 0, 0, ~0u},
    {0x107e8, 'G', (void *)&DAT_004bb6f8, sizeof(DAT_004bb6f8), 0x588, 0x10c80u},
    {0x107ec, 'F', (void *)FUN_004791a0, 0, 0, ~0u},
    {0x107f0, 'G', (void *)&DAT_004bb6f8, sizeof(DAT_004bb6f8), 0x580, 0x10c78u},
    {0x107f4, 'F', (void *)FUN_004791f0, 0, 0, ~0u},
    {0x107f8, 'G', (void *)&DAT_004bb6f8, sizeof(DAT_004bb6f8), 0x578, 0x10c70u},
    {0x107fc, 'F', (void *)FUN_00479270, 0, 0, ~0u},
    {0x10800, 'G', (void *)&DAT_004bb6f8, sizeof(DAT_004bb6f8), 0x570, 0x10c68u},
    {0x10804, 'F', (void *)FUN_00479300, 0, 0, ~0u},
    {0x10808, 'G', (void *)&DAT_004bb6f8, sizeof(DAT_004bb6f8), 0x568, 0x10c60u},
    {0x1080c, 'F', (void *)FUN_00479390, 0, 0, ~0u},
    {0x10810, 'G', (void *)&DAT_004bb6f8, sizeof(DAT_004bb6f8), 0x560, 0x10c58u},
    {0x10814, 'F', (void *)FUN_004793e0, 0, 0, ~0u},
    {0x10818, 'G', (void *)&DAT_004bb6f8, sizeof(DAT_004bb6f8), 0x558, 0x10c50u},
    {0x1081c, 'F', (void *)FUN_00479450, 0, 0, ~0u},
    {0x10820, 'G', (void *)&DAT_004bb6f8, sizeof(DAT_004bb6f8), 0x54c, 0x10c44u},
    {0x10824, 'F', (void *)FUN_004794d0, 0, 0, ~0u},
    {0x10828, 'G', (void *)&DAT_004bb6f8, sizeof(DAT_004bb6f8), 0x544, 0x10c3cu},
    {0x1082c, 'F', (void *)FUN_00479550, 0, 0, ~0u},
    {0x10830, 'G', (void *)&DAT_004bb6f8, sizeof(DAT_004bb6f8), 0x538, 0x10c30u},
    {0x10834, 'F', (void *)FUN_004795c0, 0, 0, ~0u},
    {0x10838, 'G', (void *)&DAT_004bb6f8, sizeof(DAT_004bb6f8), 0x52c, 0x10c24u},
    {0x1083c, 'F', (void *)FUN_00479640, 0, 0, ~0u},
    {0x10840, 'G', (void *)&DAT_004bb6f8, sizeof(DAT_004bb6f8), 0x51c, 0x10c14u},
    {0x10844, 'F', (void *)FUN_004796d0, 0, 0, ~0u},
    {0x10848, 'G', (void *)&DAT_004bb6f8, sizeof(DAT_004bb6f8), 0x510, 0x10c08u},
    {0x1084c, 'F', (void *)FUN_00479740, 0, 0, ~0u},
    {0x10850, 'G', (void *)&DAT_004bb6f8, sizeof(DAT_004bb6f8), 0x504, 0x10bfcu},
    {0x10854, 'F', (void *)FUN_004797b0, 0, 0, ~0u},
    {0x10858, 'G', (void *)&DAT_004bb6f8, sizeof(DAT_004bb6f8), 0x4f4, 0x10becu},
    {0x1085c, 'F', (void *)FUN_00479800, 0, 0, ~0u},
    {0x10860, 'G', (void *)&DAT_004bb6f8, sizeof(DAT_004bb6f8), 0x4e4, 0x10bdcu},
    {0x10864, 'F', (void *)FUN_00479850, 0, 0, ~0u},
    {0x10868, 'G', (void *)&DAT_004bb6f8, sizeof(DAT_004bb6f8), 0x4dc, 0x10bd4u},
    {0x1086c, 'F', (void *)FUN_004798c0, 0, 0, ~0u},
    {0x10870, 'G', (void *)&DAT_004bb6f8, sizeof(DAT_004bb6f8), 0x4cc, 0x10bc4u},
    {0x10874, 'F', (void *)FUN_00479930, 0, 0, ~0u},
    {0x10878, 'G', (void *)&DAT_004bb6f8, sizeof(DAT_004bb6f8), 0x4c0, 0x10bb8u},
    {0x1087c, 'F', (void *)FUN_00479980, 0, 0, ~0u},
    {0x10880, 'G', (void *)&DAT_004bb6f8, sizeof(DAT_004bb6f8), 0x4b0, 0x10ba8u},
    {0x10884, 'F', (void *)FUN_004799d0, 0, 0, ~0u},
    {0x10888, 'G', (void *)&DAT_004bb6f8, sizeof(DAT_004bb6f8), 0x4a0, 0x10b98u},
    {0x1088c, 'F', (void *)FUN_00479a20, 0, 0, ~0u},
    {0x10890, 'G', (void *)&DAT_004bb6f8, sizeof(DAT_004bb6f8), 0x490, 0x10b88u},
    {0x10894, 'F', (void *)FUN_00479a70, 0, 0, ~0u},
    {0x10898, 'G', (void *)&DAT_004bb6f8, sizeof(DAT_004bb6f8), 0x484, 0x10b7cu},
    {0x1089c, 'F', (void *)FUN_00479ac0, 0, 0, ~0u},
    {0x108a0, 'G', (void *)&DAT_004bb6f8, sizeof(DAT_004bb6f8), 0x478, 0x10b70u},
    {0x108a4, 'F', (void *)FUN_00479b10, 0, 0, ~0u},
    {0x108a8, 'G', (void *)&DAT_004bb6f8, sizeof(DAT_004bb6f8), 0x46c, 0x10b64u},
    {0x108ac, 'F', (void *)FUN_00479c40, 0, 0, ~0u},
    {0x108b0, 'G', (void *)&DAT_004bb6f8, sizeof(DAT_004bb6f8), 0x464, 0x10b5cu},
    {0x108b4, 'F', (void *)FUN_00479cb0, 0, 0, ~0u},
    {0x108b8, 'G', (void *)&DAT_004bb6f8, sizeof(DAT_004bb6f8), 0x458, 0x10b50u},
    {0x108bc, 'F', (void *)FUN_00479d00, 0, 0, ~0u},
    {0x108c0, 'G', (void *)&DAT_004bb6f8, sizeof(DAT_004bb6f8), 0x448, 0x10b40u},
    {0x108c4, 'F', (void *)FUN_00479d60, 0, 0, ~0u},
    {0x108c8, 'G', (void *)&DAT_004bb6f8, sizeof(DAT_004bb6f8), 0x438, 0x10b30u},
    {0x108cc, 'F', (void *)FUN_00479db0, 0, 0, ~0u},
    {0x108d0, 'G', (void *)&DAT_004bb6f8, sizeof(DAT_004bb6f8), 0x430, 0x10b28u},
    {0x108d4, 'F', (void *)FUN_00479e00, 0, 0, ~0u},
    {0x108d8, 'G', (void *)&DAT_004bb6f8, sizeof(DAT_004bb6f8), 0x424, 0x10b1cu},
    {0x108dc, 'F', (void *)FUN_00479e80, 0, 0, ~0u},
    {0x108e0, 'G', (void *)&DAT_004bb6f8, sizeof(DAT_004bb6f8), 0x418, 0x10b10u},
    {0x108e4, 'F', (void *)FUN_00479ee0, 0, 0, ~0u},
    {0x108e8, 'G', (void *)&DAT_004bb6f8, sizeof(DAT_004bb6f8), 0x410, 0x10b08u},
    {0x108ec, 'F', (void *)FUN_00479f30, 0, 0, ~0u},
    {0x108f0, 'G', (void *)&DAT_004bb6f8, sizeof(DAT_004bb6f8), 0x404, 0x10afcu},
    {0x108f4, 'F', (void *)FUN_00479fa0, 0, 0, ~0u},
    {0x108f8, 'G', (void *)&DAT_004bb6f8, sizeof(DAT_004bb6f8), 0x3f8, 0x10af0u},
    {0x108fc, 'F', (void *)FUN_0047a2f0, 0, 0, ~0u},
    {0x10900, 'G', (void *)&DAT_004bb6f8, sizeof(DAT_004bb6f8), 0x3ec, 0x10ae4u},
    {0x10904, 'F', (void *)FUN_0047a360, 0, 0, ~0u},
    {0x10908, 'G', (void *)&DAT_004bb6f8, sizeof(DAT_004bb6f8), 0x3e0, 0x10ad8u},
    {0x1090c, 'F', (void *)FUN_0047a3d0, 0, 0, ~0u},
    {0x10910, 'G', (void *)&DAT_004bb6f8, sizeof(DAT_004bb6f8), 0x3d8, 0x10ad0u},
    {0x10914, 'F', (void *)FUN_0047a440, 0, 0, ~0u},
    {0x10918, 'G', (void *)&DAT_004bb6f8, sizeof(DAT_004bb6f8), 0x3d0, 0x10ac8u},
    {0x1091c, 'F', (void *)FUN_0047a480, 0, 0, ~0u},
    {0x10920, 'G', (void *)&DAT_004bb6f8, sizeof(DAT_004bb6f8), 0x3c8, 0x10ac0u},
    {0x10924, 'F', (void *)FUN_0047a500, 0, 0, ~0u},
    {0x10928, 'G', (void *)&DAT_004bb6f8, sizeof(DAT_004bb6f8), 0x3bc, 0x10ab4u},
    {0x1092c, 'F', (void *)FUN_0047a550, 0, 0, ~0u},
    {0x10930, 'G', (void *)&DAT_004bb6f8, sizeof(DAT_004bb6f8), 0x3b4, 0x10aacu},
    {0x10934, 'F', (void *)FUN_0047a5a0, 0, 0, ~0u},
    {0x10938, 'G', (void *)&DAT_004bb6f8, sizeof(DAT_004bb6f8), 0x3ac, 0x10aa4u},
    {0x1093c, 'F', (void *)FUN_0047a650, 0, 0, ~0u},
    {0x10940, 'G', (void *)&DAT_004bb6f8, sizeof(DAT_004bb6f8), 0x3a4, 0x10a9cu},
    {0x10944, 'F', (void *)FUN_0047a6a0, 0, 0, ~0u},
    {0x10948, 'G', (void *)&DAT_004bb6f8, sizeof(DAT_004bb6f8), 0x39c, 0x10a94u},
    {0x1094c, 'F', (void *)FUN_0047a6f0, 0, 0, ~0u},
    {0x10950, 'G', (void *)&DAT_004bb6f8, sizeof(DAT_004bb6f8), 0x390, 0x10a88u},
    {0x10954, 'F', (void *)FUN_0047a7b0, 0, 0, ~0u},
    {0x10958, 'G', (void *)&DAT_004bb6f8, sizeof(DAT_004bb6f8), 0x38c, 0x10a84u},
    {0x1095c, 'F', (void *)FUN_0047a800, 0, 0, ~0u},
    {0x10960, 'G', (void *)&DAT_004bb6f8, sizeof(DAT_004bb6f8), 0x380, 0x10a78u},
    {0x10964, 'F', (void *)FUN_0047a860, 0, 0, ~0u},
    {0x10968, 'G', (void *)&DAT_004bb6f8, sizeof(DAT_004bb6f8), 0x378, 0x10a70u},
    {0x1096c, 'F', (void *)FUN_0047a8a0, 0, 0, ~0u},
    {0x10970, 'G', (void *)&DAT_004bb6f8, sizeof(DAT_004bb6f8), 0x370, 0x10a68u},
    {0x10974, 'F', (void *)FUN_0047a8e0, 0, 0, ~0u},
    {0x10978, 'G', (void *)&DAT_004bb6f8, sizeof(DAT_004bb6f8), 0x368, 0x10a60u},
    {0x1097c, 'F', (void *)FUN_0047a960, 0, 0, ~0u},
    {0x10980, 'G', (void *)&DAT_004bb6f8, sizeof(DAT_004bb6f8), 0x360, 0x10a58u},
    {0x10984, 'F', (void *)FUN_0047ac00, 0, 0, ~0u},
    {0x10988, 'G', (void *)&DAT_004bb6f8, sizeof(DAT_004bb6f8), 0x354, 0x10a4cu},
    {0x1098c, 'F', (void *)FUN_0047ace0, 0, 0, ~0u},
    {0x10990, 'G', (void *)&DAT_004bb6f8, sizeof(DAT_004bb6f8), 0x348, 0x10a40u},
    {0x10994, 'F', (void *)FUN_0047ace0, 0, 0, ~0u},
    {0x10998, 'G', (void *)&DAT_004bb6f8, sizeof(DAT_004bb6f8), 0x33c, 0x10a34u},
    {0x1099c, 'F', (void *)FUN_0047ad40, 0, 0, ~0u},
    {0x109a0, 'G', (void *)&DAT_004bb6f8, sizeof(DAT_004bb6f8), 0x330, 0x10a28u},
    {0x109a4, 'F', (void *)FUN_0047ad40, 0, 0, ~0u},
    {0x109a8, 'G', (void *)&DAT_004bb6f8, sizeof(DAT_004bb6f8), 0x324, 0x10a1cu},
    {0x109ac, 'F', (void *)FUN_0047ada0, 0, 0, ~0u},
    {0x109b0, 'G', (void *)&DAT_004bb6f8, sizeof(DAT_004bb6f8), 0x318, 0x10a10u},
    {0x109b4, 'F', (void *)FUN_0047a020, 0, 0, ~0u},
    {0x109b8, 'G', (void *)&DAT_004bb6f8, sizeof(DAT_004bb6f8), 0x310, 0x10a08u},
    {0x109bc, 'F', (void *)FUN_0047a0b0, 0, 0, ~0u},
    {0x109c0, 'G', (void *)&DAT_004bb6f8, sizeof(DAT_004bb6f8), 0x308, 0x10a00u},
    {0x109c4, 'F', (void *)FUN_0047a140, 0, 0, ~0u},
    {0x109c8, 'G', (void *)&DAT_004bb6f8, sizeof(DAT_004bb6f8), 0x2fc, 0x109f4u},
    {0x109cc, 'F', (void *)FUN_0047a1d0, 0, 0, ~0u},
    {0x109d0, 'G', (void *)&DAT_004bb6f8, sizeof(DAT_004bb6f8), 0x2f4, 0x109ecu},
    {0x109d4, 'F', (void *)FUN_0047af50, 0, 0, ~0u},
    {0x109d8, 'G', (void *)&DAT_004bb6f8, sizeof(DAT_004bb6f8), 0x2e8, 0x109e0u},
    {0x109dc, 'F', (void *)FUN_0047af80, 0, 0, ~0u},
    {0x11ba4, 'G', (void *)&lpConfig, sizeof(lpConfig), 0x24, 0x11c18u},
    {0x11ba8, 'G', (void *)&lpConfig, sizeof(lpConfig), 0x14, 0x11c08u},
    {0x11bac, 'G', (void *)&lpConfig, sizeof(lpConfig), 0x4, 0x11bf8u},
    {0x11bf4, 'I', NULL, 0, 0x11bb0, 0x11bb0u},
    {0x11dcc, 'G', (void *)&DAT_004b5b62, sizeof(DAT_004b5b62), 0xaa, 0xac0cu},
    {0x11dd0, 'G', (void *)&lpConfig, sizeof(lpConfig), 0x26c, 0x11e60u},
    {0x11dd4, 'G', (void *)&DAT_004b4860, sizeof(DAT_004b4860), 0x354, 0x9bb4u},
    {0x11dd8, 'G', (void *)&lpConfig, sizeof(lpConfig), 0x258, 0x11e4cu},
    {0x11ddc, 'G', (void *)&DAT_004b7e9c, sizeof(DAT_004b7e9c), 0x224, 0xd0c0u},
    {0x11de0, 'G', (void *)&lpConfig, sizeof(lpConfig), 0x240, 0x11e34u},
    {0x11de4, 'G', (void *)&DAT_004b7e9c, sizeof(DAT_004b7e9c), 0x214, 0xd0b0u},
    {0x11de8, 'G', (void *)&lpConfig, sizeof(lpConfig), 0x218, 0x11e0cu},
    {0x11dec, 'G', (void *)&PTR_s_Boat_Noise_wav, sizeof(PTR_s_Boat_Noise_wav), 0xac, 0xa36cu},
    {0x11df0, 'G', (void *)&lpConfig, sizeof(lpConfig), 0x200, 0x11df4u},
    {0x11ecc, 'G', (void *)&PTR_FUN_004bd34c, sizeof(PTR_FUN_004bd34c), 0x960, 0x12cacu},
    {0x11ed0, 'G', (void *)&PTR_FUN_004bd34c, sizeof(PTR_FUN_004bd34c), 0x954, 0x12ca0u},
    {0x11ed4, 'G', (void *)&PTR_FUN_004bd34c, sizeof(PTR_FUN_004bd34c), 0x94c, 0x12c98u},
    {0x11ed8, 'G', (void *)&PTR_FUN_004bd34c, sizeof(PTR_FUN_004bd34c), 0x944, 0x12c90u},
    {0x11edc, 'G', (void *)&PTR_FUN_004bd34c, sizeof(PTR_FUN_004bd34c), 0x93c, 0x12c88u},
    {0x11ee0, 'G', (void *)&PTR_FUN_004bd34c, sizeof(PTR_FUN_004bd34c), 0x930, 0x12c7cu},
    {0x11ee4, 'G', (void *)&PTR_FUN_004bd34c, sizeof(PTR_FUN_004bd34c), 0x928, 0x12c74u},
    {0x11ee8, 'G', (void *)&PTR_FUN_004bd34c, sizeof(PTR_FUN_004bd34c), 0x920, 0x12c6cu},
    {0x11eec, 'G', (void *)&PTR_FUN_004bd34c, sizeof(PTR_FUN_004bd34c), 0x918, 0x12c64u},
    {0x11ef0, 'G', (void *)&PTR_FUN_004bd34c, sizeof(PTR_FUN_004bd34c), 0x910, 0x12c5cu},
    {0x11ef4, 'G', (void *)&PTR_FUN_004bd34c, sizeof(PTR_FUN_004bd34c), 0x908, 0x12c54u},
    {0x11ef8, 'G', (void *)&PTR_FUN_004bd34c, sizeof(PTR_FUN_004bd34c), 0x8fc, 0x12c48u},
    {0x11efc, 'G', (void *)&PTR_FUN_004bd34c, sizeof(PTR_FUN_004bd34c), 0x8f4, 0x12c40u},
    {0x11f00, 'G', (void *)&PTR_FUN_004bd34c, sizeof(PTR_FUN_004bd34c), 0x8ec, 0x12c38u},
    {0x11f04, 'G', (void *)&PTR_FUN_004bd34c, sizeof(PTR_FUN_004bd34c), 0x8e4, 0x12c30u},
    {0x11f08, 'G', (void *)&PTR_FUN_004bd34c, sizeof(PTR_FUN_004bd34c), 0x8dc, 0x12c28u},
    {0x11f0c, 'G', (void *)&PTR_FUN_004bd34c, sizeof(PTR_FUN_004bd34c), 0x8d4, 0x12c20u},
    {0x11f10, 'G', (void *)&PTR_FUN_004bd34c, sizeof(PTR_FUN_004bd34c), 0x8cc, 0x12c18u},
    {0x11f14, 'G', (void *)&PTR_FUN_004bd34c, sizeof(PTR_FUN_004bd34c), 0x8c4, 0x12c10u},
    {0x11f18, 'G', (void *)&PTR_FUN_004bd34c, sizeof(PTR_FUN_004bd34c), 0x8bc, 0x12c08u},
    {0x11f1c, 'G', (void *)&PTR_FUN_004bd34c, sizeof(PTR_FUN_004bd34c), 0x8b4, 0x12c00u},
    {0x11f20, 'G', (void *)&PTR_FUN_004bd34c, sizeof(PTR_FUN_004bd34c), 0x8ac, 0x12bf8u},
    {0x11f24, 'G', (void *)&PTR_FUN_004bd34c, sizeof(PTR_FUN_004bd34c), 0x8a4, 0x12bf0u},
    {0x11f28, 'G', (void *)&PTR_FUN_004bd34c, sizeof(PTR_FUN_004bd34c), 0x89c, 0x12be8u},
    {0x11f2c, 'G', (void *)&PTR_FUN_004bd34c, sizeof(PTR_FUN_004bd34c), 0x894, 0x12be0u},
    {0x11f30, 'G', (void *)&PTR_FUN_004bd34c, sizeof(PTR_FUN_004bd34c), 0x88c, 0x12bd8u},
    {0x11f34, 'G', (void *)&PTR_FUN_004bd34c, sizeof(PTR_FUN_004bd34c), 0x884, 0x12bd0u},
    {0x11f38, 'G', (void *)&PTR_FUN_004bd34c, sizeof(PTR_FUN_004bd34c), 0x87c, 0x12bc8u},
    {0x11f3c, 'G', (void *)&PTR_FUN_004bd34c, sizeof(PTR_FUN_004bd34c), 0x874, 0x12bc0u},
    {0x11f40, 'G', (void *)&PTR_FUN_004bd34c, sizeof(PTR_FUN_004bd34c), 0x86c, 0x12bb8u},
    {0x11f44, 'G', (void *)&PTR_FUN_004bd34c, sizeof(PTR_FUN_004bd34c), 0x864, 0x12bb0u},
    {0x11f48, 'G', (void *)&PTR_FUN_004bd34c, sizeof(PTR_FUN_004bd34c), 0x85c, 0x12ba8u},
    {0x11f4c, 'G', (void *)&PTR_FUN_004bd34c, sizeof(PTR_FUN_004bd34c), 0x854, 0x12ba0u},
    {0x11f50, 'G', (void *)&PTR_FUN_004bd34c, sizeof(PTR_FUN_004bd34c), 0x84c, 0x12b98u},
    {0x11f54, 'G', (void *)&PTR_FUN_004bd34c, sizeof(PTR_FUN_004bd34c), 0x848, 0x12b94u},
    {0x11f58, 'G', (void *)&PTR_FUN_004bd34c, sizeof(PTR_FUN_004bd34c), 0x840, 0x12b8cu},
    {0x11f5c, 'G', (void *)&PTR_FUN_004bd34c, sizeof(PTR_FUN_004bd34c), 0x83c, 0x12b88u},
    {0x11f60, 'G', (void *)&PTR_FUN_004bd34c, sizeof(PTR_FUN_004bd34c), 0x834, 0x12b80u},
    {0x11f64, 'G', (void *)&PTR_FUN_004bd34c, sizeof(PTR_FUN_004bd34c), 0x830, 0x12b7cu},
    {0x11f68, 'G', (void *)&PTR_FUN_004bd34c, sizeof(PTR_FUN_004bd34c), 0x828, 0x12b74u},
    {0x11f6c, 'G', (void *)&PTR_FUN_004bd34c, sizeof(PTR_FUN_004bd34c), 0x820, 0x12b6cu},
    {0x11f70, 'G', (void *)&PTR_FUN_004bd34c, sizeof(PTR_FUN_004bd34c), 0x81c, 0x12b68u},
    {0x11f74, 'G', (void *)&PTR_FUN_004bd34c, sizeof(PTR_FUN_004bd34c), 0x814, 0x12b60u},
    {0x11f78, 'G', (void *)&PTR_FUN_004bd34c, sizeof(PTR_FUN_004bd34c), 0x808, 0x12b54u},
    {0x11f7c, 'G', (void *)&PTR_FUN_004bd34c, sizeof(PTR_FUN_004bd34c), 0x800, 0x12b4cu},
    {0x11f80, 'G', (void *)&PTR_FUN_004bd34c, sizeof(PTR_FUN_004bd34c), 0x7f8, 0x12b44u},
    {0x11f84, 'G', (void *)&PTR_FUN_004bd34c, sizeof(PTR_FUN_004bd34c), 0x7f0, 0x12b3cu},
    {0x11f88, 'G', (void *)&PTR_FUN_004bd34c, sizeof(PTR_FUN_004bd34c), 0x7e8, 0x12b34u},
    {0x11f8c, 'G', (void *)&PTR_FUN_004bd34c, sizeof(PTR_FUN_004bd34c), 0x7e0, 0x12b2cu},
    {0x11f90, 'G', (void *)&PTR_FUN_004bd34c, sizeof(PTR_FUN_004bd34c), 0x7d8, 0x12b24u},
    {0x11f94, 'G', (void *)&PTR_FUN_004bd34c, sizeof(PTR_FUN_004bd34c), 0x7d0, 0x12b1cu},
    {0x11f98, 'G', (void *)&PTR_FUN_004bd34c, sizeof(PTR_FUN_004bd34c), 0x7c4, 0x12b10u},
    {0x11f9c, 'G', (void *)&PTR_FUN_004bd34c, sizeof(PTR_FUN_004bd34c), 0x7bc, 0x12b08u},
    {0x11fa0, 'G', (void *)&PTR_FUN_004bd34c, sizeof(PTR_FUN_004bd34c), 0x7b4, 0x12b00u},
    {0x11fa4, 'G', (void *)&PTR_FUN_004bd34c, sizeof(PTR_FUN_004bd34c), 0x7ac, 0x12af8u},
    {0x11fa8, 'G', (void *)&PTR_FUN_004bd34c, sizeof(PTR_FUN_004bd34c), 0x7a4, 0x12af0u},
    {0x11fac, 'G', (void *)&PTR_FUN_004bd34c, sizeof(PTR_FUN_004bd34c), 0x79c, 0x12ae8u},
    {0x11fb0, 'G', (void *)&PTR_FUN_004bd34c, sizeof(PTR_FUN_004bd34c), 0x794, 0x12ae0u},
    {0x11fb4, 'G', (void *)&PTR_FUN_004bd34c, sizeof(PTR_FUN_004bd34c), 0x790, 0x12adcu},
    {0x11fb8, 'G', (void *)&PTR_FUN_004bd34c, sizeof(PTR_FUN_004bd34c), 0x788, 0x12ad4u},
    {0x11fbc, 'G', (void *)&PTR_FUN_004bd34c, sizeof(PTR_FUN_004bd34c), 0x780, 0x12accu},
    {0x11fc0, 'G', (void *)&PTR_FUN_004bd34c, sizeof(PTR_FUN_004bd34c), 0x77c, 0x12ac8u},
    {0x11fc4, 'G', (void *)&PTR_FUN_004bd34c, sizeof(PTR_FUN_004bd34c), 0x774, 0x12ac0u},
    {0x11fc8, 'G', (void *)&PTR_FUN_004bd34c, sizeof(PTR_FUN_004bd34c), 0x76c, 0x12ab8u},
    {0x11fcc, 'G', (void *)&PTR_FUN_004bd34c, sizeof(PTR_FUN_004bd34c), 0x764, 0x12ab0u},
    {0x11fd0, 'G', (void *)&PTR_FUN_004bd34c, sizeof(PTR_FUN_004bd34c), 0x75c, 0x12aa8u},
    {0x11fd4, 'G', (void *)&PTR_FUN_004bd34c, sizeof(PTR_FUN_004bd34c), 0x754, 0x12aa0u},
    {0x11fd8, 'G', (void *)&PTR_FUN_004bd34c, sizeof(PTR_FUN_004bd34c), 0x74c, 0x12a98u},
    {0x11fdc, 'G', (void *)&PTR_FUN_004bd34c, sizeof(PTR_FUN_004bd34c), 0x744, 0x12a90u},
    {0x11fe0, 'G', (void *)&PTR_FUN_004bd34c, sizeof(PTR_FUN_004bd34c), 0x73c, 0x12a88u},
    {0x11fe4, 'G', (void *)&PTR_FUN_004bd34c, sizeof(PTR_FUN_004bd34c), 0x734, 0x12a80u},
    {0x11fe8, 'G', (void *)&PTR_FUN_004bd34c, sizeof(PTR_FUN_004bd34c), 0x72c, 0x12a78u},
    {0x11fec, 'G', (void *)&PTR_FUN_004bd34c, sizeof(PTR_FUN_004bd34c), 0x724, 0x12a70u},
    {0x11ff0, 'G', (void *)&PTR_FUN_004bd34c, sizeof(PTR_FUN_004bd34c), 0x71c, 0x12a68u},
    {0x11ff4, 'G', (void *)&PTR_FUN_004bd34c, sizeof(PTR_FUN_004bd34c), 0x714, 0x12a60u},
    {0x11ff8, 'G', (void *)&PTR_FUN_004bd34c, sizeof(PTR_FUN_004bd34c), 0x70c, 0x12a58u},
    {0x11ffc, 'G', (void *)&PTR_FUN_004bd34c, sizeof(PTR_FUN_004bd34c), 0x708, 0x12a54u},
    {0x12000, 'G', (void *)&PTR_FUN_004bd34c, sizeof(PTR_FUN_004bd34c), 0x700, 0x12a4cu},
    {0x12004, 'G', (void *)&PTR_FUN_004bd34c, sizeof(PTR_FUN_004bd34c), 0x6fc, 0x12a48u},
    {0x12008, 'G', (void *)&PTR_FUN_004bd34c, sizeof(PTR_FUN_004bd34c), 0x6f4, 0x12a40u},
    {0x1200c, 'G', (void *)&PTR_FUN_004bd34c, sizeof(PTR_FUN_004bd34c), 0x6ec, 0x12a38u},
    {0x12010, 'G', (void *)&PTR_FUN_004bd34c, sizeof(PTR_FUN_004bd34c), 0x6e4, 0x12a30u},
    {0x12014, 'G', (void *)&PTR_FUN_004bd34c, sizeof(PTR_FUN_004bd34c), 0x6dc, 0x12a28u},
    {0x12018, 'G', (void *)&PTR_FUN_004bd34c, sizeof(PTR_FUN_004bd34c), 0x6d4, 0x12a20u},
    {0x1201c, 'G', (void *)&PTR_FUN_004bd34c, sizeof(PTR_FUN_004bd34c), 0x6cc, 0x12a18u},
    {0x12020, 'G', (void *)&PTR_FUN_004bd34c, sizeof(PTR_FUN_004bd34c), 0x6c4, 0x12a10u},
    {0x12024, 'G', (void *)&PTR_FUN_004bd34c, sizeof(PTR_FUN_004bd34c), 0x6bc, 0x12a08u},
    {0x12028, 'G', (void *)&PTR_FUN_004bd34c, sizeof(PTR_FUN_004bd34c), 0x6b4, 0x12a00u},
    {0x1202c, 'G', (void *)&PTR_FUN_004bd34c, sizeof(PTR_FUN_004bd34c), 0x6ac, 0x129f8u},
    {0x12030, 'G', (void *)&PTR_FUN_004bd34c, sizeof(PTR_FUN_004bd34c), 0x6a4, 0x129f0u},
    {0x12034, 'G', (void *)&PTR_FUN_004bd34c, sizeof(PTR_FUN_004bd34c), 0x69c, 0x129e8u},
    {0x12038, 'G', (void *)&PTR_FUN_004bd34c, sizeof(PTR_FUN_004bd34c), 0x690, 0x129dcu},
    {0x1203c, 'G', (void *)&PTR_FUN_004bd34c, sizeof(PTR_FUN_004bd34c), 0x684, 0x129d0u},
    {0x12040, 'G', (void *)&PTR_FUN_004bd34c, sizeof(PTR_FUN_004bd34c), 0x67c, 0x129c8u},
    {0x12044, 'G', (void *)&PTR_FUN_004bd34c, sizeof(PTR_FUN_004bd34c), 0x670, 0x129bcu},
    {0x12048, 'G', (void *)&PTR_FUN_004bd34c, sizeof(PTR_FUN_004bd34c), 0x668, 0x129b4u},
    {0x1204c, 'G', (void *)&PTR_FUN_004bd34c, sizeof(PTR_FUN_004bd34c), 0x65c, 0x129a8u},
    {0x12050, 'G', (void *)&PTR_FUN_004bd34c, sizeof(PTR_FUN_004bd34c), 0x654, 0x129a0u},
    {0x12054, 'G', (void *)&PTR_FUN_004bd34c, sizeof(PTR_FUN_004bd34c), 0x64c, 0x12998u},
    {0x12058, 'G', (void *)&PTR_FUN_004bd34c, sizeof(PTR_FUN_004bd34c), 0x644, 0x12990u},
    {0x1205c, 'G', (void *)&PTR_FUN_004bd34c, sizeof(PTR_FUN_004bd34c), 0x63c, 0x12988u},
    {0x12060, 'G', (void *)&PTR_FUN_004bd34c, sizeof(PTR_FUN_004bd34c), 0x630, 0x1297cu},
    {0x12064, 'G', (void *)&PTR_FUN_004bd34c, sizeof(PTR_FUN_004bd34c), 0x628, 0x12974u},
    {0x12068, 'G', (void *)&PTR_FUN_004bd34c, sizeof(PTR_FUN_004bd34c), 0x620, 0x1296cu},
    {0x1206c, 'G', (void *)&PTR_FUN_004bd34c, sizeof(PTR_FUN_004bd34c), 0x618, 0x12964u},
    {0x12070, 'G', (void *)&PTR_FUN_004bd34c, sizeof(PTR_FUN_004bd34c), 0x610, 0x1295cu},
    {0x12074, 'G', (void *)&PTR_FUN_004bd34c, sizeof(PTR_FUN_004bd34c), 0x608, 0x12954u},
    {0x12078, 'G', (void *)&PTR_FUN_004bd34c, sizeof(PTR_FUN_004bd34c), 0x600, 0x1294cu},
    {0x1207c, 'G', (void *)&PTR_FUN_004bd34c, sizeof(PTR_FUN_004bd34c), 0x5f8, 0x12944u},
    {0x12080, 'G', (void *)&PTR_FUN_004bd34c, sizeof(PTR_FUN_004bd34c), 0x5f0, 0x1293cu},
    {0x12084, 'G', (void *)&PTR_FUN_004bd34c, sizeof(PTR_FUN_004bd34c), 0x5e8, 0x12934u},
    {0x12088, 'G', (void *)&PTR_FUN_004bd34c, sizeof(PTR_FUN_004bd34c), 0x5e0, 0x1292cu},
    {0x1208c, 'G', (void *)&PTR_FUN_004bd34c, sizeof(PTR_FUN_004bd34c), 0x5d8, 0x12924u},
    {0x12090, 'G', (void *)&PTR_FUN_004bd34c, sizeof(PTR_FUN_004bd34c), 0x5d0, 0x1291cu},
    {0x12094, 'G', (void *)&PTR_FUN_004bd34c, sizeof(PTR_FUN_004bd34c), 0x5c8, 0x12914u},
    {0x12098, 'G', (void *)&PTR_FUN_004bd34c, sizeof(PTR_FUN_004bd34c), 0x5c0, 0x1290cu},
    {0x1209c, 'G', (void *)&PTR_FUN_004bd34c, sizeof(PTR_FUN_004bd34c), 0x5b8, 0x12904u},
    {0x120a0, 'G', (void *)&PTR_FUN_004bd34c, sizeof(PTR_FUN_004bd34c), 0x5b0, 0x128fcu},
    {0x120a4, 'G', (void *)&PTR_FUN_004bd34c, sizeof(PTR_FUN_004bd34c), 0x5a8, 0x128f4u},
    {0x120a8, 'G', (void *)&PTR_FUN_004bd34c, sizeof(PTR_FUN_004bd34c), 0x5a4, 0x128f0u},
    {0x120ac, 'G', (void *)&PTR_FUN_004bd34c, sizeof(PTR_FUN_004bd34c), 0x59c, 0x128e8u},
    {0x120b0, 'G', (void *)&PTR_FUN_004bd34c, sizeof(PTR_FUN_004bd34c), 0x594, 0x128e0u},
    {0x120b4, 'G', (void *)&PTR_FUN_004bd34c, sizeof(PTR_FUN_004bd34c), 0x58c, 0x128d8u},
    {0x120b8, 'G', (void *)&PTR_FUN_004bd34c, sizeof(PTR_FUN_004bd34c), 0x584, 0x128d0u},
    {0x120bc, 'G', (void *)&PTR_FUN_004bd34c, sizeof(PTR_FUN_004bd34c), 0x57c, 0x128c8u},
    {0x120c0, 'G', (void *)&PTR_FUN_004bd34c, sizeof(PTR_FUN_004bd34c), 0x574, 0x128c0u},
    {0x120c4, 'G', (void *)&PTR_FUN_004bd34c, sizeof(PTR_FUN_004bd34c), 0x56c, 0x128b8u},
    {0x120c8, 'G', (void *)&PTR_FUN_004bd34c, sizeof(PTR_FUN_004bd34c), 0x564, 0x128b0u},
    {0x120cc, 'G', (void *)&PTR_FUN_004bd34c, sizeof(PTR_FUN_004bd34c), 0x55c, 0x128a8u},
    {0x120d0, 'G', (void *)&PTR_FUN_004bd34c, sizeof(PTR_FUN_004bd34c), 0x554, 0x128a0u},
    {0x120d4, 'G', (void *)&PTR_FUN_004bd34c, sizeof(PTR_FUN_004bd34c), 0x54c, 0x12898u},
    {0x120d8, 'G', (void *)&PTR_FUN_004bd34c, sizeof(PTR_FUN_004bd34c), 0x540, 0x1288cu},
    {0x120dc, 'G', (void *)&PTR_FUN_004bd34c, sizeof(PTR_FUN_004bd34c), 0x538, 0x12884u},
    {0x120e0, 'G', (void *)&PTR_FUN_004bd34c, sizeof(PTR_FUN_004bd34c), 0x530, 0x1287cu},
    {0x120e4, 'G', (void *)&PTR_FUN_004bd34c, sizeof(PTR_FUN_004bd34c), 0x528, 0x12874u},
    {0x120e8, 'G', (void *)&PTR_FUN_004bd34c, sizeof(PTR_FUN_004bd34c), 0x51c, 0x12868u},
    {0x120ec, 'G', (void *)&PTR_FUN_004bd34c, sizeof(PTR_FUN_004bd34c), 0x510, 0x1285cu},
    {0x120f0, 'G', (void *)&PTR_FUN_004bd34c, sizeof(PTR_FUN_004bd34c), 0x508, 0x12854u},
    {0x120f4, 'G', (void *)&PTR_FUN_004bd34c, sizeof(PTR_FUN_004bd34c), 0x4fc, 0x12848u},
    {0x120f8, 'G', (void *)&PTR_FUN_004bd34c, sizeof(PTR_FUN_004bd34c), 0x4f4, 0x12840u},
    {0x120fc, 'G', (void *)&PTR_FUN_004bd34c, sizeof(PTR_FUN_004bd34c), 0x4ec, 0x12838u},
    {0x12100, 'G', (void *)&PTR_FUN_004bd34c, sizeof(PTR_FUN_004bd34c), 0x4e4, 0x12830u},
    {0x12104, 'G', (void *)&PTR_FUN_004bd34c, sizeof(PTR_FUN_004bd34c), 0x4dc, 0x12828u},
    {0x12108, 'G', (void *)&PTR_FUN_004bd34c, sizeof(PTR_FUN_004bd34c), 0x4d4, 0x12820u},
    {0x1210c, 'G', (void *)&PTR_FUN_004bd34c, sizeof(PTR_FUN_004bd34c), 0x4c8, 0x12814u},
    {0x12110, 'G', (void *)&PTR_FUN_004bd34c, sizeof(PTR_FUN_004bd34c), 0x4c0, 0x1280cu},
    {0x12114, 'G', (void *)&PTR_FUN_004bd34c, sizeof(PTR_FUN_004bd34c), 0x4b4, 0x12800u},
    {0x12118, 'G', (void *)&PTR_FUN_004bd34c, sizeof(PTR_FUN_004bd34c), 0x4ac, 0x127f8u},
    {0x1211c, 'G', (void *)&PTR_FUN_004bd34c, sizeof(PTR_FUN_004bd34c), 0x4a4, 0x127f0u},
    {0x12120, 'G', (void *)&PTR_FUN_004bd34c, sizeof(PTR_FUN_004bd34c), 0x49c, 0x127e8u},
    {0x12124, 'G', (void *)&PTR_FUN_004bd34c, sizeof(PTR_FUN_004bd34c), 0x494, 0x127e0u},
    {0x12128, 'G', (void *)&PTR_FUN_004bd34c, sizeof(PTR_FUN_004bd34c), 0x48c, 0x127d8u},
    {0x1212c, 'G', (void *)&PTR_FUN_004bd34c, sizeof(PTR_FUN_004bd34c), 0x484, 0x127d0u},
    {0x12130, 'G', (void *)&PTR_FUN_004bd34c, sizeof(PTR_FUN_004bd34c), 0x47c, 0x127c8u},
    {0x12134, 'G', (void *)&PTR_FUN_004bd34c, sizeof(PTR_FUN_004bd34c), 0x474, 0x127c0u},
    {0x12138, 'G', (void *)&PTR_FUN_004bd34c, sizeof(PTR_FUN_004bd34c), 0x46c, 0x127b8u},
    {0x1213c, 'G', (void *)&PTR_FUN_004bd34c, sizeof(PTR_FUN_004bd34c), 0x460, 0x127acu},
    {0x12140, 'G', (void *)&PTR_FUN_004bd34c, sizeof(PTR_FUN_004bd34c), 0x458, 0x127a4u},
    {0x12144, 'G', (void *)&PTR_FUN_004bd34c, sizeof(PTR_FUN_004bd34c), 0x450, 0x1279cu},
    {0x12148, 'G', (void *)&PTR_FUN_004bd34c, sizeof(PTR_FUN_004bd34c), 0x448, 0x12794u},
    {0x1214c, 'G', (void *)&PTR_FUN_004bd34c, sizeof(PTR_FUN_004bd34c), 0x440, 0x1278cu},
    {0x12150, 'G', (void *)&PTR_FUN_004bd34c, sizeof(PTR_FUN_004bd34c), 0x438, 0x12784u},
    {0x12154, 'G', (void *)&PTR_FUN_004bd34c, sizeof(PTR_FUN_004bd34c), 0x430, 0x1277cu},
    {0x12158, 'G', (void *)&PTR_FUN_004bd34c, sizeof(PTR_FUN_004bd34c), 0x428, 0x12774u},
    {0x1215c, 'G', (void *)&PTR_FUN_004bd34c, sizeof(PTR_FUN_004bd34c), 0x420, 0x1276cu},
    {0x12160, 'G', (void *)&PTR_FUN_004bd34c, sizeof(PTR_FUN_004bd34c), 0x41c, 0x12768u},
    {0x12164, 'G', (void *)&PTR_FUN_004bd34c, sizeof(PTR_FUN_004bd34c), 0x414, 0x12760u},
    {0x12168, 'G', (void *)&PTR_FUN_004bd34c, sizeof(PTR_FUN_004bd34c), 0x40c, 0x12758u},
    {0x1216c, 'G', (void *)&PTR_FUN_004bd34c, sizeof(PTR_FUN_004bd34c), 0x404, 0x12750u},
    {0x12170, 'G', (void *)&PTR_FUN_004bd34c, sizeof(PTR_FUN_004bd34c), 0x3fc, 0x12748u},
    {0x12174, 'G', (void *)&PTR_FUN_004bd34c, sizeof(PTR_FUN_004bd34c), 0x3f8, 0x12744u},
    {0x12178, 'G', (void *)&PTR_FUN_004bd34c, sizeof(PTR_FUN_004bd34c), 0x3ec, 0x12738u},
    {0x1217c, 'G', (void *)&PTR_FUN_004bd34c, sizeof(PTR_FUN_004bd34c), 0x3e4, 0x12730u},
    {0x12180, 'G', (void *)&PTR_FUN_004bd34c, sizeof(PTR_FUN_004bd34c), 0x3dc, 0x12728u},
    {0x12184, 'G', (void *)&PTR_FUN_004bd34c, sizeof(PTR_FUN_004bd34c), 0x3d4, 0x12720u},
    {0x12188, 'G', (void *)&PTR_FUN_004bd34c, sizeof(PTR_FUN_004bd34c), 0x3cc, 0x12718u},
    {0x1218c, 'G', (void *)&PTR_FUN_004bd34c, sizeof(PTR_FUN_004bd34c), 0x3c0, 0x1270cu},
    {0x12190, 'G', (void *)&PTR_FUN_004bd34c, sizeof(PTR_FUN_004bd34c), 0x3b8, 0x12704u},
    {0x12194, 'G', (void *)&PTR_FUN_004bd34c, sizeof(PTR_FUN_004bd34c), 0x3ac, 0x126f8u},
    {0x12198, 'G', (void *)&PTR_FUN_004bd34c, sizeof(PTR_FUN_004bd34c), 0x3a4, 0x126f0u},
    {0x1219c, 'G', (void *)&PTR_FUN_004bd34c, sizeof(PTR_FUN_004bd34c), 0x39c, 0x126e8u},
    {0x121a0, 'G', (void *)&PTR_FUN_004bd34c, sizeof(PTR_FUN_004bd34c), 0x394, 0x126e0u},
    {0x121a4, 'G', (void *)&PTR_FUN_004bd34c, sizeof(PTR_FUN_004bd34c), 0x38c, 0x126d8u},
    {0x121a8, 'G', (void *)&PTR_FUN_004bd34c, sizeof(PTR_FUN_004bd34c), 0x380, 0x126ccu},
    {0x121ac, 'G', (void *)&PTR_FUN_004bd34c, sizeof(PTR_FUN_004bd34c), 0x378, 0x126c4u},
    {0x121b0, 'G', (void *)&PTR_FUN_004bd34c, sizeof(PTR_FUN_004bd34c), 0x370, 0x126bcu},
    {0x121b4, 'G', (void *)&PTR_FUN_004bd34c, sizeof(PTR_FUN_004bd34c), 0x364, 0x126b0u},
    {0x121b8, 'G', (void *)&PTR_FUN_004bd34c, sizeof(PTR_FUN_004bd34c), 0x35c, 0x126a8u},
    {0x121bc, 'G', (void *)&PTR_FUN_004bd34c, sizeof(PTR_FUN_004bd34c), 0x354, 0x126a0u},
    {0x121c0, 'G', (void *)&PTR_FUN_004bd34c, sizeof(PTR_FUN_004bd34c), 0x34c, 0x12698u},
    {0x121c4, 'G', (void *)&PTR_FUN_004bd34c, sizeof(PTR_FUN_004bd34c), 0x344, 0x12690u},
    {0x121c8, 'G', (void *)&PTR_FUN_004bd34c, sizeof(PTR_FUN_004bd34c), 0x338, 0x12684u},
    {0x121cc, 'G', (void *)&PTR_FUN_004bd34c, sizeof(PTR_FUN_004bd34c), 0x330, 0x1267cu},
    {0x121d0, 'G', (void *)&PTR_FUN_004bd34c, sizeof(PTR_FUN_004bd34c), 0x324, 0x12670u},
    {0x121d4, 'G', (void *)&PTR_FUN_004bd34c, sizeof(PTR_FUN_004bd34c), 0x31c, 0x12668u},
    {0x121d8, 'G', (void *)&PTR_FUN_004bd34c, sizeof(PTR_FUN_004bd34c), 0x314, 0x12660u},
    {0x121dc, 'G', (void *)&PTR_FUN_004bd34c, sizeof(PTR_FUN_004bd34c), 0x308, 0x12654u},
    {0x121e0, 'G', (void *)&PTR_FUN_004bd34c, sizeof(PTR_FUN_004bd34c), 0x2fc, 0x12648u},
    {0x121e4, 'G', (void *)&PTR_FUN_004bd34c, sizeof(PTR_FUN_004bd34c), 0x2f4, 0x12640u},
    {0x121e8, 'G', (void *)&PTR_FUN_004bd34c, sizeof(PTR_FUN_004bd34c), 0x2ec, 0x12638u},
    {0x121ec, 'G', (void *)&PTR_FUN_004bd34c, sizeof(PTR_FUN_004bd34c), 0x2e0, 0x1262cu},
    {0x121f0, 'G', (void *)&PTR_FUN_004bd34c, sizeof(PTR_FUN_004bd34c), 0x2d4, 0x12620u},
    {0x121f4, 'G', (void *)&PTR_FUN_004bd34c, sizeof(PTR_FUN_004bd34c), 0x2cc, 0x12618u},
    {0x121f8, 'G', (void *)&PTR_FUN_004bd34c, sizeof(PTR_FUN_004bd34c), 0x2c4, 0x12610u},
    {0x121fc, 'G', (void *)&PTR_FUN_004bd34c, sizeof(PTR_FUN_004bd34c), 0x2bc, 0x12608u},
    {0x12200, 'G', (void *)&PTR_FUN_004bd34c, sizeof(PTR_FUN_004bd34c), 0x2b4, 0x12600u},
    {0x12204, 'G', (void *)&PTR_FUN_004bd34c, sizeof(PTR_FUN_004bd34c), 0x2b0, 0x125fcu},
    {0x12208, 'G', (void *)&PTR_FUN_004bd34c, sizeof(PTR_FUN_004bd34c), 0x2a8, 0x125f4u},
    {0x1220c, 'G', (void *)&PTR_FUN_004bd34c, sizeof(PTR_FUN_004bd34c), 0x2a0, 0x125ecu},
    {0x12210, 'G', (void *)&PTR_FUN_004bd34c, sizeof(PTR_FUN_004bd34c), 0x298, 0x125e4u},
    {0x12214, 'G', (void *)&PTR_FUN_004bd34c, sizeof(PTR_FUN_004bd34c), 0x288, 0x125d4u},
    {0x12218, 'G', (void *)&PTR_FUN_004bd34c, sizeof(PTR_FUN_004bd34c), 0x280, 0x125ccu},
    {0x1221c, 'G', (void *)&PTR_FUN_004bd34c, sizeof(PTR_FUN_004bd34c), 0x278, 0x125c4u},
    {0x12220, 'G', (void *)&PTR_FUN_004bd34c, sizeof(PTR_FUN_004bd34c), 0x270, 0x125bcu},
    {0x12224, 'G', (void *)&PTR_FUN_004bd34c, sizeof(PTR_FUN_004bd34c), 0x268, 0x125b4u},
    {0x12228, 'G', (void *)&PTR_FUN_004bd34c, sizeof(PTR_FUN_004bd34c), 0x260, 0x125acu},
    {0x1222c, 'G', (void *)&PTR_FUN_004bd34c, sizeof(PTR_FUN_004bd34c), 0x258, 0x125a4u},
    {0x12230, 'G', (void *)&PTR_FUN_004bd34c, sizeof(PTR_FUN_004bd34c), 0x250, 0x1259cu},
    {0x12234, 'G', (void *)&PTR_FUN_004bd34c, sizeof(PTR_FUN_004bd34c), 0x248, 0x12594u},
    {0x12238, 'G', (void *)&PTR_FUN_004bd34c, sizeof(PTR_FUN_004bd34c), 0x23c, 0x12588u},
    {0x1223c, 'G', (void *)&PTR_FUN_004bd34c, sizeof(PTR_FUN_004bd34c), 0x234, 0x12580u},
    {0x12240, 'G', (void *)&PTR_FUN_004bd34c, sizeof(PTR_FUN_004bd34c), 0x22c, 0x12578u},
    {0x12244, 'G', (void *)&PTR_FUN_004bd34c, sizeof(PTR_FUN_004bd34c), 0x224, 0x12570u},
    {0x12248, 'G', (void *)&PTR_FUN_004bd34c, sizeof(PTR_FUN_004bd34c), 0x21c, 0x12568u},
    {0x1224c, 'G', (void *)&PTR_FUN_004bd34c, sizeof(PTR_FUN_004bd34c), 0x210, 0x1255cu},
    {0x12250, 'G', (void *)&PTR_FUN_004bd34c, sizeof(PTR_FUN_004bd34c), 0x204, 0x12550u},
    {0x12254, 'G', (void *)&PTR_FUN_004bd34c, sizeof(PTR_FUN_004bd34c), 0x1f8, 0x12544u},
    {0x12258, 'G', (void *)&PTR_FUN_004bd34c, sizeof(PTR_FUN_004bd34c), 0x1f0, 0x1253cu},
    {0x1225c, 'G', (void *)&PTR_FUN_004bd34c, sizeof(PTR_FUN_004bd34c), 0x1e8, 0x12534u},
    {0x12260, 'G', (void *)&PTR_FUN_004bd34c, sizeof(PTR_FUN_004bd34c), 0x1e0, 0x1252cu},
    {0x12264, 'G', (void *)&PTR_FUN_004bd34c, sizeof(PTR_FUN_004bd34c), 0x1d4, 0x12520u},
    {0x12268, 'G', (void *)&PTR_FUN_004bd34c, sizeof(PTR_FUN_004bd34c), 0x1cc, 0x12518u},
    {0x1226c, 'G', (void *)&PTR_FUN_004bd34c, sizeof(PTR_FUN_004bd34c), 0x1c4, 0x12510u},
    {0x12270, 'G', (void *)&PTR_FUN_004bd34c, sizeof(PTR_FUN_004bd34c), 0x1bc, 0x12508u},
    {0x12274, 'G', (void *)&PTR_FUN_004bd34c, sizeof(PTR_FUN_004bd34c), 0x1b4, 0x12500u},
    {0x12278, 'G', (void *)&PTR_FUN_004bd34c, sizeof(PTR_FUN_004bd34c), 0x1ac, 0x124f8u},
    {0x1227c, 'G', (void *)&PTR_FUN_004bd34c, sizeof(PTR_FUN_004bd34c), 0x1a4, 0x124f0u},
    {0x12280, 'G', (void *)&PTR_FUN_004bd34c, sizeof(PTR_FUN_004bd34c), 0x19c, 0x124e8u},
    {0x12284, 'G', (void *)&PTR_FUN_004bd34c, sizeof(PTR_FUN_004bd34c), 0x194, 0x124e0u},
    {0x12288, 'G', (void *)&PTR_FUN_004bd34c, sizeof(PTR_FUN_004bd34c), 0x18c, 0x124d8u},
    {0x1228c, 'G', (void *)&PTR_FUN_004bd34c, sizeof(PTR_FUN_004bd34c), 0x184, 0x124d0u},
    {0x12290, 'G', (void *)&PTR_FUN_004bd34c, sizeof(PTR_FUN_004bd34c), 0x178, 0x124c4u},
    {0x12294, 'G', (void *)&PTR_FUN_004bd34c, sizeof(PTR_FUN_004bd34c), 0x170, 0x124bcu},
    {0x12298, 'G', (void *)&PTR_FUN_004bd34c, sizeof(PTR_FUN_004bd34c), 0x168, 0x124b4u},
    {0x1229c, 'G', (void *)&PTR_FUN_004bd34c, sizeof(PTR_FUN_004bd34c), 0x160, 0x124acu},
    {0x122a0, 'G', (void *)&PTR_FUN_004bd34c, sizeof(PTR_FUN_004bd34c), 0x158, 0x124a4u},
    {0x122a4, 'G', (void *)&PTR_FUN_004bd34c, sizeof(PTR_FUN_004bd34c), 0x150, 0x1249cu},
    {0x122a8, 'G', (void *)&PTR_FUN_004bd34c, sizeof(PTR_FUN_004bd34c), 0x790, 0x12adcu},
    {0x122ac, 'G', (void *)&PTR_FUN_004bd34c, sizeof(PTR_FUN_004bd34c), 0x144, 0x12490u},
    {0x122b0, 'G', (void *)&PTR_FUN_004bd34c, sizeof(PTR_FUN_004bd34c), 0x138, 0x12484u},
    {0x122b4, 'G', (void *)&PTR_FUN_004bd34c, sizeof(PTR_FUN_004bd34c), 0x130, 0x1247cu},
    {0x122b8, 'G', (void *)&PTR_FUN_004bd34c, sizeof(PTR_FUN_004bd34c), 0x124, 0x12470u},
    {0x122bc, 'G', (void *)&PTR_FUN_004bd34c, sizeof(PTR_FUN_004bd34c), 0x11c, 0x12468u},
    {0x122c0, 'G', (void *)&PTR_FUN_004bd34c, sizeof(PTR_FUN_004bd34c), 0x114, 0x12460u},
    {0x122c4, 'G', (void *)&PTR_FUN_004bd34c, sizeof(PTR_FUN_004bd34c), 0x104, 0x12450u},
    {0x122c8, 'G', (void *)&PTR_FUN_004bd34c, sizeof(PTR_FUN_004bd34c), 0xfc, 0x12448u},
    {0x122cc, 'G', (void *)&PTR_FUN_004bd34c, sizeof(PTR_FUN_004bd34c), 0xf4, 0x12440u},
    {0x122d0, 'G', (void *)&PTR_FUN_004bd34c, sizeof(PTR_FUN_004bd34c), 0xf4, 0x12440u},
    {0x122d4, 'G', (void *)&PTR_FUN_004bd34c, sizeof(PTR_FUN_004bd34c), 0xe8, 0x12434u},
    {0x122d8, 'G', (void *)&PTR_FUN_004bd34c, sizeof(PTR_FUN_004bd34c), 0xe0, 0x1242cu},
    {0x122dc, 'G', (void *)&PTR_FUN_004bd34c, sizeof(PTR_FUN_004bd34c), 0xd8, 0x12424u},
    {0x122e0, 'G', (void *)&PTR_FUN_004bd34c, sizeof(PTR_FUN_004bd34c), 0xd0, 0x1241cu},
    {0x122e4, 'G', (void *)&PTR_FUN_004bd34c, sizeof(PTR_FUN_004bd34c), 0xc8, 0x12414u},
    {0x122e8, 'G', (void *)&PTR_FUN_004bd34c, sizeof(PTR_FUN_004bd34c), 0xc0, 0x1240cu},
    {0x122ec, 'G', (void *)&PTR_FUN_004bd34c, sizeof(PTR_FUN_004bd34c), 0xb8, 0x12404u},
    {0x122f0, 'G', (void *)&PTR_FUN_004bd34c, sizeof(PTR_FUN_004bd34c), 0xb0, 0x123fcu},
    {0x122f4, 'G', (void *)&PTR_FUN_004bd34c, sizeof(PTR_FUN_004bd34c), 0xa8, 0x123f4u},
    {0x122f8, 'G', (void *)&PTR_FUN_004bd34c, sizeof(PTR_FUN_004bd34c), 0xa0, 0x123ecu},
    {0x122fc, 'G', (void *)&PTR_FUN_004bd34c, sizeof(PTR_FUN_004bd34c), 0x98, 0x123e4u},
    {0x12300, 'G', (void *)&PTR_FUN_004bd34c, sizeof(PTR_FUN_004bd34c), 0x90, 0x123dcu},
    {0x12304, 'G', (void *)&PTR_FUN_004bd34c, sizeof(PTR_FUN_004bd34c), 0x84, 0x123d0u},
    {0x12308, 'G', (void *)&PTR_FUN_004bd34c, sizeof(PTR_FUN_004bd34c), 0x6ec, 0x12a38u},
    {0x1230c, 'G', (void *)&PTR_FUN_004bd34c, sizeof(PTR_FUN_004bd34c), 0x7c, 0x123c8u},
    {0x12310, 'G', (void *)&PTR_FUN_004bd34c, sizeof(PTR_FUN_004bd34c), 0x74, 0x123c0u},
    {0x12314, 'G', (void *)&PTR_FUN_004bd34c, sizeof(PTR_FUN_004bd34c), 0x6c, 0x123b8u},
    {0x12318, 'G', (void *)&PTR_FUN_004bd34c, sizeof(PTR_FUN_004bd34c), 0x64, 0x123b0u},
    {0x1231c, 'G', (void *)&PTR_FUN_004bd34c, sizeof(PTR_FUN_004bd34c), 0x58, 0x123a4u},
    {0x12320, 'G', (void *)&PTR_FUN_004bd34c, sizeof(PTR_FUN_004bd34c), 0x50, 0x1239cu},
    {0x12324, 'G', (void *)&PTR_FUN_004bd34c, sizeof(PTR_FUN_004bd34c), 0x48, 0x12394u},
    {0x12328, 'G', (void *)&PTR_FUN_004bd34c, sizeof(PTR_FUN_004bd34c), 0x40, 0x1238cu},
    {0x1234c, 'F', (void *)LogBlokeRethinking, 0, 0, ~0u},
    {0x12350, 'F', (void *)FUN_004838c0, 0, 0, ~0u},
    {0x12354, 'F', (void *)FUN_00483ef0, 0, 0, ~0u},
    {0x12358, 'F', (void *)FUN_00484090, 0, 0, ~0u},
    {0x1235c, 'F', (void *)FUN_00483d10, 0, 0, ~0u},
    {0x12360, 'F', (void *)FUN_004838e0, 0, 0, ~0u},
    {0x12364, 'F', (void *)FUN_00484220, 0, 0, ~0u},
    {0x12368, 'F', (void *)FUN_004845d0, 0, 0, ~0u},
    {0x1236c, 'F', (void *)FUN_00484630, 0, 0, ~0u},
    {0x12370, 'F', (void *)FUN_00484790, 0, 0, ~0u},
    {0x12374, 'F', (void *)FUN_00483e20, 0, 0, ~0u},
    {0x12378, 'F', (void *)FUN_00484470, 0, 0, ~0u},
    {0x1237c, 'F', (void *)FUN_00484520, 0, 0, ~0u},
    {0x12380, 'F', (void *)FUN_004848e0, 0, 0, ~0u},
    {0x12384, 'F', (void *)FUN_00483d90, 0, 0, ~0u},
    {0x12388, 'F', (void *)FUN_00484350, 0, 0, ~0u},
    {0x12ebc, 'G', (void *)&DAT_004b6d58, sizeof(DAT_004b6d58), 0x3e0, 0xc138u},
    {0x12ecc, 'G', (void *)&DAT_004bdeb8, sizeof(DAT_004bdeb8), 0xb9c, 0x13a54u},
    {0x12edc, 'G', (void *)&DAT_004bdeb8, sizeof(DAT_004bdeb8), 0xb94, 0x13a4cu},
    {0x12eec, 'G', (void *)&DAT_004bdeb8, sizeof(DAT_004bdeb8), 0xb8c, 0x13a44u},
    {0x12efc, 'G', (void *)&DAT_004bdeb8, sizeof(DAT_004bdeb8), 0xb7c, 0x13a34u},
    {0x12f0c, 'G', (void *)&DAT_004b6d58, sizeof(DAT_004b6d58), 0x3d8, 0xc130u},
    {0x12f1c, 'G', (void *)&DAT_004bdeb8, sizeof(DAT_004bdeb8), 0xb74, 0x13a2cu},
    {0x12f2c, 'G', (void *)&DAT_004bdeb8, sizeof(DAT_004bdeb8), 0xb68, 0x13a20u},
    {0x12f3c, 'G', (void *)&DAT_004bdeb8, sizeof(DAT_004bdeb8), 0xb58, 0x13a10u},
    {0x12f4c, 'G', (void *)&DAT_004bdeb8, sizeof(DAT_004bdeb8), 0xb48, 0x13a00u},
    {0x12f5c, 'G', (void *)&DAT_004bdeb8, sizeof(DAT_004bdeb8), 0xb38, 0x139f0u},
    {0x12f6c, 'G', (void *)&DAT_004bdeb8, sizeof(DAT_004bdeb8), 0xb2c, 0x139e4u},
    {0x12f7c, 'G', (void *)&DAT_004bdeb8, sizeof(DAT_004bdeb8), 0xb20, 0x139d8u},
    {0x12f8c, 'G', (void *)&DAT_004bdeb8, sizeof(DAT_004bdeb8), 0xb14, 0x139ccu},
    {0x12f9c, 'G', (void *)&DAT_004bdeb8, sizeof(DAT_004bdeb8), 0xb04, 0x139bcu},
    {0x12fac, 'G', (void *)&DAT_004bdeb8, sizeof(DAT_004bdeb8), 0xaf8, 0x139b0u},
    {0x12fbc, 'G', (void *)&DAT_004bdeb8, sizeof(DAT_004bdeb8), 0xaec, 0x139a4u},
    {0x12fcc, 'G', (void *)&DAT_004bdeb8, sizeof(DAT_004bdeb8), 0xae0, 0x13998u},
    {0x12fdc, 'G', (void *)&DAT_004bdeb8, sizeof(DAT_004bdeb8), 0xad4, 0x1398cu},
    {0x12fec, 'G', (void *)&DAT_004bdeb8, sizeof(DAT_004bdeb8), 0xac4, 0x1397cu},
    {0x12ffc, 'G', (void *)&DAT_004bdeb8, sizeof(DAT_004bdeb8), 0xab4, 0x1396cu},
    {0x1300c, 'G', (void *)&DAT_004bdeb8, sizeof(DAT_004bdeb8), 0xaa4, 0x1395cu},
    {0x1301c, 'G', (void *)&DAT_004bdeb8, sizeof(DAT_004bdeb8), 0xa94, 0x1394cu},
    {0x1302c, 'G', (void *)&DAT_004bdeb8, sizeof(DAT_004bdeb8), 0xa8c, 0x13944u},
    {0x1303c, 'G', (void *)&DAT_004bdeb8, sizeof(DAT_004bdeb8), 0xa84, 0x1393cu},
    {0x1304c, 'G', (void *)&DAT_004bdeb8, sizeof(DAT_004bdeb8), 0xa78, 0x13930u},
    {0x1305c, 'G', (void *)&DAT_004bdeb8, sizeof(DAT_004bdeb8), 0xa6c, 0x13924u},
    {0x1306c, 'G', (void *)&DAT_004bdeb8, sizeof(DAT_004bdeb8), 0xa60, 0x13918u},
    {0x1307c, 'G', (void *)&DAT_004bdeb8, sizeof(DAT_004bdeb8), 0xa58, 0x13910u},
    {0x1308c, 'G', (void *)&DAT_004bdeb8, sizeof(DAT_004bdeb8), 0xa50, 0x13908u},
    {0x1309c, 'G', (void *)&DAT_004bdeb8, sizeof(DAT_004bdeb8), 0xa48, 0x13900u},
    {0x130ac, 'G', (void *)&DAT_004bdeb8, sizeof(DAT_004bdeb8), 0xa3c, 0x138f4u},
    {0x130bc, 'G', (void *)&DAT_004bdeb8, sizeof(DAT_004bdeb8), 0xa30, 0x138e8u},
    {0x130cc, 'G', (void *)&DAT_004bdeb8, sizeof(DAT_004bdeb8), 0xa24, 0x138dcu},
    {0x130dc, 'G', (void *)&DAT_004bdeb8, sizeof(DAT_004bdeb8), 0xa1c, 0x138d4u},
    {0x130ec, 'G', (void *)&DAT_004bdeb8, sizeof(DAT_004bdeb8), 0xa14, 0x138ccu},
    {0x130fc, 'G', (void *)&MONEY_SFX, sizeof(MONEY_SFX), 0x2bc, 0xda64u},
    {0x1310c, 'G', (void *)&MONEY_SFX, sizeof(MONEY_SFX), 0x2b0, 0xda58u},
    {0x1311c, 'G', (void *)&MONEY_SFX, sizeof(MONEY_SFX), 0x2a4, 0xda4cu},
    {0x1312c, 'G', (void *)&DAT_004bdeb8, sizeof(DAT_004bdeb8), 0xa04, 0x138bcu},
    {0x1313c, 'G', (void *)&DAT_004bdeb8, sizeof(DAT_004bdeb8), 0x9fc, 0x138b4u},
    {0x1314c, 'G', (void *)&DAT_004bdeb8, sizeof(DAT_004bdeb8), 0x9f4, 0x138acu},
    {0x1315c, 'G', (void *)&DAT_004bdeb8, sizeof(DAT_004bdeb8), 0x9e4, 0x1389cu},
    {0x1316c, 'G', (void *)&DAT_004bdeb8, sizeof(DAT_004bdeb8), 0x9d4, 0x1388cu},
    {0x1317c, 'G', (void *)&DAT_004bdeb8, sizeof(DAT_004bdeb8), 0x9c8, 0x13880u},
    {0x1318c, 'G', (void *)&DAT_004bdeb8, sizeof(DAT_004bdeb8), 0x9c0, 0x13878u},
    {0x1319c, 'G', (void *)&DAT_004bdeb8, sizeof(DAT_004bdeb8), 0x9b4, 0x1386cu},
    {0x131ac, 'G', (void *)&DAT_004bdeb8, sizeof(DAT_004bdeb8), 0x9a8, 0x13860u},
    {0x131bc, 'G', (void *)&DAT_004bdeb8, sizeof(DAT_004bdeb8), 0x99c, 0x13854u},
    {0x131cc, 'G', (void *)&DAT_004bdeb8, sizeof(DAT_004bdeb8), 0x990, 0x13848u},
    {0x131dc, 'G', (void *)&DAT_004bdeb8, sizeof(DAT_004bdeb8), 0x984, 0x1383cu},
    {0x131ec, 'G', (void *)&DAT_004bdeb8, sizeof(DAT_004bdeb8), 0x97c, 0x13834u},
    {0x131fc, 'G', (void *)&DAT_004bdeb8, sizeof(DAT_004bdeb8), 0x968, 0x13820u},
    {0x1320c, 'G', (void *)&DAT_004bdeb8, sizeof(DAT_004bdeb8), 0x950, 0x13808u},
    {0x1321c, 'G', (void *)&DAT_004b7478, sizeof(DAT_004b7478), 0x140, 0xc5b8u},
    {0x1322c, 'G', (void *)&DAT_004b7478, sizeof(DAT_004b7478), 0x134, 0xc5acu},
    {0x1323c, 'G', (void *)&DAT_004b7478, sizeof(DAT_004b7478), 0x124, 0xc59cu},
    {0x1324c, 'G', (void *)&MONEY_SFX, sizeof(MONEY_SFX), 0x168, 0xd910u},
    {0x1325c, 'G', (void *)&MONEY_SFX, sizeof(MONEY_SFX), 0x158, 0xd900u},
    {0x1326c, 'G', (void *)&DAT_004b7478, sizeof(DAT_004b7478), 0x14c, 0xc5c4u},
    {0x1327c, 'G', (void *)&MONEY_SFX, sizeof(MONEY_SFX), 0x140, 0xd8e8u},
    {0x1328c, 'G', (void *)&PTR_Bloke_DoNothing_004b8368, sizeof(PTR_Bloke_DoNothing_004b8368), 0x74, 0xd3dcu},
    {0x1329c, 'G', (void *)&MONEY_SFX, sizeof(MONEY_SFX), 0x1bc, 0xd964u},
    {0x132ac, 'G', (void *)&MONEY_SFX, sizeof(MONEY_SFX), 0x1ac, 0xd954u},
    {0x132bc, 'G', (void *)&MONEY_SFX, sizeof(MONEY_SFX), 0x19c, 0xd944u},
    {0x132cc, 'G', (void *)&MONEY_SFX, sizeof(MONEY_SFX), 0x188, 0xd930u},
    {0x132dc, 'G', (void *)&MONEY_SFX, sizeof(MONEY_SFX), 0x14c, 0xd8f4u},
    {0x132ec, 'G', (void *)&DAT_004b7478, sizeof(DAT_004b7478), 0x17c, 0xc5f4u},
    {0x132fc, 'G', (void *)&DAT_004b7478, sizeof(DAT_004b7478), 0x168, 0xc5e0u},
    {0x1330c, 'G', (void *)&DAT_004b7478, sizeof(DAT_004b7478), 0x184, 0xc5fcu},
    {0x1331c, 'G', (void *)&DAT_004b7478, sizeof(DAT_004b7478), 0x170, 0xc5e8u},
    {0x1332c, 'I', NULL, 0, 0x9670, 0x9670u},
    {0x1333c, 'G', (void *)&DAT_004b4580, sizeof(DAT_004b4580), 0x20, 0x95a0u},
    {0x1334c, 'G', (void *)&DAT_004b7478, sizeof(DAT_004b7478), 0x160, 0xc5d8u},
    {0x1335c, 'G', (void *)&DAT_004b4e20, sizeof(DAT_004b4e20), 0xd0, 0x9ef0u},
    {0x1336c, 'G', (void *)&Catapult_SFX, sizeof(Catapult_SFX), 0x64, 0x912cu},
    {0x1337c, 'G', (void *)&MONEY_SFX, sizeof(MONEY_SFX), 0x178, 0xd920u},
    {0x1338c, 'G', (void *)&DAT_004b77e8, sizeof(DAT_004b77e8), 0xb4, 0xc89cu},
    {0x1339c, 'G', (void *)&CopterPathTable4, 0x160u, 0x14c, 0x93e4u},
    {0x133ac, 'G', (void *)&MONEY_SFX, sizeof(MONEY_SFX), 0x1e8, 0xd990u},
    {0x133bc, 'G', (void *)&DAT_004b79d0, sizeof(DAT_004b79d0), 0x9c, 0xca6cu},
    {0x133cc, 'G', (void *)&MONEY_SFX, sizeof(MONEY_SFX), 0x1dc, 0xd984u},
    {0x133dc, 'G', (void *)&DAT_004b4ce4, sizeof(DAT_004b4ce4), 0x90, 0x9d74u},
    {0x133ec, 'G', (void *)&DAT_004bdeb8, sizeof(DAT_004bdeb8), 0x944, 0x137fcu},
    {0x133fc, 'G', (void *)&MONEY_SFX, sizeof(MONEY_SFX), 0x1c8, 0xd970u},
    {0x1340c, 'G', (void *)&DAT_004b4e20, sizeof(DAT_004b4e20), 0x98, 0x9eb8u},
    {0x1341c, 'G', (void *)&BoxBlokeBnvName, 0x108u, 0xc4, 0xc978u},
    {0x1342c, 'G', (void *)&JOUST_SFX, sizeof(JOUST_SFX), 0x90, 0x9718u},
    {0x1343c, 'G', (void *)&DAT_004b4f1c, sizeof(DAT_004b4f1c), 0x70, 0x9f8cu},
    {0x1344c, 'G', (void *)&DAT_004b7e9c, sizeof(DAT_004b7e9c), 0x214, 0xd0b0u},
    {0x1345c, 'G', (void *)&MONEY_SFX, sizeof(MONEY_SFX), 0x224, 0xd9ccu},
    {0x1346c, 'G', (void *)&MONEY_SFX, sizeof(MONEY_SFX), 0x214, 0xd9bcu},
    {0x1347c, 'G', (void *)&MONEY_SFX, sizeof(MONEY_SFX), 0x23c, 0xd9e4u},
    {0x1348c, 'G', (void *)&DAT_004b7e9c, sizeof(DAT_004b7e9c), 0x224, 0xd0c0u},
    {0x1349c, 'G', (void *)&MONEY_SFX, sizeof(MONEY_SFX), 0xf4, 0xd89cu},
    {0x134ac, 'G', (void *)&MONEY_SFX, sizeof(MONEY_SFX), 0x110, 0xd8b8u},
    {0x134bc, 'G', (void *)&MONEY_SFX, sizeof(MONEY_SFX), 0x12c, 0xd8d4u},
    {0x134cc, 'G', (void *)&PTR_s_Boat_Noise_wav, sizeof(PTR_s_Boat_Noise_wav), 0xac, 0xa36cu},
    {0x134dc, 'G', (void *)&PTR_s_Boat_Noise_wav, sizeof(PTR_s_Boat_Noise_wav), 0x94, 0xa354u},
    {0x134ec, 'G', (void *)&PTR_s_Boat_Noise_wav, sizeof(PTR_s_Boat_Noise_wav), 0xbc, 0xa37cu},
    {0x134fc, 'G', (void *)&DAT_004b4034, sizeof(DAT_004b4034), 0x58, 0x908cu},
    {0x1350c, 'G', (void *)&DAT_004b5b62, sizeof(DAT_004b5b62), 0xaa, 0xac0cu},
    {0x1351c, 'G', (void *)&DAT_004b5b62, sizeof(DAT_004b5b62), 0x52, 0xabb4u},
    {0x1352c, 'G', (void *)&DAT_004b5b62, sizeof(DAT_004b5b62), 0x9a, 0xabfcu},
    {0x1353c, 'G', (void *)&DAT_004b5b62, sizeof(DAT_004b5b62), 0x86, 0xabe8u},
    {0x1354c, 'G', (void *)&DAT_004b5b62, sizeof(DAT_004b5b62), 0x6e, 0xabd0u},
    {0x1355c, 'G', (void *)&DAT_004bdeb8, sizeof(DAT_004bdeb8), 0x92c, 0x137e4u},
    {0x1356c, 'G', (void *)&DAT_004b4860, sizeof(DAT_004b4860), 0x354, 0x9bb4u},
    {0x1357c, 'G', (void *)&DAT_004b4860, sizeof(DAT_004b4860), 0x2c4, 0x9b24u},
    {0x1358c, 'G', (void *)&DAT_004b4860, sizeof(DAT_004b4860), 0x2b0, 0x9b10u},
    {0x1359c, 'G', (void *)&DAT_004b4860, sizeof(DAT_004b4860), 0x328, 0x9b88u},
    {0x135ac, 'G', (void *)&DAT_004b4860, sizeof(DAT_004b4860), 0x30c, 0x9b6cu},
    {0x135bc, 'G', (void *)&DAT_004b4860, sizeof(DAT_004b4860), 0x2f0, 0x9b50u},
    {0x135cc, 'G', (void *)&DAT_004b4860, sizeof(DAT_004b4860), 0x2d4, 0x9b34u},
    {0x135dc, 'G', (void *)&DAT_004b4860, sizeof(DAT_004b4860), 0x28c, 0x9aecu},
    {0x135ec, 'G', (void *)&DAT_004b4860, sizeof(DAT_004b4860), 0x2a0, 0x9b00u},
    {0x135fc, 'G', (void *)&DAT_004b4860, sizeof(DAT_004b4860), 0x344, 0x9ba4u},
    {0x1360c, 'G', (void *)&DAT_004bdeb8, sizeof(DAT_004bdeb8), 0x914, 0x137ccu},
    {0x1361c, 'G', (void *)&DAT_004bdeb8, sizeof(DAT_004bdeb8), 0x904, 0x137bcu},
    {0x1362c, 'G', (void *)&DAT_004bdeb8, sizeof(DAT_004bdeb8), 0x8f4, 0x137acu},
    {0x1363c, 'G', (void *)&DAT_004bdeb8, sizeof(DAT_004bdeb8), 0x8e0, 0x13798u},
    {0x1364c, 'G', (void *)&DAT_004bdeb8, sizeof(DAT_004bdeb8), 0x8d0, 0x13788u},
    {0x1365c, 'G', (void *)&DAT_004bdeb8, sizeof(DAT_004bdeb8), 0x8bc, 0x13774u},
    {0x1366c, 'G', (void *)&DAT_004bdeb8, sizeof(DAT_004bdeb8), 0x8ac, 0x13764u},
    {0x1367c, 'G', (void *)&DAT_004bdeb8, sizeof(DAT_004bdeb8), 0x898, 0x13750u},
    {0x1368c, 'G', (void *)&DAT_004bdeb8, sizeof(DAT_004bdeb8), 0x884, 0x1373cu},
    {0x1369c, 'G', (void *)&DAT_004bdeb8, sizeof(DAT_004bdeb8), 0x874, 0x1372cu},
    {0x136ac, 'G', (void *)&DAT_004bdeb8, sizeof(DAT_004bdeb8), 0x860, 0x13718u},
    {0x136bc, 'G', (void *)&WATERWORKS_SFX, sizeof(WATERWORKS_SFX), 0x14c, 0xa0f4u},
    {0x136cc, 'G', (void *)&WATERWORKS_SFX, sizeof(WATERWORKS_SFX), 0xe0, 0xa088u},
    {0x136dc, 'G', (void *)&WATERWORKS_SFX, sizeof(WATERWORKS_SFX), 0x100, 0xa0a8u},
    {0x136ec, 'G', (void *)&WATERWORKS_SFX, sizeof(WATERWORKS_SFX), 0x120, 0xa0c8u},
    {0x136fc, 'G', (void *)&WATERWORKS_SFX, sizeof(WATERWORKS_SFX), 0x134, 0xa0dcu},
    {0x1370c, 'G', (void *)&DAT_004d8bb0, sizeof(DAT_004d8bb0), 0x0, ~0u},
    {0x13b80, 'G', (void *)&DAT_004bed40, sizeof(DAT_004bed40), 0x1a4, 0x13ee4u},
    {0x13b84, 'G', (void *)&DAT_004bed40, sizeof(DAT_004bed40), 0x18c, 0x13eccu},
    {0x13b9c, 'G', (void *)&DAT_004bed40, sizeof(DAT_004bed40), 0x178, 0x13eb8u},
    {0x13ba0, 'G', (void *)&DAT_004bed40, sizeof(DAT_004bed40), 0x160, 0x13ea0u},
    {0x13bb8, 'G', (void *)&DAT_004bed40, sizeof(DAT_004bed40), 0x148, 0x13e88u},
    {0x13bbc, 'G', (void *)&DAT_004bed40, sizeof(DAT_004bed40), 0x12c, 0x13e6cu},
    {0x13bd4, 'G', (void *)&DAT_004bed40, sizeof(DAT_004bed40), 0x11c, 0x13e5cu},
    {0x13bd8, 'G', (void *)&DAT_004bed40, sizeof(DAT_004bed40), 0x108, 0x13e48u},
    {0x13bf0, 'G', (void *)&DAT_004bed40, sizeof(DAT_004bed40), 0xf4, 0x13e34u},
    {0x13bf4, 'G', (void *)&DAT_004bed40, sizeof(DAT_004bed40), 0xe0, 0x13e20u},
    {0x13c0c, 'G', (void *)&DAT_004bed40, sizeof(DAT_004bed40), 0xcc, 0x13e0cu},
    {0x13c10, 'G', (void *)&DAT_004bed40, sizeof(DAT_004bed40), 0xb4, 0x13df4u},
    {0x13c28, 'G', (void *)&DAT_004bed40, sizeof(DAT_004bed40), 0xa0, 0x13de0u},
    {0x13c2c, 'G', (void *)&DAT_004bed40, sizeof(DAT_004bed40), 0x88, 0x13dc8u},
    {0x13c44, 'G', (void *)&DAT_004bed40, sizeof(DAT_004bed40), 0x74, 0x13db4u},
    {0x13c48, 'G', (void *)&DAT_004bed40, sizeof(DAT_004bed40), 0x60, 0x13da0u},
    {0x13c60, 'G', (void *)&DAT_004bed40, sizeof(DAT_004bed40), 0x50, 0x13d90u},
    {0x13c64, 'G', (void *)&DAT_004bed40, sizeof(DAT_004bed40), 0x3c, 0x13d7cu},
    {0x13c7c, 'G', (void *)&DAT_004bed40, sizeof(DAT_004bed40), 0x28, 0x13d68u},
    {0x13c80, 'G', (void *)&DAT_004bed40, sizeof(DAT_004bed40), 0x14, 0x13d54u},
    {0x13ca0, 'G', (void *)&DAT_004bed40, sizeof(DAT_004bed40), 0x0, 0x13d40u},
    {0x13ca4, 'G', (void *)&ProgressScreenTables, sizeof(ProgressScreenTables), 0x1ac, 0x13d2cu},
    {0x13cbc, 'G', (void *)&DAT_004bed40, sizeof(DAT_004bed40), 0x0, 0x13d40u},
    {0x13cc0, 'G', (void *)&ProgressScreenTables, sizeof(ProgressScreenTables), 0x1ac, 0x13d2cu},
    {0x13cd8, 'G', (void *)&DAT_004bed40, sizeof(DAT_004bed40), 0x0, 0x13d40u},
    {0x13cdc, 'G', (void *)&ProgressScreenTables, sizeof(ProgressScreenTables), 0x1ac, 0x13d2cu},
    {0x13cf4, 'G', (void *)&DAT_004bed40, sizeof(DAT_004bed40), 0x0, 0x13d40u},
    {0x13cf8, 'G', (void *)&ProgressScreenTables, sizeof(ProgressScreenTables), 0x1ac, 0x13d2cu},
    {0x13d10, 'G', (void *)&DAT_004bed40, sizeof(DAT_004bed40), 0x0, 0x13d40u},
    {0x13d14, 'G', (void *)&ProgressScreenTables, sizeof(ProgressScreenTables), 0x1ac, 0x13d2cu},
    {0x14898, 'G', (void *)&DAT_00701e68, sizeof(DAT_00701e68), 0x1e20c, ~0u},
    {0x1489c, 'G', (void *)&DAT_0066be54, sizeof(DAT_0066be54), 0x7420d, ~0u},
    {0x148a8, 'G', (void *)&DAT_00701e68, sizeof(DAT_00701e68), 0x1e20c, ~0u},
    {0x148ac, 'G', (void *)&DAT_0066be54, sizeof(DAT_0066be54), 0x7420d, ~0u},
    {0x148b8, 'G', (void *)&DAT_00701e68, sizeof(DAT_00701e68), 0x1e20c, ~0u},
    {0x148bc, 'G', (void *)&DAT_0066be54, sizeof(DAT_0066be54), 0x7420d, ~0u},
    {0x148c8, 'G', (void *)&DAT_00701e68, sizeof(DAT_00701e68), 0x1e20c, ~0u},
    {0x148cc, 'G', (void *)&DAT_0066be54, sizeof(DAT_0066be54), 0x7420d, ~0u},
    {0x148d8, 'G', (void *)&DAT_00701e68, sizeof(DAT_00701e68), 0x1e20c, ~0u},
    {0x148dc, 'G', (void *)&DAT_0066be54, sizeof(DAT_0066be54), 0x7420d, ~0u},
    {0x148e8, 'G', (void *)&DAT_00701e68, sizeof(DAT_00701e68), 0x1e20c, ~0u},
    {0x148ec, 'G', (void *)&DAT_0066be54, sizeof(DAT_0066be54), 0x7420d, ~0u},
    {0x148f8, 'G', (void *)&DAT_00701e68, sizeof(DAT_00701e68), 0x1e20c, ~0u},
    {0x148fc, 'G', (void *)&DAT_0066be54, sizeof(DAT_0066be54), 0x7420d, ~0u},
    {0x14908, 'G', (void *)&DAT_00701e68, sizeof(DAT_00701e68), 0x1e20c, ~0u},
    {0x1490c, 'G', (void *)&DAT_0066be54, sizeof(DAT_0066be54), 0x7420d, ~0u},
    {0x14918, 'G', (void *)&DAT_00701e68, sizeof(DAT_00701e68), 0x1e20c, ~0u},
    {0x1491c, 'G', (void *)&DAT_0066be54, sizeof(DAT_0066be54), 0x7420d, ~0u},
    {0x14928, 'G', (void *)&DAT_00701e68, sizeof(DAT_00701e68), 0x1e20c, ~0u},
    {0x1492c, 'G', (void *)&DAT_0066be54, sizeof(DAT_0066be54), 0x7420d, ~0u},
    {0x14938, 'G', (void *)&DAT_00701e68, sizeof(DAT_00701e68), 0x1e20c, ~0u},
    {0x1493c, 'G', (void *)&DAT_0066be54, sizeof(DAT_0066be54), 0x7420d, ~0u},
    {0x14948, 'G', (void *)&DAT_00701e68, sizeof(DAT_00701e68), 0x1e20c, ~0u},
    {0x1494c, 'G', (void *)&DAT_0066be54, sizeof(DAT_0066be54), 0x7420d, ~0u},
    {0x14958, 'G', (void *)&DAT_00701e68, sizeof(DAT_00701e68), 0x1e20c, ~0u},
    {0x1495c, 'G', (void *)&DAT_0066be54, sizeof(DAT_0066be54), 0x7420d, ~0u},
    {0x14968, 'G', (void *)&DAT_00701e68, sizeof(DAT_00701e68), 0x1e20c, ~0u},
    {0x1496c, 'G', (void *)&DAT_0066be54, sizeof(DAT_0066be54), 0x7420d, ~0u},
    {0x14978, 'G', (void *)&DAT_00701e68, sizeof(DAT_00701e68), 0x1e20c, ~0u},
    {0x1497c, 'G', (void *)&DAT_0066be54, sizeof(DAT_0066be54), 0x7420d, ~0u},
    {0x14988, 'G', (void *)&DAT_00701e68, sizeof(DAT_00701e68), 0x1e20c, ~0u},
    {0x1498c, 'G', (void *)&DAT_0066be54, sizeof(DAT_0066be54), 0x7420d, ~0u},
    {0x14998, 'G', (void *)&DAT_00701e68, sizeof(DAT_00701e68), 0x1e20c, ~0u},
    {0x1499c, 'G', (void *)&DAT_0066be54, sizeof(DAT_0066be54), 0x7420d, ~0u},
    {0x149a8, 'G', (void *)&DAT_00701e68, sizeof(DAT_00701e68), 0x1e20c, ~0u},
    {0x149ac, 'G', (void *)&DAT_0066be54, sizeof(DAT_0066be54), 0x7420d, ~0u},
    {0x149b8, 'G', (void *)&DAT_00701e68, sizeof(DAT_00701e68), 0x1e20c, ~0u},
    {0x149bc, 'G', (void *)&DAT_0066be54, sizeof(DAT_0066be54), 0x7420d, ~0u},
    {0x149c8, 'G', (void *)&DAT_00701e68, sizeof(DAT_00701e68), 0x1e20c, ~0u},
    {0x149cc, 'G', (void *)&DAT_0066be54, sizeof(DAT_0066be54), 0x7420d, ~0u},
    {0x149d8, 'G', (void *)&DAT_00701e68, sizeof(DAT_00701e68), 0x6e1ff, ~0u},
    {0x149dc, 'G', (void *)&DAT_00701e68, sizeof(DAT_00701e68), 0x2e1fd, ~0u},
    {0x149ec, 'G', (void *)&DAT_0066be54, sizeof(DAT_0066be54), 0x64213, ~0u},
    {0x149f0, 'G', (void *)&DAT_0063835c, sizeof(DAT_0063835c), 0x7d09, ~0u},
    {0x149fc, 'G', (void *)&DAT_0066be54, sizeof(DAT_0066be54), 0x24213, ~0u},
    {0x14a00, 'G', (void *)&DAT_0062fef8, sizeof(DAT_0062fef8), 0x176, ~0u},
    {0x14a10, 'G', (void *)&DAT_0064cd90, sizeof(DAT_0064cd90), 0x32d7, ~0u},
    {0x14a14, 'G', (void *)&DAT_00701e68, sizeof(DAT_00701e68), 0x8e1ff, ~0u},
    {0x14a18, 'G', (void *)&DAT_00701e68, sizeof(DAT_00701e68), 0x3e208, ~0u},
    {0x14a24, 'G', (void *)&DAT_00701e68, sizeof(DAT_00701e68), 0x6e1ff, ~0u},
    {0x14a28, 'G', (void *)&DAT_00701e68, sizeof(DAT_00701e68), 0x2e1fd, ~0u},
    {0x14a38, 'G', (void *)&DAT_0066be54, sizeof(DAT_0066be54), 0x64213, ~0u},
    {0x14a3c, 'G', (void *)&DAT_0063835c, sizeof(DAT_0063835c), 0x7d09, ~0u},
    {0x14a48, 'G', (void *)&DAT_0066be54, sizeof(DAT_0066be54), 0x24213, ~0u},
    {0x14a4c, 'G', (void *)&DAT_0062fef8, sizeof(DAT_0062fef8), 0x176, ~0u},
    {0x14a5c, 'G', (void *)&DAT_0064cd90, sizeof(DAT_0064cd90), 0x32d7, ~0u},
    {0x14a60, 'G', (void *)&DAT_00701e68, sizeof(DAT_00701e68), 0x8e1ff, ~0u},
    {0x14a64, 'G', (void *)&DAT_00701e68, sizeof(DAT_00701e68), 0x3e208, ~0u},
    {0x14a70, 'G', (void *)&DAT_0066be54, sizeof(DAT_0066be54), 0x64211, ~0u},
    {0x14abc, 'G', (void *)&DAT_0066be54, sizeof(DAT_0066be54), 0x64211, ~0u},
    {0x14ac0, 'G', (void *)&DAT_0066be54, sizeof(DAT_0066be54), 0x24211, ~0u},
    {0x14ac4, 'G', (void *)&DAT_00701e68, sizeof(DAT_00701e68), 0x3e206, ~0u},
    {0x14ac8, 'G', (void *)&DAT_0066be54, sizeof(DAT_0066be54), 0x8421e, ~0u},
    {0x14da8, 'G', (void *)&DAT_00701e68, sizeof(DAT_00701e68), 0x2e20d, ~0u},
    {0x14dac, 'G', (void *)&DAT_0062fef8, sizeof(DAT_0062fef8), 0x171, ~0u},
    {0x15130, 'I', NULL, 0, 0x1513a, 0x1513au},
    {0x15134, 'I', NULL, 0, 0x1513a, 0x1513au},
    {0x151bc, 'G', (void *)&CurrentProfile, sizeof(CurrentProfile), 0xe1, ~0u},
    {0x151c0, 'G', (void *)&CurrentProfile, sizeof(CurrentProfile), 0xe1, ~0u},
    {0x151c4, 'G', (void *)&CurrentProfile, sizeof(CurrentProfile), 0xe1, ~0u},
    {0x151fc, 'G', (void *)&DAT_0081ce00, sizeof(DAT_0081ce00), 0x3282, ~0u},
    {0x15200, 'G', (void *)&DAT_0081ce00, sizeof(DAT_0081ce00), 0x3282, ~0u},
    {0x15204, 'G', (void *)&DAT_0081ce00, sizeof(DAT_0081ce00), 0x3282, ~0u},
    {0x15370, 'G', (void *)&NullGuid, sizeof(NullGuid), 0xcc, 0x209cu},
    {0x15374, 'G', (void *)&NullGuid, sizeof(NullGuid), 0xbc, 0x208cu},
    {0x15378, 'G', (void *)&PathSprite, sizeof(PathSprite), 0x350, ~0u},
    {0x15380, 'G', (void *)&PathSprite, sizeof(PathSprite), 0x350, ~0u},
    {0x155fc, 'G', (void *)&NullGuid, sizeof(NullGuid), 0x184, 0x2154u},
    {0x15604, 'G', (void *)&NullGuid, sizeof(NullGuid), 0x180, 0x2150u},
    {0x1560c, 'G', (void *)&NullGuid, sizeof(NullGuid), 0x17c, 0x214cu},
    {0x15614, 'G', (void *)&NullGuid, sizeof(NullGuid), 0x174, 0x2144u},
    {0x1561c, 'G', (void *)&NullGuid, sizeof(NullGuid), 0x16c, 0x213cu},
    {0x15624, 'G', (void *)&NullGuid, sizeof(NullGuid), 0x164, 0x2134u},
    {0x1562c, 'G', (void *)&NullGuid, sizeof(NullGuid), 0x15c, 0x212cu},
    {0x15634, 'G', (void *)&NullGuid, sizeof(NullGuid), 0x154, 0x2124u},
    {0x1563c, 'G', (void *)&NullGuid, sizeof(NullGuid), 0x14c, 0x211cu},
    {0x15644, 'G', (void *)&NullGuid, sizeof(NullGuid), 0x144, 0x2114u},
    {0x1564c, 'G', (void *)&NullGuid, sizeof(NullGuid), 0x13c, 0x210cu},
    {0x15654, 'G', (void *)&NullGuid, sizeof(NullGuid), 0x134, 0x2104u},
    {0x1565c, 'G', (void *)&NullGuid, sizeof(NullGuid), 0x130, 0x2100u},
    {0x15664, 'G', (void *)&NullGuid, sizeof(NullGuid), 0x12c, 0x20fcu},
    {0x1566c, 'G', (void *)&NullGuid, sizeof(NullGuid), 0x128, 0x20f8u},
    {0x15674, 'G', (void *)&NullGuid, sizeof(NullGuid), 0x120, 0x20f0u},
    {0x1567c, 'G', (void *)&NullGuid, sizeof(NullGuid), 0x118, 0x20e8u},
    {0x15684, 'G', (void *)&NullGuid, sizeof(NullGuid), 0x110, 0x20e0u},
    {0x1568c, 'G', (void *)&NullGuid, sizeof(NullGuid), 0x108, 0x20d8u},
    {0x15694, 'G', (void *)&NullGuid, sizeof(NullGuid), 0x100, 0x20d0u},
    {0x1569c, 'G', (void *)&NullGuid, sizeof(NullGuid), 0xf8, 0x20c8u},
    {0x156a4, 'G', (void *)&NullGuid, sizeof(NullGuid), 0xf0, 0x20c0u},
    {0x156ac, 'G', (void *)&NullGuid, sizeof(NullGuid), 0xe8, 0x20b8u},
    {0x156b4, 'G', (void *)&NullGuid, sizeof(NullGuid), 0xe0, 0x20b0u},
    {0x156bc, 'G', (void *)&NullGuid, sizeof(NullGuid), 0xdc, 0x20acu},
    {0x156c4, 'G', (void *)&NullGuid, sizeof(NullGuid), 0xd8, 0x20a8u},
    {0x156cc, 'G', (void *)&NullGuid, sizeof(NullGuid), 0xd4, 0x20a4u},
    {0x159bc, 'G', (void *)&DAT_00579878, sizeof(DAT_00579878), 0x40a70, ~0u},
    {0x15ab4, 'I', NULL, 0, 0x15a34, 0x15a34u},
    {0x15ab8, 'I', NULL, 0, 0x15a74, 0x15a74u},
    {0x15b6c, 'G', (void *)&NullGuid, sizeof(NullGuid), 0x4ac, 0x247cu},
    {0x15b74, 'G', (void *)&NullGuid, sizeof(NullGuid), 0x480, 0x2450u},
    {0x15b7c, 'G', (void *)&NullGuid, sizeof(NullGuid), 0x454, 0x2424u},
    {0x15b84, 'G', (void *)&NullGuid, sizeof(NullGuid), 0x430, 0x2400u},
    {0x15b8c, 'G', (void *)&NullGuid, sizeof(NullGuid), 0x404, 0x23d4u},
    {0x15b94, 'G', (void *)&NullGuid, sizeof(NullGuid), 0x3d4, 0x23a4u},
    {0x15b9c, 'G', (void *)&NullGuid, sizeof(NullGuid), 0x3b0, 0x2380u},
    {0x15ba4, 'G', (void *)&NullGuid, sizeof(NullGuid), 0x384, 0x2354u},
    {0x15bac, 'G', (void *)&NullGuid, sizeof(NullGuid), 0x34c, 0x231cu},
    {0x15bb4, 'G', (void *)&NullGuid, sizeof(NullGuid), 0x324, 0x22f4u},
    {0x15bbc, 'G', (void *)&NullGuid, sizeof(NullGuid), 0x2ec, 0x22bcu},
    {0x15bc4, 'G', (void *)&NullGuid, sizeof(NullGuid), 0x2b4, 0x2284u},
    {0x15bcc, 'G', (void *)&NullGuid, sizeof(NullGuid), 0x28c, 0x225cu},
    {0x15bd4, 'G', (void *)&NullGuid, sizeof(NullGuid), 0x27c, 0x224cu},
    {0x15bdc, 'G', (void *)&NullGuid, sizeof(NullGuid), 0x26c, 0x223cu},
    {0x15be4, 'G', (void *)&NullGuid, sizeof(NullGuid), 0x25c, 0x222cu},
    {0x15bec, 'G', (void *)&DAT_004b8a90, sizeof(DAT_004b8a90), 0x128, 0xdbb8u},
    {0x15bf4, 'G', (void *)&NullGuid, sizeof(NullGuid), 0x24c, 0x221cu},
};

struct PortGlobal {
    void *addr;
    unsigned int size;   /* sizeof in the port */
    unsigned int offset; /* original address - PORT_DATA_VA */
    unsigned int gap;    /* bytes up to the next annotated global */
};

static const struct PortGlobal port_globals[] = {
    {(void *)&FLOAT_004ab390, sizeof(FLOAT_004ab390), 0x390, 0x8},
    {(void *)&DOUBLE_004ab398, sizeof(DOUBLE_004ab398), 0x398, 0x44},
    {(void *)&DAT_004ab3dc, sizeof(DAT_004ab3dc), 0x3dc, 0x4},
    {(void *)&DAT_004ab3e0, sizeof(DAT_004ab3e0), 0x3e0, 0x4},
    {(void *)&DAT_004ab3e4, sizeof(DAT_004ab3e4), 0x3e4, 0x4},
    {(void *)&DAT_004ab3e8, sizeof(DAT_004ab3e8), 0x3e8, 0x4},
    {(void *)&DAT_004ab3ec, sizeof(DAT_004ab3ec), 0x3ec, 0x4},
    {(void *)&DAT_004ab3f0, sizeof(DAT_004ab3f0), 0x3f0, 0x4},
    {(void *)&DAT_004ab3f4, sizeof(DAT_004ab3f4), 0x3f4, 0x4},
    {(void *)&DAT_004ab3f8, sizeof(DAT_004ab3f8), 0x3f8, 0x4},
    {(void *)&DAT_004ab3fc, sizeof(DAT_004ab3fc), 0x3fc, 0x8},
    {(void *)&FLOAT_004ab404, sizeof(FLOAT_004ab404), 0x404, 0x14},
    {(void *)&DAT_004ab418, sizeof(DAT_004ab418), 0x418, 0x18},
    {(void *)&DAT_004ab430, sizeof(DAT_004ab430), 0x430, 0x8},
    {(void *)&FLOAT_004ab438, sizeof(FLOAT_004ab438), 0x438, 0x4},
    {(void *)&FLOAT_004ab43c, sizeof(FLOAT_004ab43c), 0x43c, 0x8},
    {(void *)&FLOAT_004ab444, sizeof(FLOAT_004ab444), 0x444, 0x8},
    {(void *)&FLOAT_004ab44c, sizeof(FLOAT_004ab44c), 0x44c, 0x8},
    {(void *)&FLOAT_004ab454, sizeof(FLOAT_004ab454), 0x454, 0x4},
    {(void *)&FLOAT_004ab458, sizeof(FLOAT_004ab458), 0x458, 0x4},
    {(void *)&FLOAT_004ab45c, sizeof(FLOAT_004ab45c), 0x45c, 0xc},
    {(void *)&FLOAT_004ab468, sizeof(FLOAT_004ab468), 0x468, 0x10},
    {(void *)&DOUBLE_004ab478, sizeof(DOUBLE_004ab478), 0x478, 0x18},
    {(void *)&FLOAT_004ab490, sizeof(FLOAT_004ab490), 0x490, 0x4},
    {(void *)&FLOAT_004ab494, sizeof(FLOAT_004ab494), 0x494, 0xc},
    {(void *)&DAT_004ab4a0, sizeof(DAT_004ab4a0), 0x4a0, 0x8},
    {(void *)&DAT_004ab4a8, sizeof(DAT_004ab4a8), 0x4a8, 0x8},
    {(void *)&DAT_004ab4b0, sizeof(DAT_004ab4b0), 0x4b0, 0xc},
    {(void *)&DAT_004ab4bc, sizeof(DAT_004ab4bc), 0x4bc, 0x4},
    {(void *)&DAT_004ab4c0, sizeof(DAT_004ab4c0), 0x4c0, 0x8},
    {(void *)&DAT_004ab4c8, sizeof(DAT_004ab4c8), 0x4c8, 0x50},
    {(void *)&DAT_004ab518, sizeof(DAT_004ab518), 0x518, 0x10},
    {(void *)&DAT_004ab528, sizeof(DAT_004ab528), 0x528, 0x4},
    {(void *)&FLOAT_004ab52c, sizeof(FLOAT_004ab52c), 0x52c, 0x4},
    {(void *)&DOUBLE_004ab530, sizeof(DOUBLE_004ab530), 0x530, 0x8},
    {(void *)&DOUBLE_004ab538, sizeof(DOUBLE_004ab538), 0x538, 0x18},
    {(void *)&FLOAT_004ab550, sizeof(FLOAT_004ab550), 0x550, 0x8},
    {(void *)&DOUBLE_004ab558, sizeof(DOUBLE_004ab558), 0x558, 0x8},
    {(void *)&IID_IDirectMusicBand, sizeof(IID_IDirectMusicBand), 0x5e0, 0x10},
    {(void *)&IID_IDirectMusicComposer, sizeof(IID_IDirectMusicComposer), 0x5f0, 0x10},
    {(void *)&IID_IDirectMusicChordMap, sizeof(IID_IDirectMusicChordMap), 0x600, 0x10},
    {(void *)&IID_IDirectMusicStyle, sizeof(IID_IDirectMusicStyle), 0x610, 0x30},
    {(void *)&IID_IDirectMusicPerformance, sizeof(IID_IDirectMusicPerformance), 0x640, 0x30},
    {(void *)&IID_IDirectMusicSegment, sizeof(IID_IDirectMusicSegment), 0x670, 0x30},
    {(void *)&IID_IDirectMusicLoader, sizeof(IID_IDirectMusicLoader), 0x6a0, 0x30},
    {(void *)&GUID_PerfMasterGrooveLevel, sizeof(GUID_PerfMasterGrooveLevel), 0x6d0, 0xe0},
    {(void *)&GUID_Download, sizeof(GUID_Download), 0x7b0, 0xd0},
    {(void *)&GUID_NOTIFICATION_MEASUREANDBEAT, sizeof(GUID_NOTIFICATION_MEASUREANDBEAT), 0x880, 0x20},
    {(void *)&GUID_NOTIFICATION_SEGMENT, sizeof(GUID_NOTIFICATION_SEGMENT), 0x8a0, 0x10},
    {(void *)&GUID_DirectMusicAllTypes, sizeof(GUID_DirectMusicAllTypes), 0x8b0, 0x30},
    {(void *)&DirectMusicBandClassGuid, sizeof(DirectMusicBandClassGuid), 0x8e0, 0x20},
    {(void *)&CLSID_DirectMusicLoader, sizeof(CLSID_DirectMusicLoader), 0x900, 0x20},
    {(void *)&CLSID_DirectMusicComposer, sizeof(CLSID_DirectMusicComposer), 0x920, 0x10},
    {(void *)&DirectMusicChordMapClassGuid, sizeof(DirectMusicChordMapClassGuid), 0x930, 0x50},
    {(void *)&CLSID_DirectMusicStyle, sizeof(CLSID_DirectMusicStyle), 0x980, 0x70},
    {(void *)&CLSID_DirectMusicSegment, sizeof(CLSID_DirectMusicSegment), 0x9f0, 0x10},
    {(void *)&CLSID_DirectMusicPerformance, sizeof(CLSID_DirectMusicPerformance), 0xa00, 0x690},
    {(void *)&IID_IDirectDraw2_Guid, sizeof(IID_IDirectDraw2_Guid), 0x1f80, 0x50},
    {(void *)&NullGuid, sizeof(NullGuid), 0x1fd0, 0x7064},
    {(void *)&DAT_004b4034, sizeof(DAT_004b4034), 0x9034, 0x70},
    {(void *)&DAT_004b40a4, sizeof(DAT_004b40a4), 0x90a4, 0x10},
    {(void *)&DAT_004b40b4, sizeof(DAT_004b40b4), 0x90b4, 0x14},
    {(void *)&Catapult_SFX, sizeof(Catapult_SFX), 0x90c8, 0x78},
    {(void *)&Helicopter_SFX, sizeof(Helicopter_SFX), 0x9140, 0x30},
    {(void *)&DRIVING_SCHOOL_SFX, sizeof(DRIVING_SCHOOL_SFX), 0x93f8, 0x48},
    {(void *)&DAT_004b4440, sizeof(DAT_004b4440), 0x9440, 0x18},
    {(void *)&DAT_004b4458, sizeof(DAT_004b4458), 0x9458, 0x18},
    {(void *)&DAT_004b4470, sizeof(DAT_004b4470), 0x9470, 0x110},
    {(void *)&DAT_004b4580, sizeof(DAT_004b4580), 0x9580, 0x30},
    {(void *)&JOUST_SFX, sizeof(JOUST_SFX), 0x9688, 0xa0},
    {(void *)&LogFlumeFootprint, sizeof(LogFlumeFootprint), 0x9728, 0x4},
    {(void *)&DAT_004b472c, sizeof(DAT_004b472c), 0x972c, 0x4},
    {(void *)&DAT_004b4730, sizeof(DAT_004b4730), 0x9730, 0x4},
    {(void *)&DAT_004b4734, sizeof(DAT_004b4734), 0x9734, 0x8},
    {(void *)&DAT_004b473c, sizeof(DAT_004b473c), 0x973c, 0x10},
    {(void *)&DAT_004b474c, sizeof(DAT_004b474c), 0x974c, 0x8},
    {(void *)&DAT_004b4754, sizeof(DAT_004b4754), 0x9754, 0x10},
    {(void *)&DAT_004b4764, sizeof(DAT_004b4764), 0x9764, 0x4},
    {(void *)&FlumeStages_004b47f0, sizeof(FlumeStages_004b47f0), 0x97f0, 0x18},
    {(void *)&DAT_004b4808, sizeof(DAT_004b4808), 0x9808, 0x8},
    {(void *)&FlumeStages_004b4810, sizeof(FlumeStages_004b4810), 0x9810, 0x18},
    {(void *)&DAT_004b4828, sizeof(DAT_004b4828), 0x9828, 0x8},
    {(void *)&FlumeStages_004b4830, sizeof(FlumeStages_004b4830), 0x9830, 0x28},
    {(void *)&DAT_004b4858, sizeof(DAT_004b4858), 0x9858, 0x8},
    {(void *)&DAT_004b4860, sizeof(DAT_004b4860), 0x9860, 0x370},
    {(void *)&DAT_004b4bd0, sizeof(DAT_004b4bd0), 0x9bd0, 0x20},
    {(void *)&DAT_004b4bf0, sizeof(DAT_004b4bf0), 0x9bf0, 0x14},
    {(void *)&DAT_004b4c04, sizeof(DAT_004b4c04), 0x9c04, 0x4},
    {(void *)&DAT_004b4c08, sizeof(DAT_004b4c08), 0x9c08, 0xa4},
    {(void *)&SAFARI_SFX, sizeof(SAFARI_SFX), 0x9cb8, 0xc},
    {(void *)&DAT_004b4cc4, sizeof(DAT_004b4cc4), 0x9cc4, 0x20},
    {(void *)&DAT_004b4ce4, sizeof(DAT_004b4ce4), 0x9ce4, 0xa4},
    {(void *)&SpiderRide_SFX, sizeof(SpiderRide_SFX), 0x9d88, 0xc},
    {(void *)&SpiderBnvInfo, sizeof(SpiderBnvInfo), 0x9d94, 0x8c},
    {(void *)&DAT_004b4e20, sizeof(DAT_004b4e20), 0x9e20, 0xe8},
    {(void *)&DAT_004b4f08, sizeof(DAT_004b4f08), 0x9f08, 0x10},
    {(void *)&DAT_004b4f18, sizeof(DAT_004b4f18), 0x9f18, 0x4},
    {(void *)&DAT_004b4f1c, sizeof(DAT_004b4f1c), 0x9f1c, 0x8c},
    {(void *)&WATERWORKS_SFX, sizeof(WATERWORKS_SFX), 0x9fa8, 0x170},
    {(void *)&BoatingSchoolDirSteps, sizeof(BoatingSchoolDirSteps), 0xa118, 0x40},
    {(void *)&DAT_004b5158, sizeof(DAT_004b5158), 0xa158, 0x40},
    {(void *)&DAT_004b5198, sizeof(DAT_004b5198), 0xa198, 0x40},
    {(void *)&DAT_004b51d8, sizeof(DAT_004b51d8), 0xa1d8, 0x88},
    {(void *)&DAT_004b5260, sizeof(DAT_004b5260), 0xa260, 0x18},
    {(void *)&DAT_004b5278, sizeof(DAT_004b5278), 0xa278, 0x18},
    {(void *)&DAT_004b5290, sizeof(DAT_004b5290), 0xa290, 0x30},
    {(void *)&PTR_s_Boat_Noise_wav, sizeof(PTR_s_Boat_Noise_wav), 0xa2c0, 0x100},
    {(void *)&DAT_004b53c0, sizeof(DAT_004b53c0), 0xa3c0, 0x14},
    {(void *)&DAT_004b53d4, sizeof(DAT_004b53d4), 0xa3d4, 0x19c},
    {(void *)&DAT_004b5570, sizeof(DAT_004b5570), 0xa570, 0x14},
    {(void *)&DAT_004b5584, sizeof(DAT_004b5584), 0xa584, 0x18},
    {(void *)&DAT_004b559c, sizeof(DAT_004b559c), 0xa59c, 0xc},
    {(void *)&FLOAT_004b55a8, sizeof(FLOAT_004b55a8), 0xa5a8, 0x4c},
    {(void *)&DAT_004b55f4, sizeof(DAT_004b55f4), 0xa5f4, 0x8},
    {(void *)&DAT_004b55fc, sizeof(DAT_004b55fc), 0xa5fc, 0x4},
    {(void *)&DAT_004b5600, sizeof(DAT_004b5600), 0xa600, 0x8},
    {(void *)&DAT_004b5608, sizeof(DAT_004b5608), 0xa608, 0x4},
    {(void *)&DAT_004b560c, sizeof(DAT_004b560c), 0xa60c, 0x4},
    {(void *)&DAT_004b5610, sizeof(DAT_004b5610), 0xa610, 0x4},
    {(void *)&DAT_004b5614, sizeof(DAT_004b5614), 0xa614, 0x4},
    {(void *)&DAT_004b5618, sizeof(DAT_004b5618), 0xa618, 0xc},
    {(void *)&DAT_004b5624, sizeof(DAT_004b5624), 0xa624, 0x4},
    {(void *)&DAT_004b5628, sizeof(DAT_004b5628), 0xa628, 0xc},
    {(void *)&FLOAT_004b5634, sizeof(FLOAT_004b5634), 0xa634, 0x2c},
    {(void *)&DAT_004b5660, sizeof(DAT_004b5660), 0xa660, 0xa0},
    {(void *)&DAT_004b5700, sizeof(DAT_004b5700), 0xa700, 0x48},
    {(void *)&DAT_004b5748, sizeof(DAT_004b5748), 0xa748, 0xc0},
    {(void *)&DAT_004b5808, sizeof(DAT_004b5808), 0xa808, 0xc0},
    {(void *)&DAT_004b58c8, sizeof(DAT_004b58c8), 0xa8c8, 0x9c},
    {(void *)&DAT_004b5964, sizeof(DAT_004b5964), 0xa964, 0x8},
    {(void *)&DAT_004b5974, sizeof(DAT_004b5974), 0xa974, 0x8},
    {(void *)&DAT_004b5988, sizeof(DAT_004b5988), 0xa988, 0x60},
    {(void *)&DAT_004b5abc, sizeof(DAT_004b5abc), 0xaabc, 0x64},
    {(void *)&DAT_004b5b20, sizeof(DAT_004b5b20), 0xab20, 0x4},
    {(void *)&DAT_004b5b24, sizeof(DAT_004b5b24), 0xab24, 0x4},
    {(void *)&DAT_004b5b28, sizeof(DAT_004b5b28), 0xab28, 0x14},
    {(void *)&DAT_004b5b3c, sizeof(DAT_004b5b3c), 0xab3c, 0xc},
    {(void *)&DAT_004b5b48, sizeof(DAT_004b5b48), 0xab48, 0x4},
    {(void *)&DAT_004b5b4c, sizeof(DAT_004b5b4c), 0xab4c, 0x4},
    {(void *)&DAT_004b5b50, sizeof(DAT_004b5b50), 0xab50, 0x8},
    {(void *)&DAT_004b5b58, sizeof(DAT_004b5b58), 0xab58, 0x2},
    {(void *)&DAT_004b5b5a, sizeof(DAT_004b5b5a), 0xab5a, 0x6},
    {(void *)&DAT_004b5b60, sizeof(DAT_004b5b60), 0xab60, 0x2},
    {(void *)&DAT_004b5b62, sizeof(DAT_004b5b62), 0xab62, 0xba},
    {(void *)&DAT_004b5c1c, sizeof(DAT_004b5c1c), 0xac1c, 0x80},
    {(void *)&DAT_004b5c9c, sizeof(DAT_004b5c9c), 0xac9c, 0x4},
    {(void *)&DAT_004b5ca0, sizeof(DAT_004b5ca0), 0xaca0, 0x4},
    {(void *)&DAT_004b5ca4, sizeof(DAT_004b5ca4), 0xaca4, 0x4},
    {(void *)&DAT_004b5ca8, sizeof(DAT_004b5ca8), 0xaca8, 0x4},
    {(void *)&DAT_004b5cac, sizeof(DAT_004b5cac), 0xacac, 0x4},
    {(void *)&DAT_004b5cb0, sizeof(DAT_004b5cb0), 0xacb0, 0x4},
    {(void *)&DAT_004b5cb4, sizeof(DAT_004b5cb4), 0xacb4, 0x4},
    {(void *)&DAT_004b5cb8, sizeof(DAT_004b5cb8), 0xacb8, 0x4},
    {(void *)&DAT_004b5cbc, sizeof(DAT_004b5cbc), 0xacbc, 0x4},
    {(void *)&DAT_004b5cc0, sizeof(DAT_004b5cc0), 0xacc0, 0x4},
    {(void *)&DAT_004b5cc4, sizeof(DAT_004b5cc4), 0xacc4, 0x4},
    {(void *)&DAT_004b5cc8, sizeof(DAT_004b5cc8), 0xacc8, 0x2c},
    {(void *)&RollerCoasterSavePath, sizeof(RollerCoasterSavePath), 0xacf4, 0x2c},
    {(void *)&DAT_004b5df0, sizeof(DAT_004b5df0), 0xadf0, 0x10},
    {(void *)&DAT_004b5e00, sizeof(DAT_004b5e00), 0xae00, 0x30},
    {(void *)&DAT_004b5e30, sizeof(DAT_004b5e30), 0xae30, 0x30},
    {(void *)&DAT_004b5e60, sizeof(DAT_004b5e60), 0xae60, 0x30},
    {(void *)&DAT_004b5e90, sizeof(DAT_004b5e90), 0xae90, 0x30},
    {(void *)&DAT_004b5ec0, sizeof(DAT_004b5ec0), 0xaec0, 0x20},
    {(void *)&DAT_004b5ee0, sizeof(DAT_004b5ee0), 0xaee0, 0x14},
    {(void *)&DAT_004b5ef4, sizeof(DAT_004b5ef4), 0xaef4, 0x20},
    {(void *)&DAT_004b5f14, sizeof(DAT_004b5f14), 0xaf14, 0x4c},
    {(void *)&DAT_004b5f60, sizeof(DAT_004b5f60), 0xaf60, 0x20},
    {(void *)&DAT_004b5f80, sizeof(DAT_004b5f80), 0xaf80, 0x1d0},
    {(void *)&DAT_004b6150, sizeof(DAT_004b6150), 0xb150, 0x90},
    {(void *)&DAT_004b61e0, sizeof(DAT_004b61e0), 0xb1e0, 0x110},
    {(void *)&DAT_004b62f0, sizeof(DAT_004b62f0), 0xb2f0, 0x10},
    {(void *)&DAT_004b6300, sizeof(DAT_004b6300), 0xb300, 0x98},
    {(void *)&DAT_004b6398, sizeof(DAT_004b6398), 0xb398, 0x30},
    {(void *)&DAT_004b63c8, sizeof(DAT_004b63c8), 0xb3c8, 0x34},
    {(void *)&DAT_004b63fc, sizeof(DAT_004b63fc), 0xb3fc, 0xc},
    {(void *)&DAT_004b6408, sizeof(DAT_004b6408), 0xb408, 0xcc},
    {(void *)&DAT_004b64d4, sizeof(DAT_004b64d4), 0xb4d4, 0x4},
    {(void *)&CAROUSSEL_SFX, sizeof(CAROUSSEL_SFX), 0xb4d8, 0xe8},
    {(void *)&DAT_004b65c0, sizeof(DAT_004b65c0), 0xb5c0, 0x78},
    {(void *)&DAT_004b6638, sizeof(DAT_004b6638), 0xb638, 0x1c},
    {(void *)&ENTRANCE_DEST_RIGHT, sizeof(ENTRANCE_DEST_RIGHT), 0xb654, 0x8},
    {(void *)&ENTRANCE_DEST_LEFT, sizeof(ENTRANCE_DEST_LEFT), 0xb65c, 0xc},
    {(void *)&ENTRANCE_SFX, sizeof(ENTRANCE_SFX), 0xb668, 0x80},
    {(void *)&RESTAURANT_SFX, sizeof(RESTAURANT_SFX), 0xb6e8, 0xc},
    {(void *)&DAT_004b66f4, sizeof(DAT_004b66f4), 0xb6f4, 0x168},
    {(void *)&DAT_004b685c, sizeof(DAT_004b685c), 0xb85c, 0x4},
    {(void *)&DAT_004b6860, sizeof(DAT_004b6860), 0xb860, 0x80},
    {(void *)&DAT_004b68e0, sizeof(DAT_004b68e0), 0xb8e0, 0x88},
    {(void *)&OCTOPUS_SFX, sizeof(OCTOPUS_SFX), 0xb968, 0x28},
    {(void *)&DAT_004b6990, sizeof(DAT_004b6990), 0xb990, 0xa4},
    {(void *)&DAT_004b6a34, sizeof(DAT_004b6a34), 0xba34, 0x10},
    {(void *)&DAT_004b6a44, sizeof(DAT_004b6a44), 0xba44, 0x34},
    {(void *)&DAT_004b6a78, sizeof(DAT_004b6a78), 0xba78, 0xc0},
    {(void *)&DAT_004b6b38, sizeof(DAT_004b6b38), 0xbb38, 0xb0},
    {(void *)&DAT_004b6be8, sizeof(DAT_004b6be8), 0xbbe8, 0x170},
    {(void *)&DAT_004b6d58, sizeof(DAT_004b6d58), 0xbd58, 0x3f0},
    {(void *)&DAT_004b7148, sizeof(DAT_004b7148), 0xc148, 0x40},
    {(void *)&DAT_004b7188, sizeof(DAT_004b7188), 0xc188, 0x40},
    {(void *)&DAT_004b71c8, sizeof(DAT_004b71c8), 0xc1c8, 0x68},
    {(void *)&DAT_004b7230, sizeof(DAT_004b7230), 0xc230, 0x18},
    {(void *)&DAT_004b7248, sizeof(DAT_004b7248), 0xc248, 0x18},
    {(void *)&DAT_004b7260, sizeof(DAT_004b7260), 0xc260, 0x18},
    {(void *)&JungleCruiseStartFootprint, sizeof(JungleCruiseStartFootprint), 0xc278, 0x10},
    {(void *)&DAT_004b7288, sizeof(DAT_004b7288), 0xc288, 0x8},
    {(void *)&DAT_004b7290, sizeof(DAT_004b7290), 0xc290, 0x54},
    {(void *)&DAT_004b72e4, sizeof(DAT_004b72e4), 0xc2e4, 0x194},
    {(void *)&DAT_004b7478, sizeof(DAT_004b7478), 0xc478, 0x1a0},
    {(void *)&SPACE_TOWER_SFX, sizeof(SPACE_TOWER_SFX), 0xc618, 0xa0},
    {(void *)&DAT_004b76b8, sizeof(DAT_004b76b8), 0xc6b8, 0x98},
    {(void *)&DAT_004b7750, sizeof(DAT_004b7750), 0xc750, 0x8},
    {(void *)&DAT_004b7758, sizeof(DAT_004b7758), 0xc758, 0x40},
    {(void *)&DAT_004b7798, sizeof(DAT_004b7798), 0xc798, 0x50},
    {(void *)&DAT_004b77e8, sizeof(DAT_004b77e8), 0xc7e8, 0xcc},
    {(void *)&DAT_004b79d0, sizeof(DAT_004b79d0), 0xc9d0, 0xec},
    {(void *)&DAT_004b7abc, sizeof(DAT_004b7abc), 0xcabc, 0x4},
    {(void *)&BlokeColours, sizeof(BlokeColours), 0xcac0, 0x2b0},
    {(void *)&DAT_004b7d70, sizeof(DAT_004b7d70), 0xcd70, 0x4},
    {(void *)&DAT_004b7d74, sizeof(DAT_004b7d74), 0xcd74, 0x4},
    {(void *)&DAT_004b7d78, sizeof(DAT_004b7d78), 0xcd78, 0x6},
    {(void *)&DAT_004b7d7e, sizeof(DAT_004b7d7e), 0xcd7e, 0x6},
    {(void *)&DAT_004b7d84, sizeof(DAT_004b7d84), 0xcd84, 0xb4},
    {(void *)&DAT_004b7e9c, sizeof(DAT_004b7e9c), 0xce9c, 0x324},
    {(void *)&GraphicsPath, sizeof(GraphicsPath), 0xd1c0, 0x4},
    {(void *)&GraphicsPathPrefix, sizeof(GraphicsPathPrefix), 0xd1c4, 0x4},
    {(void *)&GraphicsSmallPath, sizeof(GraphicsSmallPath), 0xd1c8, 0x4},
    {(void *)&MasksPath, sizeof(MasksPath), 0xd1cc, 0x4},
    {(void *)&MasksSmallPath, sizeof(MasksSmallPath), 0xd1d0, 0x4},
    {(void *)&IconsPath, sizeof(IconsPath), 0xd1d4, 0x4},
    {(void *)&ModelsPath, sizeof(ModelsPath), 0xd1d8, 0x140},
    {(void *)&DAT_004b8318, sizeof(DAT_004b8318), 0xd318, 0x8},
    {(void *)&DAT_004b8320, sizeof(DAT_004b8320), 0xd320, 0x8},
    {(void *)&DAT_004b8328, sizeof(DAT_004b8328), 0xd328, 0xc},
    {(void *)&DAT_004b8334, sizeof(DAT_004b8334), 0xd334, 0x10},
    {(void *)&DAT_004b8344, sizeof(DAT_004b8344), 0xd344, 0x4},
    {(void *)&PTR_DAT_004b8348, sizeof(PTR_DAT_004b8348), 0xd348, 0x20},
    {(void *)&PTR_Bloke_DoNothing_004b8368, sizeof(PTR_Bloke_DoNothing_004b8368), 0xd368, 0x25c},
    {(void *)&DAT_004b85c4, sizeof(DAT_004b85c4), 0xd5c4, 0x14c},
    {(void *)&FountainSFX, sizeof(FountainSFX), 0xd710, 0x40},
    {(void *)&PowerStationSFX, sizeof(PowerStationSFX), 0xd750, 0x18},
    {(void *)&DINO_SFX, sizeof(DINO_SFX), 0xd768, 0x40},
    {(void *)&MONEY_SFX, sizeof(MONEY_SFX), 0xd7a8, 0x2e0},
    {(void *)&DAT_004b8a88, sizeof(DAT_004b8a88), 0xda88, 0x4},
    {(void *)&DAT_004b8a8c, sizeof(DAT_004b8a8c), 0xda8c, 0x4},
    {(void *)&DAT_004b8a90, sizeof(DAT_004b8a90), 0xda90, 0x12c},
    {(void *)&PercentSFormat, sizeof(PercentSFormat), 0xdbbc, 0x53c},
    {(void *)&BrickCount, sizeof(BrickCount), 0xe0f8, 0x4},
    {(void *)&UnlimitedBricks, sizeof(UnlimitedBricks), 0xe0fc, 0x114},
    {(void *)&DAT_004b9210, sizeof(DAT_004b9210), 0xe210, 0x4},
    {(void *)&DAT_004b9214, sizeof(DAT_004b9214), 0xe214, 0x4},
    {(void *)&DAT_004b9218, sizeof(DAT_004b9218), 0xe218, 0x4},
    {(void *)&DAT_004b921c, sizeof(DAT_004b921c), 0xe21c, 0x4},
    {(void *)&BGFullUpdate, sizeof(BGFullUpdate), 0xe220, 0x8},
    {(void *)&GameFX, sizeof(GameFX), 0xe228, 0x118},
    {(void *)&DAT_004b9550, sizeof(DAT_004b9550), 0xe550, 0x8},
    {(void *)&DAT_004b9558, sizeof(DAT_004b9558), 0xe558, 0x24},
    {(void *)&DAT_004b957c, sizeof(DAT_004b957c), 0xe57c, 0x24},
    {(void *)&DAT_004b95a0, sizeof(DAT_004b95a0), 0xe5a0, 0x24},
    {(void *)&DAT_004b95c4, sizeof(DAT_004b95c4), 0xe5c4, 0x8},
    {(void *)&DAT_004b95cc, sizeof(DAT_004b95cc), 0xe5cc, 0x8},
    {(void *)&DAT_004b95d4, sizeof(DAT_004b95d4), 0xe5d4, 0x8},
    {(void *)&DAT_004b95dc, sizeof(DAT_004b95dc), 0xe5dc, 0xc},
    {(void *)&DAT_004b95e8, sizeof(DAT_004b95e8), 0xe5e8, 0x4},
    {(void *)&DAT_004b95ec, sizeof(DAT_004b95ec), 0xe5ec, 0x4},
    {(void *)&PTR_DAT_004b95f0, sizeof(PTR_DAT_004b95f0), 0xe5f0, 0x4},
    {(void *)&DAT_004b95f4, sizeof(DAT_004b95f4), 0xe5f4, 0x4},
    {(void *)&DAT_004b95f8, sizeof(DAT_004b95f8), 0xe5f8, 0x4},
    {(void *)&DAT_004b95fc, sizeof(DAT_004b95fc), 0xe5fc, 0x4},
    {(void *)&DAT_004b9600, sizeof(DAT_004b9600), 0xe600, 0x4},
    {(void *)&DAT_004b9604, sizeof(DAT_004b9604), 0xe604, 0x4},
    {(void *)&DAT_004b9608, sizeof(DAT_004b9608), 0xe608, 0x4},
    {(void *)&DAT_004b960c, sizeof(DAT_004b960c), 0xe60c, 0x4},
    {(void *)&DAT_004b9610, sizeof(DAT_004b9610), 0xe610, 0x694},
    {(void *)&BlitFrameFunc, sizeof(BlitFrameFunc), 0xeca4, 0x4},
    {(void *)&OverrideFrame, sizeof(OverrideFrame), 0xeca8, 0x9c},
    {(void *)&DAT_004b9e5c, sizeof(DAT_004b9e5c), 0xee5c, 0x11c},
    {(void *)&DAT_004b9f78, sizeof(DAT_004b9f78), 0xef78, 0x10},
    {(void *)&DAT_004b9f88, sizeof(DAT_004b9f88), 0xef88, 0x4},
    {(void *)&DAT_004b9f8c, sizeof(DAT_004b9f8c), 0xef8c, 0x8f0},
    {(void *)&PTR_some_list_head_004ba87c, sizeof(PTR_some_list_head_004ba87c), 0xf87c, 0x4},
    {(void *)&PTR_DAT_004ba880, sizeof(PTR_DAT_004ba880), 0xf880, 0x4},
    {(void *)&DAT_004ba884, sizeof(DAT_004ba884), 0xf884, 0x5c},
    {(void *)&DAT_004ba8e0, sizeof(DAT_004ba8e0), 0xf8e0, 0xcc},
    {(void *)&DAT_004ba9ac, sizeof(DAT_004ba9ac), 0xf9ac, 0x3a8},
    {(void *)&mouse_granularity, sizeof(mouse_granularity), 0xfd54, 0x4},
    {(void *)&DAT_004bad58, sizeof(DAT_004bad58), 0xfd58, 0x250},
    {(void *)&DAT_004bafa8, sizeof(DAT_004bafa8), 0xffa8, 0x50},
    {(void *)&DAT_004baff8, sizeof(DAT_004baff8), 0xfff8, 0x4},
    {(void *)&DAT_004baffc, sizeof(DAT_004baffc), 0xfffc, 0x50},
    {(void *)&DAT_004bb04c, sizeof(DAT_004bb04c), 0x1004c, 0x48},
    {(void *)&DAT_004bb094, sizeof(DAT_004bb094), 0x10094, 0x4},
    {(void *)&DAT_004bb098, sizeof(DAT_004bb098), 0x10098, 0x4},
    {(void *)&DAT_004bb09c, sizeof(DAT_004bb09c), 0x1009c, 0x4},
    {(void *)&DAT_004bb0a0, sizeof(DAT_004bb0a0), 0x100a0, 0x4},
    {(void *)&DAT_004bb0a4, sizeof(DAT_004bb0a4), 0x100a4, 0xe8},
    {(void *)&DAT_004bb18c, sizeof(DAT_004bb18c), 0x1018c, 0x350},
    {(void *)&DAT_004bb4dc, sizeof(DAT_004bb4dc), 0x104dc, 0x4},
    {(void *)&DAT_004bb4e0, sizeof(DAT_004bb4e0), 0x104e0, 0xb8},
    {(void *)&DAT_004bb598, sizeof(DAT_004bb598), 0x10598, 0x8},
    {(void *)&DAT_004bb5a0, sizeof(DAT_004bb5a0), 0x105a0, 0x4},
    {(void *)&DAT_004bb5a4, sizeof(DAT_004bb5a4), 0x105a4, 0x8},
    {(void *)&DAT_004bb5ac, sizeof(DAT_004bb5ac), 0x105ac, 0x4},
    {(void *)&ScriptConditionActive, sizeof(ScriptConditionActive), 0x105b0, 0x4},
    {(void *)&DAT_004bb5b4, sizeof(DAT_004bb5b4), 0x105b4, 0x10},
    {(void *)&DAT_004bb5c4, sizeof(DAT_004bb5c4), 0x105c4, 0x14},
    {(void *)&DAT_004bb5d8, sizeof(DAT_004bb5d8), 0x105d8, 0x8},
    {(void *)&DAT_004bb5e0, sizeof(DAT_004bb5e0), 0x105e0, 0x14},
    {(void *)&DAT_004bb5f4, sizeof(DAT_004bb5f4), 0x105f4, 0x30},
    {(void *)&DAT_004bb624, sizeof(DAT_004bb624), 0x10624, 0x64},
    {(void *)&DAT_004bb688, sizeof(DAT_004bb688), 0x10688, 0x34},
    {(void *)&DAT_004bb6bc, sizeof(DAT_004bb6bc), 0x106bc, 0x18},
    {(void *)&DAT_004bb6d4, sizeof(DAT_004bb6d4), 0x106d4, 0x24},
    {(void *)&DAT_004bb6f8, sizeof(DAT_004bb6f8), 0x106f8, 0x9f4},
    {(void *)&LanguageName, sizeof(LanguageName), 0x110ec, 0xab8},
    {(void *)&lpConfig, sizeof(lpConfig), 0x11bf4, 0x2cc},
    {(void *)&DAT_004bcec0, sizeof(DAT_004bcec0), 0x11ec0, 0xc},
    {(void *)&PTR_s_Aaron_004bcecc, sizeof(PTR_s_Aaron_004bcecc), 0x11ecc, 0x14c},
    {(void *)&PTR_s_Abbie_004bd018, sizeof(PTR_s_Abbie_004bd018), 0x12018, 0x168},
    {(void *)&PTR_s_Adams_004bd180, sizeof(PTR_s_Adams_004bd180), 0x12180, 0x1ac},
    {(void *)&DAT_004bd32c, sizeof(DAT_004bd32c), 0x1232c, 0x20},
    {(void *)&PTR_FUN_004bd34c, sizeof(PTR_FUN_004bd34c), 0x1234c, 0x9b4},
    {(void *)&Hover, sizeof(Hover), 0x12d00, 0x1a0},
    {(void *)&SPRITE_ClipRect, sizeof(SPRITE_ClipRect), 0x12ea0, 0x18},
    {(void *)&DAT_004bdeb8, sizeof(DAT_004bdeb8), 0x12eb8, 0xcc8},
    {(void *)&ProgressScreenTables, sizeof(ProgressScreenTables), 0x13b80, 0x1c0},
    {(void *)&DAT_004bed40, sizeof(DAT_004bed40), 0x13d40, 0x25c},
    {(void *)&DAT_004bef9c, sizeof(DAT_004bef9c), 0x13f9c, 0x6d4},
    {(void *)&DAT_004bf670, sizeof(DAT_004bf670), 0x14670, 0x104},
    {(void *)&MusicEnabled, sizeof(MusicEnabled), 0x14774, 0x4},
    {(void *)&MusicState, sizeof(MusicState), 0x14778, 0x7b0},
    {(void *)&DAT_004c10d4, sizeof(DAT_004c10d4), 0x160d4, 0x8},
    {(void *)&CastleLevelRide, sizeof(CastleLevelRide), 0x160dc, 0x8},
    {(void *)&CastleLevelMatteSprite, sizeof(CastleLevelMatteSprite), 0x160e4, 0x4},
    {(void *)&DAT_004c10e8, sizeof(DAT_004c10e8), 0x160e8, 0x8},
    {(void *)&DAT_004c10f0, sizeof(DAT_004c10f0), 0x160f0, 0x4},
    {(void *)&ActiveCatapultRide, sizeof(ActiveCatapultRide), 0x160f4, 0xc},
    {(void *)&DAT_004c1100, sizeof(DAT_004c1100), 0x16100, 0x18},
    {(void *)&CatapultNodeList, sizeof(CatapultNodeList), 0x16118, 0x8},
    {(void *)&CopterBaseMatteSprite, sizeof(CopterBaseMatteSprite), 0x16120, 0x4},
    {(void *)&CopterQueueTables, sizeof(CopterQueueTables), 0x16124, 0x14},
    {(void *)&CopterModelLayers, sizeof(CopterModelLayers), 0x16138, 0x4},
    {(void *)&CopterModelSprites, sizeof(CopterModelSprites), 0x1613c, 0x28},
    {(void *)&DAT_004c1164, sizeof(DAT_004c1164), 0x16164, 0x4},
    {(void *)&DAT_004c1168, sizeof(DAT_004c1168), 0x16168, 0x8},
    {(void *)&DAT_004c1170, sizeof(DAT_004c1170), 0x16170, 0x18},
    {(void *)&DAT_004c1188, sizeof(DAT_004c1188), 0x16188, 0x8},
    {(void *)&DAT_004c1190, sizeof(DAT_004c1190), 0x16190, 0x4},
    {(void *)&DAT_004c1194, sizeof(DAT_004c1194), 0x16194, 0x4},
    {(void *)&ActiveCopterRide, sizeof(ActiveCopterRide), 0x16198, 0x4},
    {(void *)&DAT_004c119c, sizeof(DAT_004c119c), 0x1619c, 0x4},
    {(void *)&DAT_004c11a0, sizeof(DAT_004c11a0), 0x161a0, 0x4},
    {(void *)&DAT_004c11a4, sizeof(DAT_004c11a4), 0x161a4, 0x4},
    {(void *)&DAT_004c11a8, sizeof(DAT_004c11a8), 0x161a8, 0x4},
    {(void *)&DAT_004c11ac, sizeof(DAT_004c11ac), 0x161ac, 0x4},
    {(void *)&DAT_004c11b0, sizeof(DAT_004c11b0), 0x161b0, 0x4},
    {(void *)&CopterNodeList, sizeof(CopterNodeList), 0x161b4, 0x8},
    {(void *)&DrivingSchoolCountList, sizeof(DrivingSchoolCountList), 0x161bc, 0x4},
    {(void *)&DAT_004c11c0, sizeof(DAT_004c11c0), 0x161c0, 0x4},
    {(void *)&DAT_004c11c4, sizeof(DAT_004c11c4), 0x161c4, 0x4},
    {(void *)&DAT_004c11c8, sizeof(DAT_004c11c8), 0x161c8, 0x4},
    {(void *)&FortMaskSprite, sizeof(FortMaskSprite), 0x161cc, 0xc},
    {(void *)&FortLayer, sizeof(FortLayer), 0x161d8, 0x4},
    {(void *)&FortRide, sizeof(FortRide), 0x161dc, 0x4},
    {(void *)&DAT_004c11e0, sizeof(DAT_004c11e0), 0x161e0, 0x4},
    {(void *)&DAT_004c11e4, sizeof(DAT_004c11e4), 0x161e4, 0x4},
    {(void *)&GoldRushLayer, sizeof(GoldRushLayer), 0x161e8, 0x8},
    {(void *)&GoldRushRide, sizeof(GoldRushRide), 0x161f0, 0x4},
    {(void *)&GoldMaskSprite, sizeof(GoldMaskSprite), 0x161f4, 0x4},
    {(void *)&GoldWashMatte1Sprite, sizeof(GoldWashMatte1Sprite), 0x161f8, 0x4},
    {(void *)&GoldWashSprite, sizeof(GoldWashSprite), 0x161fc, 0x4},
    {(void *)&GoldWashMatte2Sprite, sizeof(GoldWashMatte2Sprite), 0x16200, 0x4},
    {(void *)&GoldWashList, sizeof(GoldWashList), 0x16204, 0x4},
    {(void *)&GoldRushBlokeRenderList, sizeof(GoldRushBlokeRenderList), 0x16208, 0x8},
    {(void *)&ZJoustSprite, sizeof(ZJoustSprite), 0x16210, 0x4},
    {(void *)&JoustLayer, sizeof(JoustLayer), 0x16214, 0x4},
    {(void *)&JoustRideBnv, sizeof(JoustRideBnv), 0x16218, 0x4},
    {(void *)&JoustRide, sizeof(JoustRide), 0x1621c, 0xc},
    {(void *)&DAT_004c1228, sizeof(DAT_004c1228), 0x16228, 0x14},
    {(void *)&DAT_004c123c, sizeof(DAT_004c123c), 0x1623c, 0x4},
    {(void *)&DAT_004c1240, sizeof(DAT_004c1240), 0x16240, 0x4},
    {(void *)&JoustFMaskSprite, sizeof(JoustFMaskSprite), 0x16244, 0x4},
    {(void *)&JoustSpecRMSprite, sizeof(JoustSpecRMSprite), 0x16248, 0x4},
    {(void *)&JoustSpecLMSprite, sizeof(JoustSpecLMSprite), 0x1624c, 0x4},
    {(void *)&JoustNodeList, sizeof(JoustNodeList), 0x16250, 0x8},
    {(void *)&LogFlumeTunelMSprite, sizeof(LogFlumeTunelMSprite), 0x16258, 0x8},
    {(void *)&DAT_004c1260, sizeof(DAT_004c1260), 0x16260, 0xda0},
};

unsigned int PortDataOutsideTargets = 0; /* 'G' targets past the end of the port's (smaller) global */

void PortLoadData(void) {
    unsigned int i;

    /* 1. patch the pointer slots in the copy */
    for (i = 0; i < sizeof(port_fixups) / sizeof(port_fixups[0]); i++) {
        const struct PortFixup *f = &port_fixups[i];
        void *p;

        if (f->kind == 'G' && f->offset < f->size) {
            p = (char *)f->target + f->offset;
        } else if (f->kind == 'G') {
            /* the port declares this global smaller than the original's gap: point into the copy instead */
            PortDataOutsideTargets++;
            p = f->data != ~0u ? (void *)(port_data + f->data) : (char *)f->target + f->offset;
        } else if (f->kind == 'F') {
            p = f->target;
        } else {
            p = port_data + f->offset;
        }
        memcpy(port_data + f->slot, &p, sizeof(p));
    }

    /* 2. fill the globals */
    for (i = 0; i < sizeof(port_globals) / sizeof(port_globals[0]); i++) {
        const struct PortGlobal *g = &port_globals[i];
        unsigned int n = g->size < g->gap ? g->size : g->gap;

        memcpy(g->addr, port_data + g->offset, n);
    }
}

/* Checks PortLoadData's work and writes a report to path: every filled global holds its original bytes, and
   every patched pointer inside a filled global points where the table says. Returns the number of problems. */
int PortDataSelfTest(const char *path) {
    FILE *f = fopen(path, "w");
    unsigned int i;
    unsigned int j;
    unsigned int bytes = 0;
    unsigned int pointers = 0;
    int bad = 0;

    if (f == NULL) {
        return -1;
    }
    for (i = 0; i < sizeof(port_globals) / sizeof(port_globals[0]); i++) {
        const struct PortGlobal *g = &port_globals[i];
        unsigned int n = g->size < g->gap ? g->size : g->gap;

        if (memcmp(g->addr, port_data + g->offset, n) != 0) {
            fprintf(f, "global at original 0x%08x: bytes differ\n", PORT_DATA_VA + g->offset);
            bad++;
        }
        bytes += n;
        for (j = 0; j < sizeof(port_fixups) / sizeof(port_fixups[0]); j++) {
            const struct PortFixup *x = &port_fixups[j];
            void *want;
            void *have;

            if (x->slot < g->offset || x->slot + 4 > g->offset + n) {
                continue;
            }
            memcpy(&have, (char *)g->addr + (x->slot - g->offset), sizeof(have));
            if (x->kind == 'F') {
                want = x->target;
            } else if (x->kind == 'I') {
                want = port_data + x->offset;
            } else if (x->offset < x->size) {
                want = (char *)x->target + x->offset;
            } else {
                continue; /* fell back to the copy; checked by value above */
            }
            if (have != want) {
                fprintf(f, "pointer at original 0x%08x: %p, expected %p\n", PORT_DATA_VA + x->slot, have, want);
                bad++;
            }
            pointers++;
        }
    }
    /* globals the port declares smaller than the original's data: the bytes past their end aren't loaded */
    {
        unsigned int truncated = 0;
        unsigned int lost = 0;

        for (i = 0; i < sizeof(port_globals) / sizeof(port_globals[0]); i++) {
            const struct PortGlobal *g = &port_globals[i];
            unsigned int k;
            unsigned int nonzero = 0;

            for (k = g->size; k < g->gap; k++) {
                nonzero += port_data[g->offset + k] != 0;
            }
            if (nonzero) {
                fprintf(f, "undersized: global at original 0x%08x is %u bytes in the port; the original has %u more "
                           "non-zero bytes before the next known global\n",
                        PORT_DATA_VA + g->offset, g->size, nonzero);
                truncated++;
                lost += nonzero;
            }
        }
        fprintf(f, "undersized globals: %u (%u non-zero original bytes not loaded into them)\n", truncated, lost);
    }
    fprintf(f, "globals: %u (%u bytes), pointers inside them checked: %u, fixups: %u, targets past a global's end: %u\n",
            (unsigned int)(sizeof(port_globals) / sizeof(port_globals[0])), bytes, pointers,
            (unsigned int)(sizeof(port_fixups) / sizeof(port_fixups[0])), PortDataOutsideTargets);
    fprintf(f, "%s: %d problem(s)\n", bad ? "FAILED" : "OK", bad);
    fclose(f);
    return bad;
}

const void *PortOriginalData(unsigned int va) {
    if (va < PORT_DATA_VA || va >= PORT_DATA_VA + PORT_DATA_SIZE) {
        return NULL;
    }
    return port_data + (va - PORT_DATA_VA);
}
